writing_expression_id,scenario_id,day,display_order,target_expression_text,accent_locale,expression_audio_url,sentence_audio_url,word_audio_count
4001,44,44,1,I play ~,EN_US,,https://d19azau1un4t7r.cloudfront.net/content/expression-pronunciation-audio/4001/EN_US/sentence/63e9e6259c4b96a930c8c38b8e673126b369d0a59a0d83a79e23c3f71a823074.mp3,5
4001,44,44,1,I play ~,EN_GB,,https://d19azau1un4t7r.cloudfront.net/content/expression-pronunciation-audio/4001/EN_GB/sentence/bb7f043bbbb70b6798accc7d23a75fe96b6a2f8667b137c7650af8aba9f286a2.mp3,5
4001,44,44,1,I play ~,EN_AU,,https://d19azau1un4t7r.cloudfront.net/content/expression-pronunciation-audio/4001/EN_AU/sentence/d31ae4715f2e2a6410cf87921543c435f50a5af43590dfb60dd35510291d76dd.mp3,5
4002,44,44,2,Do I need ~?,EN_US,,https://d19azau1un4t7r.cloudfront.net/content/expression-pronunciation-audio/4002/EN_US/sentence/ec2f7612dbd7ec502a313f2587065b40b72601597e5c40962525af4ae6e5707e.mp3,5
4002,44,44,2,Do I need ~?,EN_GB,,https://d19azau1un4t7r.cloudfront.net/content/expression-pronunciation-audio/4002/EN_GB/sentence/078a831adb6dcc422b0461fa733d18835f88dbee1a5a4576e0e9d9a808149736.mp3,5
4002,44,44,2,Do I need ~?,EN_AU,,https://d19azau1un4t7r.cloudfront.net/content/expression-pronunciation-audio/4002/EN_AU/sentence/503ccb218bdd366c14cff74957a76415510d3a45e07b6d7f1c318e53fc960368.mp3,5
4003,44,44,3,That sounds fun,EN_US,https://d19azau1un4t7r.cloudfront.net/content/expression-pronunciation-audio/4003/EN_US/expression/8200fff31396f97a10591b8f3588501e0d7dad269d1dd2ad8c00d9bb470959c4.mp3,https://d19azau1un4t7r.cloudfront.net/content/expression-pronunciation-audio/4003/EN_US/sentence/ff280fc6a0871ba03fd0336511e0af307d222ce2f2325d38d34163b7bb956d3f.mp3,7
4003,44,44,3,That sounds fun,EN_GB,https://d19azau1un4t7r.cloudfront.net/content/expression-pronunciation-audio/4003/EN_GB/expression/ef71fd6919511eaa1def67a0939bf5742b975a31103bed484ec139aa9b91c607.mp3,https://d19azau1un4t7r.cloudfront.net/content/expression-pronunciation-audio/4003/EN_GB/sentence/bb51b7e60b06834f8b409b9122e434333409716b15d63f69bd30756b5d08dec7.mp3,7
4003,44,44,3,That sounds fun,EN_AU,https://d19azau1un4t7r.cloudfront.net/content/expression-pronunciation-audio/4003/EN_AU/expression/7d64b5daf7608edaa259b156b4a0bc7c25b93551f9c3fa1fd5dcc8113eaed14c.mp3,https://d19azau1un4t7r.cloudfront.net/content/expression-pronunciation-audio/4003/EN_AU/sentence/f2879a45f2696946df079fb9b364317b67694660e5a283ce31ca14814a159de9.mp3,7
4004,44,44,4,I'll be there,EN_US,https://d19azau1un4t7r.cloudfront.net/content/expression-pronunciation-audio/4004/EN_US/expression/3e17a8a175ba616b1cc59e515aa117f2adc3a72ba77df231642ef91d99dbb059.mp3,https://d19azau1un4t7r.cloudfront.net/content/expression-pronunciation-audio/4004/EN_US/sentence/9eaa32ef78c5ef08d1ef4bb14e709704a4bc274e9876db0cb2f66cbfcf2fa0c6.mp3,5
4004,44,44,4,I'll be there,EN_GB,https://d19azau1un4t7r.cloudfront.net/content/expression-pronunciation-audio/4004/EN_GB/expression/afc5cbb67ce4d9ea35205f38b17681ab4fae01d05822289eea1c84899b304f83.mp3,https://d19azau1un4t7r.cloudfront.net/content/expression-pronunciation-audio/4004/EN_GB/sentence/64cc26440833bfea2d1a916d1d3e7eb90966f24a3eb2adebdfeba6b7f13e7515.mp3,5
4004,44,44,4,I'll be there,EN_AU,https://d19azau1un4t7r.cloudfront.net/content/expression-pronunciation-audio/4004/EN_AU/expression/c16440c7ead23599e703fe4f0c2e6391c00f68ff73d7eede93336491ca4a38f6.mp3,https://d19azau1un4t7r.cloudfront.net/content/expression-pronunciation-audio/4004/EN_AU/sentence/c2037cdfbe5fc051ce3e14111ce847d7b037ecfbb337034bff9b9dc1ec6aebb6.mp3,5
4005,44,44,5,I'm looking for ~,EN_US,,https://d19azau1un4t7r.cloudfront.net/content/expression-pronunciation-audio/4005/EN_US/sentence/40afe53cef948918ff92174e6898d71520d34bbcae8266f0b581f342e82c550a.mp3,9
4005,44,44,5,I'm looking for ~,EN_GB,,https://d19azau1un4t7r.cloudfront.net/content/expression-pronunciation-audio/4005/EN_GB/sentence/ca145888dde46272fea30d391ef2e0ed859598a34030e9458c0a858ac889b5eb.mp3,9
4005,44,44,5,I'm looking for ~,EN_AU,,https://d19azau1un4t7r.cloudfront.net/content/expression-pronunciation-audio/4005/EN_AU/sentence/ed66bc745ac0289c417cdb07548e77ea67503cea8e2cac24e755336304a86703.mp3,9
4006,44,44,6,I'm a total beginner,EN_US,https://d19azau1un4t7r.cloudfront.net/content/expression-pronunciation-audio/4006/EN_US/expression/2fb8f7119d8b5822a0ab48aca6c5f10d4e0e2682c10adb40f4cf5664f465cd31.mp3,https://d19azau1un4t7r.cloudfront.net/content/expression-pronunciation-audio/4006/EN_US/sentence/fefb377be4857befd72eca7f1153fd0e53bf8236cf7e3d177c1adcd7af0e7cfb.mp3,10
4006,44,44,6,I'm a total beginner,EN_GB,https://d19azau1un4t7r.cloudfront.net/content/expression-pronunciation-audio/4006/EN_GB/expression/468fc7349c8d90d00fd12d657d0b0ed637968341223cc33e68951d6eaa771bf2.mp3,https://d19azau1un4t7r.cloudfront.net/content/expression-pronunciation-audio/4006/EN_GB/sentence/0d1b73d3062b6d3edb28ee97559523e27357b08a3640368f3527f56f0de3202f.mp3,10
4006,44,44,6,I'm a total beginner,EN_AU,https://d19azau1un4t7r.cloudfront.net/content/expression-pronunciation-audio/4006/EN_AU/expression/a491a0cc478cf96a54ee48d1b20a7527caed7b8a7147e6cd8c9266d5b8ac053c.mp3,https://d19azau1un4t7r.cloudfront.net/content/expression-pronunciation-audio/4006/EN_AU/sentence/9240a3849e5f7daded8a3e76b399cf7d46e8431d29e99cdce6fcfca2e7f0cf32.mp3,10
4007,44,44,7,What should I bring?,EN_US,https://d19azau1un4t7r.cloudfront.net/content/expression-pronunciation-audio/4007/EN_US/expression/0a185228b81a61387b942b086206f147ab0ded3aa899877fabc60ddd12f8737b.mp3,https://d19azau1un4t7r.cloudfront.net/content/expression-pronunciation-audio/4007/EN_US/sentence/e7958254ecb6e31b566bbfe97c29f867d33b04fc00ea7623884f93d6133da932.mp3,8
4007,44,44,7,What should I bring?,EN_GB,https://d19azau1un4t7r.cloudfront.net/content/expression-pronunciation-audio/4007/EN_GB/expression/cb082889137fcd627839c833f1f4b1f5d8a8632de897867f88bb02c789222c60.mp3,https://d19azau1un4t7r.cloudfront.net/content/expression-pronunciation-audio/4007/EN_GB/sentence/bc1daeb79320500a57720697a18290739f23d12ed40582138dd31930ec3e3bbb.mp3,8
4007,44,44,7,What should I bring?,EN_AU,https://d19azau1un4t7r.cloudfront.net/content/expression-pronunciation-audio/4007/EN_AU/expression/b85ee7e4e4292529cd19f4f18910360db7cd339440340aafc3b7bbe7a49a3706.mp3,https://d19azau1un4t7r.cloudfront.net/content/expression-pronunciation-audio/4007/EN_AU/sentence/2ae8262ef9e020b23274b922778eda8ac263bd4cb76e92c34df4b2c60f797d5b.mp3,8
4008,44,44,8,give it a try,EN_US,https://d19azau1un4t7r.cloudfront.net/content/expression-pronunciation-audio/4008/EN_US/expression/f59adb586649279d6c689be4954ed8409018bdc1fca00986e76eaf61e5627f1d.mp3,https://d19azau1un4t7r.cloudfront.net/content/expression-pronunciation-audio/4008/EN_US/sentence/8c6c3331580d70fdc09753072da1a8146e2be955739d351d58cdf6dd972c1d64.mp3,11
4008,44,44,8,give it a try,EN_GB,https://d19azau1un4t7r.cloudfront.net/content/expression-pronunciation-audio/4008/EN_GB/expression/45898dba9e76db27b4bd764fdaa7ecf14d3b26db845ee96efc0c07bc83f7e6de.mp3,https://d19azau1un4t7r.cloudfront.net/content/expression-pronunciation-audio/4008/EN_GB/sentence/96a21d68fb08d1dc022da4f0e1b6ca43043601664f53b8c76ad2241326a77216.mp3,11
4008,44,44,8,give it a try,EN_AU,https://d19azau1un4t7r.cloudfront.net/content/expression-pronunciation-audio/4008/EN_AU/expression/8d385c73e5ea45ff3cd5f45d0271cd0729e2c4b8c6e1ec30115f33f342631964.mp3,https://d19azau1un4t7r.cloudfront.net/content/expression-pronunciation-audio/4008/EN_AU/sentence/ae40fc9fb39d5c716f49f200d9b44779c71ab98dce43e043e8c1848ec1e4ea5c.mp3,11
4009,44,44,9,What do you say?,EN_US,https://d19azau1un4t7r.cloudfront.net/content/expression-pronunciation-audio/4009/EN_US/expression/9a86347ded1a4af91d465a632337115cd2af31caefdd486de2e89ed6c35d28c6.mp3,https://d19azau1un4t7r.cloudfront.net/content/expression-pronunciation-audio/4009/EN_US/sentence/c8e3c513881934a8c7cdf866a8f5de7d4119e0f979b854704b3d74fabe2d4c2a.mp3,10
4009,44,44,9,What do you say?,EN_GB,https://d19azau1un4t7r.cloudfront.net/content/expression-pronunciation-audio/4009/EN_GB/expression/161a97f78bb24d6d730ae4947af84343e73ef096e896bf5a97406e499246e92d.mp3,https://d19azau1un4t7r.cloudfront.net/content/expression-pronunciation-audio/4009/EN_GB/sentence/4e9118d1c3c5e2fce658e1890c6505fa69c7e650db9611265e8912d7bbb12c11.mp3,10
4009,44,44,9,What do you say?,EN_AU,https://d19azau1un4t7r.cloudfront.net/content/expression-pronunciation-audio/4009/EN_AU/expression/b1a7ffe772d2971c9f0db05c9d68c26e1b44739009e7252581cd804a1d3bd9fd.mp3,https://d19azau1un4t7r.cloudfront.net/content/expression-pronunciation-audio/4009/EN_AU/sentence/d89676633545791ab5e698ae9333f8b92e17f4ca51165b4f67b388472a8a7ec8.mp3,10
4010,44,44,10,be part of,EN_US,https://d19azau1un4t7r.cloudfront.net/content/expression-pronunciation-audio/4010/EN_US/expression/b0d7ee97da0c5f2f4964254d91cb1200efa553ca0440bc38c32861898d829414.mp3,https://d19azau1un4t7r.cloudfront.net/content/expression-pronunciation-audio/4010/EN_US/sentence/ba6975d149a5e6cb1c314c4628d34dac5c2f49b70755356607e8494cd08b5d20.mp3,10
4010,44,44,10,be part of,EN_GB,https://d19azau1un4t7r.cloudfront.net/content/expression-pronunciation-audio/4010/EN_GB/expression/5e299ec5edcd837a7969e199506b1e79e185b490ce1009d93c475de396f60e51.mp3,https://d19azau1un4t7r.cloudfront.net/content/expression-pronunciation-audio/4010/EN_GB/sentence/b70962a21909a8851b1ef3e4e240447c897370092f281407add65217b50e282a.mp3,10
4010,44,44,10,be part of,EN_AU,https://d19azau1un4t7r.cloudfront.net/content/expression-pronunciation-audio/4010/EN_AU/expression/24411cf9a246162bca46ffea27f81cbd5b201b4df696043e58e1c3b9611781a7.mp3,https://d19azau1un4t7r.cloudfront.net/content/expression-pronunciation-audio/4010/EN_AU/sentence/2bd0d70c207267b21ba615d10cb73258cc6f4499f6a2497528319116f8cee6cb.mp3,10
4011,44,44,11,wouldn't miss it,EN_US,https://d19azau1un4t7r.cloudfront.net/content/expression-pronunciation-audio/4011/EN_US/expression/5a2ef827b9f272761f70353e9c7a9eb82c238ef07ca3bdfc7df223f9cf061e45.mp3,https://d19azau1un4t7r.cloudfront.net/content/expression-pronunciation-audio/4011/EN_US/sentence/5c5a5ef7b6ad5664ef0d6af87d8a3310231a9cfdf29ed33d3cdfda43495ae984.mp3,8
4011,44,44,11,wouldn't miss it,EN_GB,https://d19azau1un4t7r.cloudfront.net/content/expression-pronunciation-audio/4011/EN_GB/expression/68ddf79fe5c4528d3a555a659ade8c72f2e1d11c413564fc3604377f7fd24561.mp3,https://d19azau1un4t7r.cloudfront.net/content/expression-pronunciation-audio/4011/EN_GB/sentence/f9c053bc3ffa3014bfe550f9197a12b7c566c521cdf67519d25383ebb2a12e5e.mp3,8
4011,44,44,11,wouldn't miss it,EN_AU,https://d19azau1un4t7r.cloudfront.net/content/expression-pronunciation-audio/4011/EN_AU/expression/594e47698abac3973215a912955d294325b23f525015242c7656cc252380597a.mp3,https://d19azau1un4t7r.cloudfront.net/content/expression-pronunciation-audio/4011/EN_AU/sentence/e12f25b1b6929864b86ab77200f24fc6e5dbde141efc497c6930775e11fbb055.mp3,8
4012,41,41,1,You will like ~,EN_US,,https://d19azau1un4t7r.cloudfront.net/content/expression-pronunciation-audio/4012/EN_US/sentence/520624e571bc922efc9aefc9a751584c9b4e8b87242323c175b0ab3842b832a5.mp3,4
4012,41,41,1,You will like ~,EN_GB,,https://d19azau1un4t7r.cloudfront.net/content/expression-pronunciation-audio/4012/EN_GB/sentence/0414ec9042a938e38c285506a748fd57fbec3580299ad0e4106585661a350525.mp3,4
4012,41,41,1,You will like ~,EN_AU,,https://d19azau1un4t7r.cloudfront.net/content/expression-pronunciation-audio/4012/EN_AU/sentence/1843d7abc125224666405f00af7b44fe030f516076d28cfa70809b97e96e7667.mp3,4
4013,41,41,2,Let's try ~,EN_US,,https://d19azau1un4t7r.cloudfront.net/content/expression-pronunciation-audio/4013/EN_US/sentence/6357fd46f99c408c9f89ec7fe53d9ee70204bbdff628394007d624d1fb5ae65d.mp3,5
4013,41,41,2,Let's try ~,EN_GB,,https://d19azau1un4t7r.cloudfront.net/content/expression-pronunciation-audio/4013/EN_GB/sentence/cfb1c50bb507e1e35a6f8de24fb9a630b0b44e3ab07b66d0cabae754b123b140.mp3,5
4013,41,41,2,Let's try ~,EN_AU,,https://d19azau1un4t7r.cloudfront.net/content/expression-pronunciation-audio/4013/EN_AU/sentence/2e8f98b2167e0e6a29802eacf61b0214f1d9869413d97665c3f120f64e071585.mp3,5
4014,41,41,3,a little spicy,EN_US,https://d19azau1un4t7r.cloudfront.net/content/expression-pronunciation-audio/4014/EN_US/expression/1d925838406876352c319f5722d3db1f900c7fba0101d1fa90bcdfd1e069b5b6.mp3,https://d19azau1un4t7r.cloudfront.net/content/expression-pronunciation-audio/4014/EN_US/sentence/6091ec9741c335589ad6b0a559d76cb7847e0f11d6a9ece6d680c559043a95e5.mp3,6
4014,41,41,3,a little spicy,EN_GB,https://d19azau1un4t7r.cloudfront.net/content/expression-pronunciation-audio/4014/EN_GB/expression/10a0c084ac7aa873968beeba47cb3a7d441d69ad3a26f8848aebc5638a6f77df.mp3,https://d19azau1un4t7r.cloudfront.net/content/expression-pronunciation-audio/4014/EN_GB/sentence/a995dbce25ae9588247d8f169ccae6dd026abe58f5242aabdaa80cae1f1aa06d.mp3,6
4014,41,41,3,a little spicy,EN_AU,https://d19azau1un4t7r.cloudfront.net/content/expression-pronunciation-audio/4014/EN_AU/expression/0e2ad7cd2516140262757b7a2f7a83bbd4341e0ab8f5ba0737513751297db7d2.mp3,https://d19azau1un4t7r.cloudfront.net/content/expression-pronunciation-audio/4014/EN_AU/sentence/b93fefdb333cb1409ea938b74d95e3a86f2149478dc5d2cf1e25c837e368c54a.mp3,6
4015,41,41,4,mix ~ together,EN_US,,https://d19azau1un4t7r.cloudfront.net/content/expression-pronunciation-audio/4015/EN_US/sentence/e259bdc3f1f527edc1e255c3cff6715e348a3ec0db71f1035fdadf4f693622ed.mp3,6
4015,41,41,4,mix ~ together,EN_GB,,https://d19azau1un4t7r.cloudfront.net/content/expression-pronunciation-audio/4015/EN_GB/sentence/c2db6429026133d99d5e648da7bf663be63ec999209a3cceb787e99fddf0cc33.mp3,6
4015,41,41,4,mix ~ together,EN_AU,,https://d19azau1un4t7r.cloudfront.net/content/expression-pronunciation-audio/4015/EN_AU/sentence/9b9c722ac74832afc6d2e62fc9825a719e4dd4b47fafb0e5b6c3945156ab30cf.mp3,6
4016,41,41,5,be known for ~,EN_US,,https://d19azau1un4t7r.cloudfront.net/content/expression-pronunciation-audio/4016/EN_US/sentence/d995616de077aefedac87300f3e220a2ac076e1c70b67d3dd56e6c0f8f1dfcfb.mp3,12
4016,41,41,5,be known for ~,EN_GB,,https://d19azau1un4t7r.cloudfront.net/content/expression-pronunciation-audio/4016/EN_GB/sentence/e161fcc00a6f69540a67ba8cd25ab70527dce3f9103e0a5cea4eec654f1c90aa.mp3,12
4016,41,41,5,be known for ~,EN_AU,,https://d19azau1un4t7r.cloudfront.net/content/expression-pronunciation-audio/4016/EN_AU/sentence/8fcb127cc650857bc43200b61b024b18e0be735d3778755c0fa6cc52c6733c9d.mp3,12
4017,41,41,6,less spicy than ~,EN_US,,https://d19azau1un4t7r.cloudfront.net/content/expression-pronunciation-audio/4017/EN_US/sentence/06a70476ba31444fe374bd30626ea635355da9fb867cea8b7d665edf579bb156.mp3,9
4017,41,41,6,less spicy than ~,EN_GB,,https://d19azau1un4t7r.cloudfront.net/content/expression-pronunciation-audio/4017/EN_GB/sentence/9b66f4ba82b71a9613321f20f613b720fe39968e627097e5120ba4dda2a98665.mp3,9
4017,41,41,6,less spicy than ~,EN_AU,,https://d19azau1un4t7r.cloudfront.net/content/expression-pronunciation-audio/4017/EN_AU/sentence/bb29334c9b32da47009eb76164552509b0803c588f943e5497ecd9c441b69bc1.mp3,9
4018,41,41,7,a little at a time,EN_US,https://d19azau1un4t7r.cloudfront.net/content/expression-pronunciation-audio/4018/EN_US/expression/8c4d4114743e88adeff027718109270702b32335be4e7eb7faab286ab72aacb8.mp3,https://d19azau1un4t7r.cloudfront.net/content/expression-pronunciation-audio/4018/EN_US/sentence/8ac1df068c417a3c0bba3e8d0a5ab171e2191c800c46d1bd36d66a1c2362091b.mp3,11
4018,41,41,7,a little at a time,EN_GB,https://d19azau1un4t7r.cloudfront.net/content/expression-pronunciation-audio/4018/EN_GB/expression/5c64a125cdb22088fd8b95fdc06fcfd61fe5d2cc08c39a0d6675909a3e922c84.mp3,https://d19azau1un4t7r.cloudfront.net/content/expression-pronunciation-audio/4018/EN_GB/sentence/08b17a7a7caae12682dee3133fb525a4ebf9c7629c040be6725c654a8de36d0b.mp3,11
4018,41,41,7,a little at a time,EN_AU,https://d19azau1un4t7r.cloudfront.net/content/expression-pronunciation-audio/4018/EN_AU/expression/d97b547c7079623db8454be631bb47b2c63414fd529e14ad26615e6afc4cbcee.mp3,https://d19azau1un4t7r.cloudfront.net/content/expression-pronunciation-audio/4018/EN_AU/sentence/01f8c9c208cf1514b7c015e38fa70c9776a53c7929c86864756a7add2d5f0221.mp3,11
4019,41,41,8,wrap ~ in ~,EN_US,,https://d19azau1un4t7r.cloudfront.net/content/expression-pronunciation-audio/4019/EN_US/sentence/048a1a12f80cd7f21a6581e399354cfad393b29e6ba4be73dbea75ca70e56b12.mp3,11
4019,41,41,8,wrap ~ in ~,EN_GB,,https://d19azau1un4t7r.cloudfront.net/content/expression-pronunciation-audio/4019/EN_GB/sentence/6241a8760d9b1ab16994dbb5d67e1273d0ed7f104223595008fd81178f68ff0c.mp3,11
4019,41,41,8,wrap ~ in ~,EN_AU,,https://d19azau1un4t7r.cloudfront.net/content/expression-pronunciation-audio/4019/EN_AU/sentence/c10e8b4df8839267512f075fd1632d6c9167faa2c0d4febe0dc96e6bab4239d7.mp3,11
4020,41,41,9,a crowd-pleaser,EN_US,https://d19azau1un4t7r.cloudfront.net/content/expression-pronunciation-audio/4020/EN_US/expression/eb4b5018235ae30ad94dda42647e8033eb72843e6cd99f9dc5ab937adf5f41fe.mp3,https://d19azau1un4t7r.cloudfront.net/content/expression-pronunciation-audio/4020/EN_US/sentence/1bb5d466ad77deb50a07806be019030e2692eadf57645e3793d9e456cb9eedf1.mp3,9
4020,41,41,9,a crowd-pleaser,EN_GB,https://d19azau1un4t7r.cloudfront.net/content/expression-pronunciation-audio/4020/EN_GB/expression/a59711f5caec161a88d2ed9bba08c5d0804ea9942adec16c82384ecc692e0b46.mp3,https://d19azau1un4t7r.cloudfront.net/content/expression-pronunciation-audio/4020/EN_GB/sentence/0a91ec20326da1bd248de45a7c540df92c18ef99ef677638af9611ba756d0f7d.mp3,9
4020,41,41,9,a crowd-pleaser,EN_AU,https://d19azau1un4t7r.cloudfront.net/content/expression-pronunciation-audio/4020/EN_AU/expression/581f618ffa63279cc388af04b24cd624fc3079e13da014ab2630f1b9c78d6f1f.mp3,https://d19azau1un4t7r.cloudfront.net/content/expression-pronunciation-audio/4020/EN_AU/sentence/2d52c29c9d374d89dac3508d5596813c4101e8c544bf01b4b585e95fb0ad4123.mp3,9
4021,41,41,10,dig in,EN_US,https://d19azau1un4t7r.cloudfront.net/content/expression-pronunciation-audio/4021/EN_US/expression/d18c288e28cf44b4c8968df0bf300c2a4d6f19349650adf498c040875fc6155c.mp3,https://d19azau1un4t7r.cloudfront.net/content/expression-pronunciation-audio/4021/EN_US/sentence/762bd97d256affde86cc81555b69a1631abdc3297768a1d712603f5e8ca538f8.mp3,5
4021,41,41,10,dig in,EN_GB,https://d19azau1un4t7r.cloudfront.net/content/expression-pronunciation-audio/4021/EN_GB/expression/3ece31db51b1cdd0e0d65fab4fd8aaac051b04646d8f4e3ab393ab11e2930b49.mp3,https://d19azau1un4t7r.cloudfront.net/content/expression-pronunciation-audio/4021/EN_GB/sentence/8ac1c89ef1fcece3cd9dd39e86813a76c3c7d50e484889106e4708c4511332df.mp3,5
4021,41,41,10,dig in,EN_AU,https://d19azau1un4t7r.cloudfront.net/content/expression-pronunciation-audio/4021/EN_AU/expression/85ec1746fb3a3a34db2cde309ce7a93662a4f0690fc73e82a999fc233e9cf990.mp3,https://d19azau1un4t7r.cloudfront.net/content/expression-pronunciation-audio/4021/EN_AU/sentence/fe74d06526cd7630decc3bab56f7e91fce6b0efc00b00d741cbb326fd392f506.mp3,5
4022,41,41,11,wash ~ down,EN_US,,https://d19azau1un4t7r.cloudfront.net/content/expression-pronunciation-audio/4022/EN_US/sentence/8f418129c975f2c50cb7db6812bf09ca2def8a53fa3ebda61c3bbb0ea5431333.mp3,7
4022,41,41,11,wash ~ down,EN_GB,,https://d19azau1un4t7r.cloudfront.net/content/expression-pronunciation-audio/4022/EN_GB/sentence/aa35143a05ac19153b9effca679feaac3eb0f5ea051a0adbb1db28611941e156.mp3,7
4022,41,41,11,wash ~ down,EN_AU,,https://d19azau1un4t7r.cloudfront.net/content/expression-pronunciation-audio/4022/EN_AU/sentence/45125a289c813f2178a8e51f11b1569d790d4fa8e57688e9f4fd4f16c665fdb5.mp3,7
4023,47,47,1,I like that idea,EN_US,https://d19azau1un4t7r.cloudfront.net/content/expression-pronunciation-audio/4023/EN_US/expression/0e8b545f6d29617e3772a27cb0489748df715385475649ae2a98a584b8422979.mp3,https://d19azau1un4t7r.cloudfront.net/content/expression-pronunciation-audio/4023/EN_US/sentence/7ac4aa37cce4748aa20d90246bd6723cd787b6cd502162c29d845473a5e2a837.mp3,7
4023,47,47,1,I like that idea,EN_GB,https://d19azau1un4t7r.cloudfront.net/content/expression-pronunciation-audio/4023/EN_GB/expression/b9b88dd9cd379406b41c27d322d60a9a767555565936b697315f4d9efa340c88.mp3,https://d19azau1un4t7r.cloudfront.net/content/expression-pronunciation-audio/4023/EN_GB/sentence/add686f62b534874eb8712ee3bb5ca5def9beaef54aeda6e07ec0dd3198cc82a.mp3,7
4023,47,47,1,I like that idea,EN_AU,https://d19azau1un4t7r.cloudfront.net/content/expression-pronunciation-audio/4023/EN_AU/expression/0ef274156d4cbe6b02a1b0e6e7b03e6950ecd2254b519d9fa4f1fb777e59d17d.mp3,https://d19azau1un4t7r.cloudfront.net/content/expression-pronunciation-audio/4023/EN_AU/sentence/0ffc4908c7f370d9ef02ec69cb9953fe6879cc5ecaa26b0ed98a3f682d2b6713.mp3,7
4024,47,47,2,a surprise for him,EN_US,https://d19azau1un4t7r.cloudfront.net/content/expression-pronunciation-audio/4024/EN_US/expression/5f46d4fd9ccbf8b6bf4b111a53c0e100cc2cd8e7b91baa2aacea8ce8cffde643.mp3,https://d19azau1un4t7r.cloudfront.net/content/expression-pronunciation-audio/4024/EN_US/sentence/bbc5c144f76dfb6f738da85514dac8ecb3daeb1e706ab3898a978bae440fd74e.mp3,7
4024,47,47,2,a surprise for him,EN_GB,https://d19azau1un4t7r.cloudfront.net/content/expression-pronunciation-audio/4024/EN_GB/expression/dfe2ca679941d1e0e022f08a599bba9eacf8ceacba436b57257e5af125d0349f.mp3,https://d19azau1un4t7r.cloudfront.net/content/expression-pronunciation-audio/4024/EN_GB/sentence/3dffb9d64b9b68d147bbaf751354aba7c89bfdce432f379e592fa1016bd5d0a3.mp3,7
4024,47,47,2,a surprise for him,EN_AU,https://d19azau1un4t7r.cloudfront.net/content/expression-pronunciation-audio/4024/EN_AU/expression/ccecd5a43899ce8674ae6a518b4e6537fc08c70c7796ae590dee946fce8f19be.mp3,https://d19azau1un4t7r.cloudfront.net/content/expression-pronunciation-audio/4024/EN_AU/sentence/c6eaa0cb16016b16354efbed314c9782de31f4a48fd061001f094b1ee1eb46d0.mp3,7
4025,47,47,3,I can buy ~,EN_US,,https://d19azau1un4t7r.cloudfront.net/content/expression-pronunciation-audio/4025/EN_US/sentence/916cc58d7b071b792a52f02ba59e3970b2fcc81d85f514ff2bb787e6b12e1353.mp3,5
4025,47,47,3,I can buy ~,EN_GB,,https://d19azau1un4t7r.cloudfront.net/content/expression-pronunciation-audio/4025/EN_GB/sentence/8cc6124fcf51f55f731b3f680a53be3788d8d32a9332fc6193795dd371849102.mp3,5
4025,47,47,3,I can buy ~,EN_AU,,https://d19azau1un4t7r.cloudfront.net/content/expression-pronunciation-audio/4025/EN_AU/sentence/088c9a7e2027553d654cd27cfb22d12c8a402708d254141acdcd3b826a4de16b.mp3,5
4026,47,47,4,It's a secret,EN_US,https://d19azau1un4t7r.cloudfront.net/content/expression-pronunciation-audio/4026/EN_US/expression/1aae73a2863f8df0611c23f7e943a1ad6adeed2715a6e43cf0a408c5ded77a06.mp3,https://d19azau1un4t7r.cloudfront.net/content/expression-pronunciation-audio/4026/EN_US/sentence/b2d4627c30b9821e21fe91f01f449bbc602e5cc44389c761860d2930fb5b368b.mp3,7
4026,47,47,4,It's a secret,EN_GB,https://d19azau1un4t7r.cloudfront.net/content/expression-pronunciation-audio/4026/EN_GB/expression/bc3d962069a4c93657a8abd3dff57f91ab52a746e607ad1930bef2996ec3c2c8.mp3,https://d19azau1un4t7r.cloudfront.net/content/expression-pronunciation-audio/4026/EN_GB/sentence/2848e0c1cb27803aef7ecf2e72ade10ba8ad44535cee676a1c8f9513288f65dd.mp3,7
4026,47,47,4,It's a secret,EN_AU,https://d19azau1un4t7r.cloudfront.net/content/expression-pronunciation-audio/4026/EN_AU/expression/1a1d1e2cae28e0733a300a2405ee4c3e480de42dd15441a46cb758d70aedc48d.mp3,https://d19azau1un4t7r.cloudfront.net/content/expression-pronunciation-audio/4026/EN_AU/sentence/66068ee400e53fc8fd92957c069d29e1563cecf27c014eca3c61014982b39d1b.mp3,7
4027,47,47,5,That sounds like fun,EN_US,https://d19azau1un4t7r.cloudfront.net/content/expression-pronunciation-audio/4027/EN_US/expression/e8f766fdf6929179eaea775aa5c21ecc3a6fb174999034879935cbdac0a96373.mp3,https://d19azau1un4t7r.cloudfront.net/content/expression-pronunciation-audio/4027/EN_US/sentence/94c34fcc27881744a7c27106ed03517869bea30c3fd426056090a527f0a0f18e.mp3,9
4027,47,47,5,That sounds like fun,EN_GB,https://d19azau1un4t7r.cloudfront.net/content/expression-pronunciation-audio/4027/EN_GB/expression/fa0dd10326c175e8357a597d7708290d9407d69a129f8d280894d45ade8c5573.mp3,https://d19azau1un4t7r.cloudfront.net/content/expression-pronunciation-audio/4027/EN_GB/sentence/daa8f9ee23f073bc3d106d4f8b415e0ff6d8223fc93dea3e02df69aa4004c84d.mp3,9
4027,47,47,5,That sounds like fun,EN_AU,https://d19azau1un4t7r.cloudfront.net/content/expression-pronunciation-audio/4027/EN_AU/expression/1999944d18000bc3e93089f98066ba522914373df4eb75b4644f86731121831c.mp3,https://d19azau1un4t7r.cloudfront.net/content/expression-pronunciation-audio/4027/EN_AU/sentence/f043030e9380a16fd267206a55fad5537fe7fb42b61e90c7e8a8f10955efeeb7.mp3,9
4028,47,47,6,I'll handle ~,EN_US,,https://d19azau1un4t7r.cloudfront.net/content/expression-pronunciation-audio/4028/EN_US/sentence/25241e4741ae429367af0287a52cf5c0558c395ee2d2b380e77917bb02f95f87.mp3,11
4028,47,47,6,I'll handle ~,EN_GB,,https://d19azau1un4t7r.cloudfront.net/content/expression-pronunciation-audio/4028/EN_GB/sentence/fecfc3cd3d9b8a268d8c17cde0ca4dbacf267a69fe0157a816be7fe55c26d27c.mp3,11
4028,47,47,6,I'll handle ~,EN_AU,,https://d19azau1un4t7r.cloudfront.net/content/expression-pronunciation-audio/4028/EN_AU/sentence/c76e1774e27a1c3d98abe7a10916e01fb5592e35715ea150ba830d09d4204fbc.mp3,11
4029,47,47,7,make an excuse,EN_US,https://d19azau1un4t7r.cloudfront.net/content/expression-pronunciation-audio/4029/EN_US/expression/26930fe1e70befb18854bc02e883447b813f56322eb396368396a23788e8ee73.mp3,https://d19azau1un4t7r.cloudfront.net/content/expression-pronunciation-audio/4029/EN_US/sentence/46e683cf6a967f1dd92eeb50dd186e89434e45f4ce10da79c48fddd861116a0b.mp3,12
4029,47,47,7,make an excuse,EN_GB,https://d19azau1un4t7r.cloudfront.net/content/expression-pronunciation-audio/4029/EN_GB/expression/40c4ec0d0de494e7c34636ca3fbf49fe955287481972fbddd58bdc5a5b493d96.mp3,https://d19azau1un4t7r.cloudfront.net/content/expression-pronunciation-audio/4029/EN_GB/sentence/757d2bf911dae4ec88bc99936509fd49b351329ccba1ea3cc076b200b9be8de3.mp3,12
4029,47,47,7,make an excuse,EN_AU,https://d19azau1un4t7r.cloudfront.net/content/expression-pronunciation-audio/4029/EN_AU/expression/d5c6093a9ae220a526db435923decfed2bfa1e6412eaf9a2dc61ada5e36024ff.mp3,https://d19azau1un4t7r.cloudfront.net/content/expression-pronunciation-audio/4029/EN_AU/sentence/7c796f452778969b2a97343d46e539cebf07a0a5281f7a73e465ab78ba89c9ee.mp3,12
4030,47,47,8,pretend to ~,EN_US,,https://d19azau1un4t7r.cloudfront.net/content/expression-pronunciation-audio/4030/EN_US/sentence/331d3f92c3e11130f03a766c02703e47626e3d47479edb58d30f5e7e78579313.mp3,9
4030,47,47,8,pretend to ~,EN_GB,,https://d19azau1un4t7r.cloudfront.net/content/expression-pronunciation-audio/4030/EN_GB/sentence/25c2236f907d57d09235f34ceef4a7af0a4c265a49ed1be65a489d4ff44b7b13.mp3,9
4030,47,47,8,pretend to ~,EN_AU,,https://d19azau1un4t7r.cloudfront.net/content/expression-pronunciation-audio/4030/EN_AU/sentence/9dfe25b4fcc73e4543c68ee8cb426fb211f763b2c38fc05b7df558700e112667.mp3,9
4031,47,47,9,act natural,EN_US,https://d19azau1un4t7r.cloudfront.net/content/expression-pronunciation-audio/4031/EN_US/expression/c4218a20985ae9bcb7c5c7fb8f46cfc7a9482c9c9f0b8daa612362c948e701ff.mp3,https://d19azau1un4t7r.cloudfront.net/content/expression-pronunciation-audio/4031/EN_US/sentence/b6f43d2b36efa0ba3bcf802b4d9ffb0dce90ef51418f528d238c52f97c4cb560.mp3,10
4031,47,47,9,act natural,EN_GB,https://d19azau1un4t7r.cloudfront.net/content/expression-pronunciation-audio/4031/EN_GB/expression/a365ddd4e46a590a50e02ab2527d3f149df1e31ddab3beac969a5fa9296774f7.mp3,https://d19azau1un4t7r.cloudfront.net/content/expression-pronunciation-audio/4031/EN_GB/sentence/1b9a913a749e3383315cd3d319a4c6955b49100c446270041788c435915d76ac.mp3,10
4031,47,47,9,act natural,EN_AU,https://d19azau1un4t7r.cloudfront.net/content/expression-pronunciation-audio/4031/EN_AU/expression/ce0df6f35ea367bfbf3a23439260a6471f2143fa3ecf5dea5049d185ee5d70a5.mp3,https://d19azau1un4t7r.cloudfront.net/content/expression-pronunciation-audio/4031/EN_AU/sentence/1073fedc6e92dff229d26f9e259ca9960f77d316eaccb5b9dfa2a9d5b8c87d4a.mp3,10
4032,47,47,10,spill the beans,EN_US,https://d19azau1un4t7r.cloudfront.net/content/expression-pronunciation-audio/4032/EN_US/expression/96c2bf6e1eacd7b7f55f88c572ca9e45bd145c9a50ba6c933eff0b06813245b2.mp3,https://d19azau1un4t7r.cloudfront.net/content/expression-pronunciation-audio/4032/EN_US/sentence/3dfc6b43347e490356b38e58b54bd38c5e21eb3fd029bf379696ea8bae937dcb.mp3,8
4032,47,47,10,spill the beans,EN_GB,https://d19azau1un4t7r.cloudfront.net/content/expression-pronunciation-audio/4032/EN_GB/expression/33de40f5e5c16cdc4ae3be8fe1f1eea15aad4bdedfcb0062b6b76b6b0bc9ec2c.mp3,https://d19azau1un4t7r.cloudfront.net/content/expression-pronunciation-audio/4032/EN_GB/sentence/17f58f7ba0651e7ac5be97da4b73d56c47f275fdef16a859ca6d2465524c1d32.mp3,8
4032,47,47,10,spill the beans,EN_AU,https://d19azau1un4t7r.cloudfront.net/content/expression-pronunciation-audio/4032/EN_AU/expression/7161a8176c07e043e20f4fb46172c12d6900b49602a486d5ead0bd4745fd1aad.mp3,https://d19azau1un4t7r.cloudfront.net/content/expression-pronunciation-audio/4032/EN_AU/sentence/a8e8f641df96dd745bb9769e66e5622f63a8ebeb415ad751aeca08fa0acd9eef.mp3,8
4033,47,47,11,I've got ~ covered,EN_US,,https://d19azau1un4t7r.cloudfront.net/content/expression-pronunciation-audio/4033/EN_US/sentence/48ec9761720b4f1d2c9862ce3c7fa837fe1ee6f30530d706a7c5b5dcc60188e0.mp3,10
4033,47,47,11,I've got ~ covered,EN_GB,,https://d19azau1un4t7r.cloudfront.net/content/expression-pronunciation-audio/4033/EN_GB/sentence/8c46299e6dd75fe3b8317f8bbb83e2f733e4f80df7c674e163ca3952e19ee8da.mp3,10
4033,47,47,11,I've got ~ covered,EN_AU,,https://d19azau1un4t7r.cloudfront.net/content/expression-pronunciation-audio/4033/EN_AU/sentence/08678a00de7c2441ae8a691a29defd2438d5100bed8069d4381098061bdeddff.mp3,10
4034,50,50,1,That's sad,EN_US,https://d19azau1un4t7r.cloudfront.net/content/expression-pronunciation-audio/4034/EN_US/expression/76cb6e842da66bfc4d27366f8ef444e6d6c457ff0fffb46d0135d1e22d175a07.mp3,https://d19azau1un4t7r.cloudfront.net/content/expression-pronunciation-audio/4034/EN_US/sentence/2e42b168c160195f4025dafbf429b946d7d10e6f0b07d4abb8c4412824fea00d.mp3,6
4034,50,50,1,That's sad,EN_GB,https://d19azau1un4t7r.cloudfront.net/content/expression-pronunciation-audio/4034/EN_GB/expression/3f58baeb1745f44e1b98c17e53fc80f2ff0533e68da6f5ea056c5452d1971e02.mp3,https://d19azau1un4t7r.cloudfront.net/content/expression-pronunciation-audio/4034/EN_GB/sentence/ffec0e491a9de43b959c25a672c536cfe3f96413ff96c5f3efe7cbc980cc0869.mp3,6
4034,50,50,1,That's sad,EN_AU,https://d19azau1un4t7r.cloudfront.net/content/expression-pronunciation-audio/4034/EN_AU/expression/e2b78e6cab019ba0ff35319bdc583d7e1dcbd2a73341be09616c4cef3fa4da07.mp3,https://d19azau1un4t7r.cloudfront.net/content/expression-pronunciation-audio/4034/EN_AU/sentence/9c17e7612e702436913e287856d2b4d3a0a7e19a0cbf354f7ed0c03952cdb0c5.mp3,6
4035,50,50,2,"I did, too",EN_US,https://d19azau1un4t7r.cloudfront.net/content/expression-pronunciation-audio/4035/EN_US/expression/ac2670c7dca81f9d5fcaba0d91bd189758a9ada1ef985faf877d84705b10e096.mp3,https://d19azau1un4t7r.cloudfront.net/content/expression-pronunciation-audio/4035/EN_US/sentence/03751bfa9cbdc472a2cb290e33adba2a0d81dabc7777e3ce5dc3bc56e3025bc1.mp3,7
4035,50,50,2,"I did, too",EN_GB,https://d19azau1un4t7r.cloudfront.net/content/expression-pronunciation-audio/4035/EN_GB/expression/6f311ad1e889d9b315bb73b48e336140f4ee070c92ee430c9e0a3dc1616f732a.mp3,https://d19azau1un4t7r.cloudfront.net/content/expression-pronunciation-audio/4035/EN_GB/sentence/1e59d72d21394f1ad93ccba351ceba76c7f553831fd2a023401ebf2f07b513c8.mp3,7
4035,50,50,2,"I did, too",EN_AU,https://d19azau1un4t7r.cloudfront.net/content/expression-pronunciation-audio/4035/EN_AU/expression/f300905f93be01929d33a022f6bcdd863ada9db82a3dc53aab7542d141fca617.mp3,https://d19azau1un4t7r.cloudfront.net/content/expression-pronunciation-audio/4035/EN_AU/sentence/debd57d3993f98c961741adbb8999c81e436b5d55dee3e158d5886abf95b0d67.mp3,7
4036,50,50,3,It helped me,EN_US,https://d19azau1un4t7r.cloudfront.net/content/expression-pronunciation-audio/4036/EN_US/expression/6527c54f02d9a256ce8c1b63b43123e43818fdcde6d1649525865752876ba2ea.mp3,https://d19azau1un4t7r.cloudfront.net/content/expression-pronunciation-audio/4036/EN_US/sentence/2388ae9970817e1243bfa9e6a337c0830240d866c3ffd355104f43689e4b42b9.mp3,8
4036,50,50,3,It helped me,EN_GB,https://d19azau1un4t7r.cloudfront.net/content/expression-pronunciation-audio/4036/EN_GB/expression/89288d0c3f67d11769db0c941e9ece9e8fd9442c8a3733f26217da9c2a51a51b.mp3,https://d19azau1un4t7r.cloudfront.net/content/expression-pronunciation-audio/4036/EN_GB/sentence/a745fee39efafe2b553f07f2708b2b2181bb429b0aef9225f21b98079bd1e4bf.mp3,8
4036,50,50,3,It helped me,EN_AU,https://d19azau1un4t7r.cloudfront.net/content/expression-pronunciation-audio/4036/EN_AU/expression/f42ebd45404c0eec6881ff51d9aefbe521b3c6a344e9512797a5bd1657c4e1fe.mp3,https://d19azau1un4t7r.cloudfront.net/content/expression-pronunciation-audio/4036/EN_AU/sentence/2e2567d0b84528e26c2902c4004f3e5ba0b4bbd2ca04a9c978665ee157543e8d.mp3,8
4037,50,50,4,Let's go to ~,EN_US,,https://d19azau1un4t7r.cloudfront.net/content/expression-pronunciation-audio/4037/EN_US/sentence/849911e1657f531d03f3bbde0d2a7123ffad66fc79de16d644059b66773efe6e.mp3,6
4037,50,50,4,Let's go to ~,EN_GB,,https://d19azau1un4t7r.cloudfront.net/content/expression-pronunciation-audio/4037/EN_GB/sentence/3cda40d04db8879e190f0f0d8cba9944b542fdbeaafb0efa2e1bcb3489aaef74.mp3,6
4037,50,50,4,Let's go to ~,EN_AU,,https://d19azau1un4t7r.cloudfront.net/content/expression-pronunciation-audio/4037/EN_AU/sentence/a460ee88cd6d02eecf0c06f66ed8518e4a136657b8aa79e0cdb1e8a594e7a54d.mp3,6
4038,50,50,5,It'll be okay,EN_US,https://d19azau1un4t7r.cloudfront.net/content/expression-pronunciation-audio/4038/EN_US/expression/4e2b1351b2701adee58b6323e19560e64c17c025b997151e5a4c3e7aa6bf3d21.mp3,https://d19azau1un4t7r.cloudfront.net/content/expression-pronunciation-audio/4038/EN_US/sentence/009b16fe2ed66d04732b51dbb59789be649b6c6b7927b780999c52de8f251d17.mp3,8
4038,50,50,5,It'll be okay,EN_GB,https://d19azau1un4t7r.cloudfront.net/content/expression-pronunciation-audio/4038/EN_GB/expression/50065fb1144b451b6eda08f6e74d658f579904eb8d1ee906825f0cc7e9cc413e.mp3,https://d19azau1un4t7r.cloudfront.net/content/expression-pronunciation-audio/4038/EN_GB/sentence/a15ad7d4f9a6f6d34bbcaeb1f87bc7bc4e2dbe847e3261faf9edd66bcec5006f.mp3,8
4038,50,50,5,It'll be okay,EN_AU,https://d19azau1un4t7r.cloudfront.net/content/expression-pronunciation-audio/4038/EN_AU/expression/b67c0c01a80d04fd2a71c9233ff3c5d9d7c5f5bb999ec6bfdf572db56b061063.mp3,https://d19azau1un4t7r.cloudfront.net/content/expression-pronunciation-audio/4038/EN_AU/sentence/d68cbc14ac9e2cfe6a8cc53b4851ae3beb43731c9d6d278969da16bea9a18c85.mp3,8
4039,50,50,6,You did your best,EN_US,https://d19azau1un4t7r.cloudfront.net/content/expression-pronunciation-audio/4039/EN_US/expression/840a3e6be4817cf3744940a8111f62b43c11456d3ef27ededd845f2dd9c25023.mp3,https://d19azau1un4t7r.cloudfront.net/content/expression-pronunciation-audio/4039/EN_US/sentence/b7d3d0971686ccb7bdfec82edfbb2c0e32c204ae8715abcefaa783e219cc602c.mp3,8
4039,50,50,6,You did your best,EN_GB,https://d19azau1un4t7r.cloudfront.net/content/expression-pronunciation-audio/4039/EN_GB/expression/617995a1f2d01a85d75ad2f0b4eced84c97090bbc81c00f47e19b6d3817ff071.mp3,https://d19azau1un4t7r.cloudfront.net/content/expression-pronunciation-audio/4039/EN_GB/sentence/a49b2802772882e0a65cd5b3cd4df34eb0c7a95b8e8849e7ccae1b3711a5d31d.mp3,8
4039,50,50,6,You did your best,EN_AU,https://d19azau1un4t7r.cloudfront.net/content/expression-pronunciation-audio/4039/EN_AU/expression/7da66218dadb2c9226e4ae0e94d35eaf10eb78a88effc97de0852addf8852e07.mp3,https://d19azau1un4t7r.cloudfront.net/content/expression-pronunciation-audio/4039/EN_AU/sentence/1bb19b1c31d482af6910eb54819e668ebd7650d6f7a364eec71f80034e597eb3.mp3,8
4040,50,50,7,The same thing happened to me,EN_US,https://d19azau1un4t7r.cloudfront.net/content/expression-pronunciation-audio/4040/EN_US/expression/b66d6a7745eedebcd98b4d8c72c31d2dab69fdf515c7aff733ea793532ec4e68.mp3,https://d19azau1un4t7r.cloudfront.net/content/expression-pronunciation-audio/4040/EN_US/sentence/0f609daffcd6589a18566e103aa5d5cf217e8824043937623573cb823a897b84.mp3,12
4040,50,50,7,The same thing happened to me,EN_GB,https://d19azau1un4t7r.cloudfront.net/content/expression-pronunciation-audio/4040/EN_GB/expression/bf75c0145ea059ea9fd1868affc02cf5be985a6f9c0db6fdbe2f4c851695a41d.mp3,https://d19azau1un4t7r.cloudfront.net/content/expression-pronunciation-audio/4040/EN_GB/sentence/b1ea25eb202eec8d1943fb70da4b3185ac118600b56dd68bd8906b01cc981a8a.mp3,12
4040,50,50,7,The same thing happened to me,EN_AU,https://d19azau1un4t7r.cloudfront.net/content/expression-pronunciation-audio/4040/EN_AU/expression/f61b28bbcaf4b87041368a169ae71d55e6c55637a19668eb8c35a2400ced68ea.mp3,https://d19azau1un4t7r.cloudfront.net/content/expression-pronunciation-audio/4040/EN_AU/sentence/52bf2644bd786036d79f3c70296fb06a07d6987113c6135940cb093ce45209f2.mp3,12
4041,50,50,8,Let's do something fun,EN_US,https://d19azau1un4t7r.cloudfront.net/content/expression-pronunciation-audio/4041/EN_US/expression/96c6324d10d042ee045c2c3a700efa4675492c2c6f0ad2b340ed9fa0647a796a.mp3,https://d19azau1un4t7r.cloudfront.net/content/expression-pronunciation-audio/4041/EN_US/sentence/fd5cce10a09c773f54d1e47964480e6ca294a458aacf336d989fd3cd071ff9a6.mp3,10
4041,50,50,8,Let's do something fun,EN_GB,https://d19azau1un4t7r.cloudfront.net/content/expression-pronunciation-audio/4041/EN_GB/expression/7b3daa0706ee0cb3ab48ba2fadf0efc1b35628b805dc92790ba1227a795c6ec9.mp3,https://d19azau1un4t7r.cloudfront.net/content/expression-pronunciation-audio/4041/EN_GB/sentence/4a31dbdb0d6eb86f77a18e771ecf3bd1598a686c9043edbe55d8118efc0ff312.mp3,10
4041,50,50,8,Let's do something fun,EN_AU,https://d19azau1un4t7r.cloudfront.net/content/expression-pronunciation-audio/4041/EN_AU/expression/2750a5cce6649a1bb16288e36c1a935e83570a9fb6500d13741a573bb1ea84ff.mp3,https://d19azau1un4t7r.cloudfront.net/content/expression-pronunciation-audio/4041/EN_AU/sentence/55cad0b50a098b7ff4443162d4a2331e55915053206e1e495f4447cfce33a69c.mp3,10
4042,50,50,9,brush it off,EN_US,https://d19azau1un4t7r.cloudfront.net/content/expression-pronunciation-audio/4042/EN_US/expression/4744d72ff4c1c155f2321613803dad52f43775ac9c5a21bfff959c0559aeeb94.mp3,https://d19azau1un4t7r.cloudfront.net/content/expression-pronunciation-audio/4042/EN_US/sentence/5a3c590814c1dbef607594641e2e30baec6b0d181cff72ea35c0d30087101d1b.mp3,12
4042,50,50,9,brush it off,EN_GB,https://d19azau1un4t7r.cloudfront.net/content/expression-pronunciation-audio/4042/EN_GB/expression/785c505ba06c424e91009497ba4da1003b3d68a26f5011a5a8de7e706b587fa8.mp3,https://d19azau1un4t7r.cloudfront.net/content/expression-pronunciation-audio/4042/EN_GB/sentence/e58b18a39f5a6a58106296ece9fd09a57c049045682d4196586b2dc7670181be.mp3,12
4042,50,50,9,brush it off,EN_AU,https://d19azau1un4t7r.cloudfront.net/content/expression-pronunciation-audio/4042/EN_AU/expression/56f1ba673169e74746f12cf5298a5b6e2087c1fedde241461fa2f2bfa8d0f7ed.mp3,https://d19azau1un4t7r.cloudfront.net/content/expression-pronunciation-audio/4042/EN_AU/sentence/733cd8cfd9c9ac62504349f1abce77107f9403185b0c005b309b7691f41ca7ba.mp3,12
4043,50,50,10,beat yourself up,EN_US,https://d19azau1un4t7r.cloudfront.net/content/expression-pronunciation-audio/4043/EN_US/expression/1e1b489b973cc191dfe79f5c8799630bdf292604a61ae7c64f7b081e8daffb79.mp3,https://d19azau1un4t7r.cloudfront.net/content/expression-pronunciation-audio/4043/EN_US/sentence/c89411a68110e235989fab7608c06ba1e9adfb0a2caff07612ea6152b30ad88f.mp3,7
4043,50,50,10,beat yourself up,EN_GB,https://d19azau1un4t7r.cloudfront.net/content/expression-pronunciation-audio/4043/EN_GB/expression/170d1328aace5e29a080688688c93a24df1259f9b6f2ed943ecac7058c7b3421.mp3,https://d19azau1un4t7r.cloudfront.net/content/expression-pronunciation-audio/4043/EN_GB/sentence/6d4ee8b31926f4544c20298ae305709151f02d45c145f0cdecaef8208f4f3dce.mp3,7
4043,50,50,10,beat yourself up,EN_AU,https://d19azau1un4t7r.cloudfront.net/content/expression-pronunciation-audio/4043/EN_AU/expression/8ca6695b913623346c8ca94b8d02805f198a1b2ff120891b905505680672f1ed.mp3,https://d19azau1un4t7r.cloudfront.net/content/expression-pronunciation-audio/4043/EN_AU/sentence/5b56aaf2215d8de98a277471d8d3ac58220c380532b369defe39875a797a1a71.mp3,7
4044,50,50,11,unwind,EN_US,https://d19azau1un4t7r.cloudfront.net/content/expression-pronunciation-audio/4044/EN_US/expression/e5458e44842215afa5f5162b1d33ae3859aa38e4e94ac9dfc313e97c38771d58.mp3,https://d19azau1un4t7r.cloudfront.net/content/expression-pronunciation-audio/4044/EN_US/sentence/ccf41714eaa2efdba0c4c96145b6ae73b265650e3e0c3d74ec48edc1cd3b4469.mp3,11
4044,50,50,11,unwind,EN_GB,https://d19azau1un4t7r.cloudfront.net/content/expression-pronunciation-audio/4044/EN_GB/expression/b4100a79a9b6934b9f5716413b3bedbc184bd4d1dd5234df4eee80bcb6dcff03.mp3,https://d19azau1un4t7r.cloudfront.net/content/expression-pronunciation-audio/4044/EN_GB/sentence/3f2205a3a7c059d595c6e3b701df850834f82c2be84e1069104aad068796d2b1.mp3,11
4044,50,50,11,unwind,EN_AU,https://d19azau1un4t7r.cloudfront.net/content/expression-pronunciation-audio/4044/EN_AU/expression/f157704f1e385b63cb94512e6c8acd498b36f6e6d30695d68cb22d128b9b9d18.mp3,https://d19azau1un4t7r.cloudfront.net/content/expression-pronunciation-audio/4044/EN_AU/sentence/807efe44b601d76aee0eb51261fff77a8753432ef9ebc51572df5b95a6205d4f.mp3,11
4045,54,54,1,my dream place,EN_US,https://d19azau1un4t7r.cloudfront.net/content/expression-pronunciation-audio/4045/EN_US/expression/1444b9fabc95cf699f6d3c669a12ef26f75ef2d38e0fb4562a5c93c7965a864c.mp3,https://d19azau1un4t7r.cloudfront.net/content/expression-pronunciation-audio/4045/EN_US/sentence/7a0a7433fcfa73c982742021d8fbdaf59a02edaa6754cc04b91906f813876cfe.mp3,5
4045,54,54,1,my dream place,EN_GB,https://d19azau1un4t7r.cloudfront.net/content/expression-pronunciation-audio/4045/EN_GB/expression/2120dfb4f2b4ceadc16e55eb9d4f2275d21e246636b76a75fdfddbd3f677cb01.mp3,https://d19azau1un4t7r.cloudfront.net/content/expression-pronunciation-audio/4045/EN_GB/sentence/84410ef031a1e2d62ef4147dee02e2ab31f1764c0ee3f40457ebe35744f8f499.mp3,5
4045,54,54,1,my dream place,EN_AU,https://d19azau1un4t7r.cloudfront.net/content/expression-pronunciation-audio/4045/EN_AU/expression/98213d613f121592677188fd9600bd462eb90449e3e09a2bc13547b60a2aea43.mp3,https://d19azau1un4t7r.cloudfront.net/content/expression-pronunciation-audio/4045/EN_AU/sentence/e78c164012ec7879d42d26b22fa26ec3375ca348aaac1a98b08072fe1862014f.mp3,5
4046,54,54,2,I have ~ dollars,EN_US,,https://d19azau1un4t7r.cloudfront.net/content/expression-pronunciation-audio/4046/EN_US/sentence/b349f9ad39e5ddf0575850a3d457012c9525b0ba9e4c848fb95a3c32361e4fcc.mp3,8
4046,54,54,2,I have ~ dollars,EN_GB,,https://d19azau1un4t7r.cloudfront.net/content/expression-pronunciation-audio/4046/EN_GB/sentence/bf46bf8a5126dfe77fa43957852ffafe8f1cc6a4e571bd253b6ca016794ff84b.mp3,8
4046,54,54,2,I have ~ dollars,EN_AU,,https://d19azau1un4t7r.cloudfront.net/content/expression-pronunciation-audio/4046/EN_AU/sentence/3702690edf921c47c6f24e8b995e86c33800b96b6dc6ecf711a04dae5da8a7b2.mp3,8
4047,54,54,3,for three days,EN_US,https://d19azau1un4t7r.cloudfront.net/content/expression-pronunciation-audio/4047/EN_US/expression/248c7c7f6191a521a197efcf2b6ce9457ab7bdbc1c34fe73a9ebc946a39b31bd.mp3,https://d19azau1un4t7r.cloudfront.net/content/expression-pronunciation-audio/4047/EN_US/sentence/54d3c294d19c4874ebf403b9521592ce6ed9b14851c6cf976198f712ae1fcd44.mp3,5
4047,54,54,3,for three days,EN_GB,https://d19azau1un4t7r.cloudfront.net/content/expression-pronunciation-audio/4047/EN_GB/expression/561a08df05248d2f16cea0ac9de87b9239b1023e1a498eb3d1d241a1df557c89.mp3,https://d19azau1un4t7r.cloudfront.net/content/expression-pronunciation-audio/4047/EN_GB/sentence/bba4fa7e312265455b595daef1e0684bd491823cc8e5469788dc2a76675e168d.mp3,5
4047,54,54,3,for three days,EN_AU,https://d19azau1un4t7r.cloudfront.net/content/expression-pronunciation-audio/4047/EN_AU/expression/b984538cfaab24ba96cdb0b395cdd8790b7ea1ef96ffe626a05276f522c116c8.mp3,https://d19azau1un4t7r.cloudfront.net/content/expression-pronunciation-audio/4047/EN_AU/sentence/86fbb71b712d893afaa6b6de45138b614b52f1d3e162a3390fb1e2522a8f41d4.mp3,5
4048,54,54,4,a cheap hotel,EN_US,https://d19azau1un4t7r.cloudfront.net/content/expression-pronunciation-audio/4048/EN_US/expression/7558dfeaec459b4d58161fffd5e43b7d033c8240ae0fbffcc0391c04fcbbf3c5.mp3,https://d19azau1un4t7r.cloudfront.net/content/expression-pronunciation-audio/4048/EN_US/sentence/110f8e557d083533ee2f9d92605b59e5ce8a812f10d7aa79204677955e5bb237.mp3,8
4048,54,54,4,a cheap hotel,EN_GB,https://d19azau1un4t7r.cloudfront.net/content/expression-pronunciation-audio/4048/EN_GB/expression/a30423f0911ced648d1e4e4463f010a19ec952c5424ec311e1196140cdd80a13.mp3,https://d19azau1un4t7r.cloudfront.net/content/expression-pronunciation-audio/4048/EN_GB/sentence/4d2dce59558d16ee1fc70ed3f3d760ae47cf643f43d9fd5983d7347e26f1699c.mp3,8
4048,54,54,4,a cheap hotel,EN_AU,https://d19azau1un4t7r.cloudfront.net/content/expression-pronunciation-audio/4048/EN_AU/expression/7173857506984385d675ac972a676813c30d16d3011751077bef9a44497b1b9d.mp3,https://d19azau1un4t7r.cloudfront.net/content/expression-pronunciation-audio/4048/EN_AU/sentence/2cae01f4258721b14c5a7ea12d5123612abb446ab8a738087d6df46b8c693bbb.mp3,8
4049,54,54,5,a place I've never been,EN_US,https://d19azau1un4t7r.cloudfront.net/content/expression-pronunciation-audio/4049/EN_US/expression/56a1610f0f095f4ac1e1f85ec41afab05c3d44983c28f6c863f17aac9058d28f.mp3,https://d19azau1un4t7r.cloudfront.net/content/expression-pronunciation-audio/4049/EN_US/sentence/ad81c6ce97284ec8d71568ffda8d621a84ae5ba740d5d2b8686e9477945a6fd1.mp3,11
4049,54,54,5,a place I've never been,EN_GB,https://d19azau1un4t7r.cloudfront.net/content/expression-pronunciation-audio/4049/EN_GB/expression/dc96743f31583890d80cd9d9f47c05e45ba744b3cdea6fe1273548585a3e0b19.mp3,https://d19azau1un4t7r.cloudfront.net/content/expression-pronunciation-audio/4049/EN_GB/sentence/5b37b89f7a7cda1c59b88b808193eac2861e5609b72b28cbdffb800a4342f1be.mp3,11
4049,54,54,5,a place I've never been,EN_AU,https://d19azau1un4t7r.cloudfront.net/content/expression-pronunciation-audio/4049/EN_AU/expression/1d66e0d14470898ff6738c89a577db5e9b7b142c5f5fe58e91932c3be00f208f.mp3,https://d19azau1un4t7r.cloudfront.net/content/expression-pronunciation-audio/4049/EN_AU/sentence/d98134d874f17fdd575bbebc1f31cc53545c7fe6da1cc78b330c3773a717c6cc.mp3,11
4050,54,54,6,spend about ~,EN_US,,https://d19azau1un4t7r.cloudfront.net/content/expression-pronunciation-audio/4050/EN_US/sentence/dc4ec03df42e1bb0d9be42bdd18459eeec0627a9000af797cdeddc4a569b7a57.mp3,10
4050,54,54,6,spend about ~,EN_GB,,https://d19azau1un4t7r.cloudfront.net/content/expression-pronunciation-audio/4050/EN_GB/sentence/6cd44a91b30e677232176005c4273ce2600475d31e9c32b4ad2daec24cbfb3b5.mp3,10
4050,54,54,6,spend about ~,EN_AU,,https://d19azau1un4t7r.cloudfront.net/content/expression-pronunciation-audio/4050/EN_AU/sentence/01c7cfdaaaeb10e0eb2823cab32c7ea1b618bd3b77c7846226f4a701cf3752aa.mp3,10
4051,54,54,7,keep it cheap,EN_US,https://d19azau1un4t7r.cloudfront.net/content/expression-pronunciation-audio/4051/EN_US/expression/be00ce8d245afa60190f30b5e467dfd3ea9daea457ea747575465c1263aaccf6.mp3,https://d19azau1un4t7r.cloudfront.net/content/expression-pronunciation-audio/4051/EN_US/sentence/612cb65b42234387620032d2bb6bbdd3bc6d59e3ee4c8a52efd549cd120e7f09.mp3,10
4051,54,54,7,keep it cheap,EN_GB,https://d19azau1un4t7r.cloudfront.net/content/expression-pronunciation-audio/4051/EN_GB/expression/65e40f232e4c7e4d929dbd3c8fc68761742f01bb4d198dc1d36d4beec4d80db2.mp3,https://d19azau1un4t7r.cloudfront.net/content/expression-pronunciation-audio/4051/EN_GB/sentence/4661fed332a63aac0dccd00ed7a480e7d993a7d9440a5f065c622a2a212f9b18.mp3,10
4051,54,54,7,keep it cheap,EN_AU,https://d19azau1un4t7r.cloudfront.net/content/expression-pronunciation-audio/4051/EN_AU/expression/ee604b0434722d18ba37446642ab3e1d073197bc47e562540233a5572492b3b3.mp3,https://d19azau1un4t7r.cloudfront.net/content/expression-pronunciation-audio/4051/EN_AU/sentence/fe82b957eedbed409a2c943ee29320eccb596fd34ee1d74eeb79234d3276a7ba.mp3,10
4052,54,54,8,book a room,EN_US,https://d19azau1un4t7r.cloudfront.net/content/expression-pronunciation-audio/4052/EN_US/expression/62343fbdfe703ca6559d8482a8726e471613e31b6449735f1d1152aec3f86f38.mp3,https://d19azau1un4t7r.cloudfront.net/content/expression-pronunciation-audio/4052/EN_US/sentence/56ad6bf6ea722564f7593625961799bfa61c6f2e48059601f804597f80fa3446.mp3,11
4052,54,54,8,book a room,EN_GB,https://d19azau1un4t7r.cloudfront.net/content/expression-pronunciation-audio/4052/EN_GB/expression/8ab75bd825ae981452d1a945ac937ee419bca91ccf651ed54c546301207e454d.mp3,https://d19azau1un4t7r.cloudfront.net/content/expression-pronunciation-audio/4052/EN_GB/sentence/8f5eac901cf8461ee3d50f9afbf2101f03f55bf95e286cf1b722e1604938060b.mp3,11
4052,54,54,8,book a room,EN_AU,https://d19azau1un4t7r.cloudfront.net/content/expression-pronunciation-audio/4052/EN_AU/expression/338129c51685375cb480cbaab764ff9f49be312f8ad90e8405d3759bea0d6a26.mp3,https://d19azau1un4t7r.cloudfront.net/content/expression-pronunciation-audio/4052/EN_AU/sentence/a42be53c2e2531c5c3a6f706ca33f4e505020125d8fcdc50d6e4746bf72e4e67.mp3,11
4053,54,54,9,split the cost,EN_US,https://d19azau1un4t7r.cloudfront.net/content/expression-pronunciation-audio/4053/EN_US/expression/84861ab62f360e6c89baee7eb4e61850b6e892fbe3ec17c097707c1f90dfdb66.mp3,https://d19azau1un4t7r.cloudfront.net/content/expression-pronunciation-audio/4053/EN_US/sentence/b20842e80c03b309ffebca0b9d18c1cccc8b1970161d41bea099105c0a1dece6.mp3,6
4053,54,54,9,split the cost,EN_GB,https://d19azau1un4t7r.cloudfront.net/content/expression-pronunciation-audio/4053/EN_GB/expression/6b4841e2f94c57bd4a3e2cb3950a7b5b01793f094ce78bb8cf4060a96629c4b7.mp3,https://d19azau1un4t7r.cloudfront.net/content/expression-pronunciation-audio/4053/EN_GB/sentence/5b9d98c0bed3dc2370c98b1ced3dce9ed20045180c73be6e8b3f48802d92459d.mp3,6
4053,54,54,9,split the cost,EN_AU,https://d19azau1un4t7r.cloudfront.net/content/expression-pronunciation-audio/4053/EN_AU/expression/4b4464806d949480d0b56867b7f5760a22f71263530cb496dd17203167911289.mp3,https://d19azau1un4t7r.cloudfront.net/content/expression-pronunciation-audio/4053/EN_AU/sentence/76479a406698294610a7f86ce9bcfa642bb9de73336dfcc4cebe4d9f29859900.mp3,6
4054,54,54,10,I'm torn,EN_US,https://d19azau1un4t7r.cloudfront.net/content/expression-pronunciation-audio/4054/EN_US/expression/01da2f86c86044bfa325f1774cc25917e10f5c49af88b7d79ca7a7db1013d1b7.mp3,https://d19azau1un4t7r.cloudfront.net/content/expression-pronunciation-audio/4054/EN_US/sentence/a1fa0d8876568160054e76c9274ef388454d7331ebf93d15ab893f91c10bfd42.mp3,6
4054,54,54,10,I'm torn,EN_GB,https://d19azau1un4t7r.cloudfront.net/content/expression-pronunciation-audio/4054/EN_GB/expression/cc521e6f408ab9effd18b7176cb29e640fa9dafb661f8ba5c1afc126490a52fb.mp3,https://d19azau1un4t7r.cloudfront.net/content/expression-pronunciation-audio/4054/EN_GB/sentence/d5b4102603ac7f383270f0839aaf23eb6d4855b7a02c630b607d76d69103ecde.mp3,6
4054,54,54,10,I'm torn,EN_AU,https://d19azau1un4t7r.cloudfront.net/content/expression-pronunciation-audio/4054/EN_AU/expression/b373915c69380149742d6b2de673a9a6587320ce2d9e6b1631e8ba6a97d4be40.mp3,https://d19azau1un4t7r.cloudfront.net/content/expression-pronunciation-audio/4054/EN_AU/sentence/114e08deebc8e37ebefd271174a9e8b04b2e076a278b4f621d7bdd0a1a58f463.mp3,6
4055,54,54,11,budget-friendly,EN_US,https://d19azau1un4t7r.cloudfront.net/content/expression-pronunciation-audio/4055/EN_US/expression/cdfaf64a3d795636337d8e3b153e87586a047500280ee87922e89db53323cc07.mp3,https://d19azau1un4t7r.cloudfront.net/content/expression-pronunciation-audio/4055/EN_US/sentence/bc28b50e114ca809b8656d96e9dede5caafa6284023d1405e909b4be6a6e3271.mp3,7
4055,54,54,11,budget-friendly,EN_GB,https://d19azau1un4t7r.cloudfront.net/content/expression-pronunciation-audio/4055/EN_GB/expression/ba6207f909693b29744ec5278f28bd5c3a535b3002d2fd3ab8340fea2cc982aa.mp3,https://d19azau1un4t7r.cloudfront.net/content/expression-pronunciation-audio/4055/EN_GB/sentence/dc66260bb74a7e8c1f4d2c34bd125ad750f50c607653ad5a1d7316e6c7c7c53c.mp3,7
4055,54,54,11,budget-friendly,EN_AU,https://d19azau1un4t7r.cloudfront.net/content/expression-pronunciation-audio/4055/EN_AU/expression/c4a2fc0f5d6a2914be944fc171fac1e9c5a3afdf5028650f2d39746c06ea455c.mp3,https://d19azau1un4t7r.cloudfront.net/content/expression-pronunciation-audio/4055/EN_AU/sentence/c7e70efe7438d8ce1a06476891351624119ebd5ed36a5b1b5585bc0463848c38.mp3,7
4056,64,64,1,see my favorite band,EN_US,https://d19azau1un4t7r.cloudfront.net/content/expression-pronunciation-audio/4056/EN_US/expression/22beafb6ff9d9d49c17d2562ebacab000e74d27e9329232f190ab1c438fc050e.mp3,https://d19azau1un4t7r.cloudfront.net/content/expression-pronunciation-audio/4056/EN_US/sentence/877df674d6ff8c7507954b4e428ffb3fa0ed6912ea59b18cad26745de6a7b9d2.mp3,8
4056,64,64,1,see my favorite band,EN_GB,https://d19azau1un4t7r.cloudfront.net/content/expression-pronunciation-audio/4056/EN_GB/expression/4d368efd9352353e03b5a811096e01a8eb9c2bbec1e1bc302590a4ae9efaa359.mp3,https://d19azau1un4t7r.cloudfront.net/content/expression-pronunciation-audio/4056/EN_GB/sentence/53a52ca04e02a1ef2484fba870e0f01ed314e284e77c4d44dacfe4f367b2010e.mp3,8
4056,64,64,1,see my favorite band,EN_AU,https://d19azau1un4t7r.cloudfront.net/content/expression-pronunciation-audio/4056/EN_AU/expression/267a149adafc71f0f8758798ec478dc3b1189f428ffb69ba1e23aa0645cad545.mp3,https://d19azau1un4t7r.cloudfront.net/content/expression-pronunciation-audio/4056/EN_AU/sentence/b580f28aa2203e6c7a3eb1f10747594e70785feb500c83e11ad599a685c31a49.mp3,8
4057,64,64,2,I can go then,EN_US,https://d19azau1un4t7r.cloudfront.net/content/expression-pronunciation-audio/4057/EN_US/expression/b9fba711b4915fcf2ad771b7f75e7e1f21e3b6648a32756950afa804e3b3c28c.mp3,https://d19azau1un4t7r.cloudfront.net/content/expression-pronunciation-audio/4057/EN_US/sentence/16f13a9f42af449a47df198d2cd8723f3aafdd4d1922e1ec681a972168044a77.mp3,5
4057,64,64,2,I can go then,EN_GB,https://d19azau1un4t7r.cloudfront.net/content/expression-pronunciation-audio/4057/EN_GB/expression/0b681a32e33981172fabe21ed9ae0a2f74b8ec44f3e78ac587cc3088d6e4ca81.mp3,https://d19azau1un4t7r.cloudfront.net/content/expression-pronunciation-audio/4057/EN_GB/sentence/73210c304642e3886d1ad45bc6acf9681cb70ad1c34214c5ae50cf6990679d3e.mp3,5
4057,64,64,2,I can go then,EN_AU,https://d19azau1un4t7r.cloudfront.net/content/expression-pronunciation-audio/4057/EN_AU/expression/825dbc8666729b8208fce14d3d517687f9166df820981477f3b87a5900e69942.mp3,https://d19azau1un4t7r.cloudfront.net/content/expression-pronunciation-audio/4057/EN_AU/sentence/0da9b89c7574f5d9cb07242a95d97bdbaa65c6fa1eb4d13af162ad3930b85e4a.mp3,5
4058,64,64,3,pay half,EN_US,https://d19azau1un4t7r.cloudfront.net/content/expression-pronunciation-audio/4058/EN_US/expression/f43e245c31256e5d562fdb6a21b47dbf3803a25b0f154adf4eefc6d8bd5f2f82.mp3,https://d19azau1un4t7r.cloudfront.net/content/expression-pronunciation-audio/4058/EN_US/sentence/307150c6b5dc549f3f848b8f7d9f93c093a92277e4dd41c255289074819fab0d.mp3,7
4058,64,64,3,pay half,EN_GB,https://d19azau1un4t7r.cloudfront.net/content/expression-pronunciation-audio/4058/EN_GB/expression/c994e278203175f4431d1d3867cb82717ffd53a0e5b061a0204dd36d4c2fc99c.mp3,https://d19azau1un4t7r.cloudfront.net/content/expression-pronunciation-audio/4058/EN_GB/sentence/2adeea95d494ace88a93a5aab347c5955e2a33037a762896cce5dc371e6b4983.mp3,7
4058,64,64,3,pay half,EN_AU,https://d19azau1un4t7r.cloudfront.net/content/expression-pronunciation-audio/4058/EN_AU/expression/b21091aacf5793d8e73db34f353c995147ddf54651314022db93b8f12a1dc0ea.mp3,https://d19azau1un4t7r.cloudfront.net/content/expression-pronunciation-audio/4058/EN_AU/sentence/6d66a41ea38b286fe20bad9740ee062822dcd7a2153f2a63c9215aa00532ba3c.mp3,7
4059,64,64,4,in a tent,EN_US,https://d19azau1un4t7r.cloudfront.net/content/expression-pronunciation-audio/4059/EN_US/expression/329dcd3716cd7b7c2d3e63e915dc20db9a66bb8faa3934fa9c04b05d25fafa7d.mp3,https://d19azau1un4t7r.cloudfront.net/content/expression-pronunciation-audio/4059/EN_US/sentence/7ccc022c0e7bcb5a3099678f353d14d5eb9b58867e4b326454ffa00f71adf76b.mp3,5
4059,64,64,4,in a tent,EN_GB,https://d19azau1un4t7r.cloudfront.net/content/expression-pronunciation-audio/4059/EN_GB/expression/ce51a08fa779ceff539ac986aa215eaf0798e400330588bd96d90436674e047d.mp3,https://d19azau1un4t7r.cloudfront.net/content/expression-pronunciation-audio/4059/EN_GB/sentence/e643b1a4a6285fcd0c542641fc3b9da4d10a765bb61f12705c38d66f2ae01b2d.mp3,5
4059,64,64,4,in a tent,EN_AU,https://d19azau1un4t7r.cloudfront.net/content/expression-pronunciation-audio/4059/EN_AU/expression/537b90b7c0e7b1e23624a6891faeea3ba8e6a6edd03179a16ab7d6e5c7577014.mp3,https://d19azau1un4t7r.cloudfront.net/content/expression-pronunciation-audio/4059/EN_AU/sentence/43b26ea39d59b8933cf669f7040ca1321540a4187ae1c5a1e99042e13ff0e6d3.mp3,5
4060,64,64,5,I'm definitely going,EN_US,https://d19azau1un4t7r.cloudfront.net/content/expression-pronunciation-audio/4060/EN_US/expression/d38d959565af71484787c826eb92ebd810b5b50eb1bc2ffaba4f1873299f752c.mp3,https://d19azau1un4t7r.cloudfront.net/content/expression-pronunciation-audio/4060/EN_US/sentence/adce6acd581c7832d3d9894cd11b826b272679145dd86d2df11812b4afbf35a2.mp3,10
4060,64,64,5,I'm definitely going,EN_GB,https://d19azau1un4t7r.cloudfront.net/content/expression-pronunciation-audio/4060/EN_GB/expression/855571e6342782736480bf6e3f5a62acd69f89d6352faa1871cf9bd27ee91e03.mp3,https://d19azau1un4t7r.cloudfront.net/content/expression-pronunciation-audio/4060/EN_GB/sentence/f9aa737084d29b98436f1ee29cea98133ed754d208035d17a6a6a813d2fd3fdd.mp3,10
4060,64,64,5,I'm definitely going,EN_AU,https://d19azau1un4t7r.cloudfront.net/content/expression-pronunciation-audio/4060/EN_AU/expression/fc87bd6d4dcdca6b20c020031da3937c8c92821ea496a106634268b8cd8ae7b1.mp3,https://d19azau1un4t7r.cloudfront.net/content/expression-pronunciation-audio/4060/EN_AU/sentence/a7b6a4b8bed09662debde2929c3c3329d20c61148685d384f679b50768e3e99b.mp3,10
4061,64,64,6,either weekend works,EN_US,https://d19azau1un4t7r.cloudfront.net/content/expression-pronunciation-audio/4061/EN_US/expression/94ea3ece0dde342e8ef0d05428df899a93fb5b55b913b4d7d8d2d536d0962e14.mp3,https://d19azau1un4t7r.cloudfront.net/content/expression-pronunciation-audio/4061/EN_US/sentence/41eaa7463a6bfd592edcfb784cd0d39756aa1ce2cdfafb60d968ce2431054f8b.mp3,11
4061,64,64,6,either weekend works,EN_GB,https://d19azau1un4t7r.cloudfront.net/content/expression-pronunciation-audio/4061/EN_GB/expression/61e2ad61c6e4d62f133ddece29781e8591965076e6c948cc7894cbd015e517ab.mp3,https://d19azau1un4t7r.cloudfront.net/content/expression-pronunciation-audio/4061/EN_GB/sentence/464c2a1f8ecb9dc4f23372b0738d6b6fb26f1aa09760db36075b1c52f9609f89.mp3,11
4061,64,64,6,either weekend works,EN_AU,https://d19azau1un4t7r.cloudfront.net/content/expression-pronunciation-audio/4061/EN_AU/expression/4cbeeaa1f2dc0031bcb604361d01504c15837a6f63e5625aed141b1d7baf2e9f.mp3,https://d19azau1un4t7r.cloudfront.net/content/expression-pronunciation-audio/4061/EN_AU/sentence/3c7626abd9bf63cce2c218d853ef67c40b08671d9b46ab1b3580f5988f7d05ca.mp3,11
4062,64,64,7,I'll send you the money,EN_US,https://d19azau1un4t7r.cloudfront.net/content/expression-pronunciation-audio/4062/EN_US/expression/22f576b42f4ffadaa0dcb5592e7f9cdadd29854b06f42457b23cb395a3b8e5f1.mp3,https://d19azau1un4t7r.cloudfront.net/content/expression-pronunciation-audio/4062/EN_US/sentence/fce02e52fa9470b3f7d877404e235565f9741cd9a1556a668dcd21ca31aed499.mp3,11
4062,64,64,7,I'll send you the money,EN_GB,https://d19azau1un4t7r.cloudfront.net/content/expression-pronunciation-audio/4062/EN_GB/expression/e54696685e1340202c7f381ff4cd93d9c7e6fbdc0f8da123bd4d75ad8f8795b5.mp3,https://d19azau1un4t7r.cloudfront.net/content/expression-pronunciation-audio/4062/EN_GB/sentence/fd313fd1b270e8d782aaaf8664886b7dd88c08c505b2cf443de27e3f1f78f896.mp3,11
4062,64,64,7,I'll send you the money,EN_AU,https://d19azau1un4t7r.cloudfront.net/content/expression-pronunciation-audio/4062/EN_AU/expression/664e1cbf0d9c440551abc40a1d6749096a0f388b2009921a7951d1f6f36dd166.mp3,https://d19azau1un4t7r.cloudfront.net/content/expression-pronunciation-audio/4062/EN_AU/sentence/b99557ad9d8a4b715a4dcb46cb54b26f12feed9f3322ec54f2d65232f0f3bc37.mp3,11
4063,64,64,8,share a room,EN_US,https://d19azau1un4t7r.cloudfront.net/content/expression-pronunciation-audio/4063/EN_US/expression/4fba7f135c310d6d31af9ebc1a9cb09beea822512efa960862c708d5dd4b94de.mp3,https://d19azau1un4t7r.cloudfront.net/content/expression-pronunciation-audio/4063/EN_US/sentence/980a7f86e82efca05982f883ab99deeac2a2daf60c7c522337ad16d849979c1d.mp3,11
4063,64,64,8,share a room,EN_GB,https://d19azau1un4t7r.cloudfront.net/content/expression-pronunciation-audio/4063/EN_GB/expression/6c0ba9e8dea6397bb6ce9cd1a75ff3798a220f26c301dfce2bd93eb1fb600d4b.mp3,https://d19azau1un4t7r.cloudfront.net/content/expression-pronunciation-audio/4063/EN_GB/sentence/d4e36ff1b3630f74c36174a251e19ad78b08b4acead63012fd65bbaaf3f959ee.mp3,11
4063,64,64,8,share a room,EN_AU,https://d19azau1un4t7r.cloudfront.net/content/expression-pronunciation-audio/4063/EN_AU/expression/7bc8f856cfd154e377c50a4bd2b0fa2608c81ad236403ac56caea19194eb65a4.mp3,https://d19azau1un4t7r.cloudfront.net/content/expression-pronunciation-audio/4063/EN_AU/sentence/58b899923d5f8d5f02c91619c86aed2633e0baa36812790dabe1bfebf95ca14c.mp3,11
4064,64,64,9,be dying to,EN_US,https://d19azau1un4t7r.cloudfront.net/content/expression-pronunciation-audio/4064/EN_US/expression/9c9a43b9d78b5bfaf84a6009962e55a2cf09a7fa809a4c0ad3f566c33b530b52.mp3,https://d19azau1un4t7r.cloudfront.net/content/expression-pronunciation-audio/4064/EN_US/sentence/1eac776bc7f6d692665531698d711f998fdb441d1412c0a5c13b7aa53325fa80.mp3,7
4064,64,64,9,be dying to,EN_GB,https://d19azau1un4t7r.cloudfront.net/content/expression-pronunciation-audio/4064/EN_GB/expression/bd45174e997a7bb32a5418ee0fb9a6f2176319810c3da4ec2448d4e345eec71f.mp3,https://d19azau1un4t7r.cloudfront.net/content/expression-pronunciation-audio/4064/EN_GB/sentence/99f17f91ef7b9917d8ed10d0d31af295f003f572e4bafe24db72fc343031bfeb.mp3,7
4064,64,64,9,be dying to,EN_AU,https://d19azau1un4t7r.cloudfront.net/content/expression-pronunciation-audio/4064/EN_AU/expression/a05f39ba07925037174fca70753076200de49926764e74146a2cd202d178f12c.mp3,https://d19azau1un4t7r.cloudfront.net/content/expression-pronunciation-audio/4064/EN_AU/sentence/f1bf9cad5b94b70ffa21d388aa1c5821dd0ba9e9f3d5ba89b9f81798099a3c54.mp3,7
4065,64,64,10,make it work,EN_US,https://d19azau1un4t7r.cloudfront.net/content/expression-pronunciation-audio/4065/EN_US/expression/325483b410bcb472bbfc85845417eefce519060cdcf2df8504064a3b6ff6d004.mp3,https://d19azau1un4t7r.cloudfront.net/content/expression-pronunciation-audio/4065/EN_US/sentence/0244f17f7952ed9b88c16e5578cb32f8009f4dae6cf38f94293e94210aec03b4.mp3,7
4065,64,64,10,make it work,EN_GB,https://d19azau1un4t7r.cloudfront.net/content/expression-pronunciation-audio/4065/EN_GB/expression/895d589708256e951605219585c2f9bc375f7ea35c58299cecfbdcc07bd609c6.mp3,https://d19azau1un4t7r.cloudfront.net/content/expression-pronunciation-audio/4065/EN_GB/sentence/333595df3b51ff394a4d6f828baf220fc8dfc0b94f11a2bc6e8d71a687c873eb.mp3,7
4065,64,64,10,make it work,EN_AU,https://d19azau1un4t7r.cloudfront.net/content/expression-pronunciation-audio/4065/EN_AU/expression/c66d2aff51ba1648984b2bb94981a152c39cea8a747844a67d61eb4b61696f37.mp3,https://d19azau1un4t7r.cloudfront.net/content/expression-pronunciation-audio/4065/EN_AU/sentence/afeed07b687799ec39447958565ff675e19ee15a1aba85cff0574fcfbe23e640.mp3,7
4066,64,64,11,break the bank,EN_US,https://d19azau1un4t7r.cloudfront.net/content/expression-pronunciation-audio/4066/EN_US/expression/ce98c29e11cd387c15132fb6701ad3385e292cd93821e3d61cf784b174de9a77.mp3,https://d19azau1un4t7r.cloudfront.net/content/expression-pronunciation-audio/4066/EN_US/sentence/cfbcd7b5a6252a995c3acb88e789c42d727d66564a7e56c274ab07794c22cce6.mp3,10
4066,64,64,11,break the bank,EN_GB,https://d19azau1un4t7r.cloudfront.net/content/expression-pronunciation-audio/4066/EN_GB/expression/9a40a5a6bd2cdb189fc929bbbef34f3ab313db8cf305171bee5ebdffed0071a7.mp3,https://d19azau1un4t7r.cloudfront.net/content/expression-pronunciation-audio/4066/EN_GB/sentence/04ca800964102fbf75a30011969008be33812931c1ceb8a21d6fc585c242e61c.mp3,10
4066,64,64,11,break the bank,EN_AU,https://d19azau1un4t7r.cloudfront.net/content/expression-pronunciation-audio/4066/EN_AU/expression/37329eff4ad90bfc4f2568ee8477751d9500bdadf8aeb081b949488e1c5a373f.mp3,https://d19azau1un4t7r.cloudfront.net/content/expression-pronunciation-audio/4066/EN_AU/sentence/1f52f8e829d4940400d69e79a84f5cde6ec73641ec6e38fb1f2bc4da8c2a5ef8.mp3,10
4067,58,58,1,I lent you ~,EN_US,,https://d19azau1un4t7r.cloudfront.net/content/expression-pronunciation-audio/4067/EN_US/sentence/1553c225df07b3b906dca776e84d0f1e5439ab6da5db00f2dd95d273f4d47cbd.mp3,7
4067,58,58,1,I lent you ~,EN_GB,,https://d19azau1un4t7r.cloudfront.net/content/expression-pronunciation-audio/4067/EN_GB/sentence/1199a94ad47e376241b65c39a990c1cc01a92308ac7a55fe905e62837a7f7361.mp3,7
4067,58,58,1,I lent you ~,EN_AU,,https://d19azau1un4t7r.cloudfront.net/content/expression-pronunciation-audio/4067/EN_AU/sentence/31db68ee6f93c53a6e8c83c330515a7d8049ad0a15f3a4d79176de85f4b37686.mp3,7
4068,58,58,2,a month ago,EN_US,https://d19azau1un4t7r.cloudfront.net/content/expression-pronunciation-audio/4068/EN_US/expression/5f8fc59f4c1b010d9bd2653527a038c89624d8a0b60d29aaebad077e4963eebe.mp3,https://d19azau1un4t7r.cloudfront.net/content/expression-pronunciation-audio/4068/EN_US/sentence/dad64409bb95866aace171dbab12d988306f11e88e3d209b54b229d19c4bdff1.mp3,7
4068,58,58,2,a month ago,EN_GB,https://d19azau1un4t7r.cloudfront.net/content/expression-pronunciation-audio/4068/EN_GB/expression/f3a166123fbfce0b57a7b2d6dae324aec4664faea3ea4ca58a65247921fef71d.mp3,https://d19azau1un4t7r.cloudfront.net/content/expression-pronunciation-audio/4068/EN_GB/sentence/4dadc24e7c6345e00167c207f545d148ed7fac1d12fa3ddebca70f8107f327d0.mp3,7
4068,58,58,2,a month ago,EN_AU,https://d19azau1un4t7r.cloudfront.net/content/expression-pronunciation-audio/4068/EN_AU/expression/7e1884f6c14c07e594cd77295d2046b3f2eb729e85ae2df5cc07d92f1bed9e73.mp3,https://d19azau1un4t7r.cloudfront.net/content/expression-pronunciation-audio/4068/EN_AU/sentence/64b4235e0cdf4e8b08959220c8a4ffb70cd153e01dc16498204f96835d0c95f6.mp3,7
4069,58,58,3,I need it now,EN_US,https://d19azau1un4t7r.cloudfront.net/content/expression-pronunciation-audio/4069/EN_US/expression/bbe6eb9687ce1e4c71324003ac071ecbb7ba5e5ddd3bc6894be9744a30e82f37.mp3,https://d19azau1un4t7r.cloudfront.net/content/expression-pronunciation-audio/4069/EN_US/sentence/5c8655e1969d79e95c340c6d29f9be1eb720e55a5200ab96952864893dfed4df.mp3,5
4069,58,58,3,I need it now,EN_GB,https://d19azau1un4t7r.cloudfront.net/content/expression-pronunciation-audio/4069/EN_GB/expression/de297e5ee06a653e7ea512c05982e25e7cb272953e6f423530c113f80439c0da.mp3,https://d19azau1un4t7r.cloudfront.net/content/expression-pronunciation-audio/4069/EN_GB/sentence/24a82ed2a7d33c4c1a77d3fb25048b294417a2e87154c549d2b0a1cf81c240e4.mp3,5
4069,58,58,3,I need it now,EN_AU,https://d19azau1un4t7r.cloudfront.net/content/expression-pronunciation-audio/4069/EN_AU/expression/0fd4eb0b34fc23913adb5952ea01d8309a041080a66ea17d354f0551a31dc1ee.mp3,https://d19azau1un4t7r.cloudfront.net/content/expression-pronunciation-audio/4069/EN_AU/sentence/727117d4815b24a04afcf1dce3663be4039c2001b0882df76048a2415e2bcc5b.mp3,5
4070,58,58,4,before my test,EN_US,https://d19azau1un4t7r.cloudfront.net/content/expression-pronunciation-audio/4070/EN_US/expression/3081575617d5c14e69799311af7c6c6d19bd24b1f6871bd36a9f3e796a9f4455.mp3,https://d19azau1un4t7r.cloudfront.net/content/expression-pronunciation-audio/4070/EN_US/sentence/e0e2aec84714796a4a31852b28bfdf51abd83a0d1a92386333f0bd1f7b6ca508.mp3,6
4070,58,58,4,before my test,EN_GB,https://d19azau1un4t7r.cloudfront.net/content/expression-pronunciation-audio/4070/EN_GB/expression/b975541ab7e202079b993a71d82165fdce07fa8d3ba1fbe138a809a2cab4aa7e.mp3,https://d19azau1un4t7r.cloudfront.net/content/expression-pronunciation-audio/4070/EN_GB/sentence/a3ad8fb0bc27e971bebe794c278b5be71d23091d4afc4f88838c38318f51e239.mp3,6
4070,58,58,4,before my test,EN_AU,https://d19azau1un4t7r.cloudfront.net/content/expression-pronunciation-audio/4070/EN_AU/expression/66e57efa4b26017f9117245efd5493df8d8c0f7507f018d5fb103d96c1f461cd.mp3,https://d19azau1un4t7r.cloudfront.net/content/expression-pronunciation-audio/4070/EN_AU/sentence/c4a326ba436ae90267e123aaecebc67db086f70cd42d1af5396072174d29f312.mp3,6
4071,58,58,5,the book I lent you,EN_US,https://d19azau1un4t7r.cloudfront.net/content/expression-pronunciation-audio/4071/EN_US/expression/5bc443ab41205d63b457acad7eae675e3e6e29773e29045a83465ffca7d42ad3.mp3,https://d19azau1un4t7r.cloudfront.net/content/expression-pronunciation-audio/4071/EN_US/sentence/376e94a3e9e23b800bcba5bd2f4e39cab0be7fbe6e0749386bfc2c9a5d077249.mp3,8
4071,58,58,5,the book I lent you,EN_GB,https://d19azau1un4t7r.cloudfront.net/content/expression-pronunciation-audio/4071/EN_GB/expression/2dcc865b06d567b995e98147daab4f025f199b940327a105f7b7facb5c9af991.mp3,https://d19azau1un4t7r.cloudfront.net/content/expression-pronunciation-audio/4071/EN_GB/sentence/861b07f5b4e813f020c2648a5c3458da8630a932658e25cadb832a65bfe672b7.mp3,8
4071,58,58,5,the book I lent you,EN_AU,https://d19azau1un4t7r.cloudfront.net/content/expression-pronunciation-audio/4071/EN_AU/expression/e177e943faae544ccc2a0da4e50a32d54525cecb9d0f8713a84e072bf9218580.mp3,https://d19azau1un4t7r.cloudfront.net/content/expression-pronunciation-audio/4071/EN_AU/sentence/71c187767989ba87e918f23c10eb780368bf29fa2179b5e85e37298852dab569.mp3,8
4072,58,58,6,I have an exam on ~,EN_US,,https://d19azau1un4t7r.cloudfront.net/content/expression-pronunciation-audio/4072/EN_US/sentence/881bd0c4a2ea549308daf08ec2ccf325445d742d9653f654ccf5be0c448cf07a.mp3,9
4072,58,58,6,I have an exam on ~,EN_GB,,https://d19azau1un4t7r.cloudfront.net/content/expression-pronunciation-audio/4072/EN_GB/sentence/1b4da7625318633da0b4f1f0494171ca622d481e12ce62ecb72d665f9198cfff.mp3,9
4072,58,58,6,I have an exam on ~,EN_AU,,https://d19azau1un4t7r.cloudfront.net/content/expression-pronunciation-audio/4072/EN_AU/sentence/aca9b2b022461e1274bb5a792b1998d33ed615d6f4da889c34bf841045fe9583.mp3,9
4073,58,58,7,Could you look for it today?,EN_US,https://d19azau1un4t7r.cloudfront.net/content/expression-pronunciation-audio/4073/EN_US/expression/baf82721dd23f81bee4548b4f2115d1cb9a0e955976095162ced8ee59a3f9d89.mp3,https://d19azau1un4t7r.cloudfront.net/content/expression-pronunciation-audio/4073/EN_US/sentence/fd42cc06ee328599fe91a928d4c390dcc4dd4599a2ecba282a614b7b4069ebef.mp3,9
4073,58,58,7,Could you look for it today?,EN_GB,https://d19azau1un4t7r.cloudfront.net/content/expression-pronunciation-audio/4073/EN_GB/expression/986f8e5cd5d17685fd6eea1981d13981ad0476cf0e7d0789e40b7f66029c820e.mp3,https://d19azau1un4t7r.cloudfront.net/content/expression-pronunciation-audio/4073/EN_GB/sentence/da62912ce52d956e88c9083065ba9a863c3cfab3e77393143b23349e84bf29dd.mp3,9
4073,58,58,7,Could you look for it today?,EN_AU,https://d19azau1un4t7r.cloudfront.net/content/expression-pronunciation-audio/4073/EN_AU/expression/ebc6364108c0a5dec1410cb4492caf4f4e21037550599004b5575c25825609f2.mp3,https://d19azau1un4t7r.cloudfront.net/content/expression-pronunciation-audio/4073/EN_AU/sentence/67fa84f52be3dc535fc24ec77e11ef7acd5207e6032857192331c9146307a894.mp3,9
4074,58,58,8,by tomorrow morning,EN_US,https://d19azau1un4t7r.cloudfront.net/content/expression-pronunciation-audio/4074/EN_US/expression/f1cb201b182ff8c46eb919b7fa721a4a639b2042d82e0ac24e8bdb60161acf54.mp3,https://d19azau1un4t7r.cloudfront.net/content/expression-pronunciation-audio/4074/EN_US/sentence/f17446eb4ab7fec47da7ec47016629cc07a2ab27cc5f03add7fc3ca08c6796eb.mp3,11
4074,58,58,8,by tomorrow morning,EN_GB,https://d19azau1un4t7r.cloudfront.net/content/expression-pronunciation-audio/4074/EN_GB/expression/9ca6c084e297cf51cee8e56385c32e13fa89abd083d31d8224238d7d8e3922a7.mp3,https://d19azau1un4t7r.cloudfront.net/content/expression-pronunciation-audio/4074/EN_GB/sentence/e672a02f44363e3f7f987f6c520014377abdef6ece57839c0bb3193e193b0a20.mp3,11
4074,58,58,8,by tomorrow morning,EN_AU,https://d19azau1un4t7r.cloudfront.net/content/expression-pronunciation-audio/4074/EN_AU/expression/9e52fe3e6af9d9ea99c7d8407ee6198c32e5a467c294c179a239be8e40f61be6.mp3,https://d19azau1un4t7r.cloudfront.net/content/expression-pronunciation-audio/4074/EN_AU/sentence/c09528133f76a01bfa3d7b61ca4bc2d684b3773d856728b33c98723d595c70ec.mp3,11
4075,58,58,9,jog your memory,EN_US,https://d19azau1un4t7r.cloudfront.net/content/expression-pronunciation-audio/4075/EN_US/expression/2a2cd610d015d66922bc3f568649d22f3a80c79412c1d4fc9e4f1ba8aa42f934.mp3,https://d19azau1un4t7r.cloudfront.net/content/expression-pronunciation-audio/4075/EN_US/sentence/dd1c3d864c768e7d78b95f91fb8aea1a23445720718f54b7094452bb53ab67f8.mp3,9
4075,58,58,9,jog your memory,EN_GB,https://d19azau1un4t7r.cloudfront.net/content/expression-pronunciation-audio/4075/EN_GB/expression/cae4b18b7bb7007a6fb98508edd5d6ba208c7935649ea8562127878b4ec62da3.mp3,https://d19azau1un4t7r.cloudfront.net/content/expression-pronunciation-audio/4075/EN_GB/sentence/868180408e57c7ca8eef06ecd664ec4a2ba3b664f32254ce3ca5c3f6172c407e.mp3,9
4075,58,58,9,jog your memory,EN_AU,https://d19azau1un4t7r.cloudfront.net/content/expression-pronunciation-audio/4075/EN_AU/expression/258d1e9d99da0ee93a452430df26710e9855ff08e20f0bf20e0f63ac46d52e25.mp3,https://d19azau1un4t7r.cloudfront.net/content/expression-pronunciation-audio/4075/EN_AU/sentence/ebf2df2efbc4d9314a900358d6ef346f0e6acf63f744a75ba55e006ea3e2193d.mp3,9
4076,58,58,10,coming up,EN_US,https://d19azau1un4t7r.cloudfront.net/content/expression-pronunciation-audio/4076/EN_US/expression/48a6992b936ff90eb7c2797c64c824b218aa91272c0732955b954cba432242aa.mp3,https://d19azau1un4t7r.cloudfront.net/content/expression-pronunciation-audio/4076/EN_US/sentence/3720eed7388f8ed8d765c77d56f25eef9eff05d42547457caf60b792513827af.mp3,8
4076,58,58,10,coming up,EN_GB,https://d19azau1un4t7r.cloudfront.net/content/expression-pronunciation-audio/4076/EN_GB/expression/0c6061739f978e3b48d200c707f7bf9ba2aeb9eba83df5e751087aaeb4e7f23b.mp3,https://d19azau1un4t7r.cloudfront.net/content/expression-pronunciation-audio/4076/EN_GB/sentence/618f4da41133fac792d1303bf9a286642c284aee18b8f8bbdcf7ce2aede27eb9.mp3,8
4076,58,58,10,coming up,EN_AU,https://d19azau1un4t7r.cloudfront.net/content/expression-pronunciation-audio/4076/EN_AU/expression/ce50917c014fdcaca8a7d3b440ef0458a877a41c73d9df86de54956e913106cd.mp3,https://d19azau1un4t7r.cloudfront.net/content/expression-pronunciation-audio/4076/EN_AU/sentence/a8473e6240220b5c05cb3346306c7f55be4febe6739b9f4bc0a5e1b1d23c6ab4.mp3,8
4077,58,58,11,cutting it close,EN_US,https://d19azau1un4t7r.cloudfront.net/content/expression-pronunciation-audio/4077/EN_US/expression/8c4bddfe535d42e42ea2e1a8b0178e409ef865e8150ce9c7798ea8ca690855b6.mp3,https://d19azau1un4t7r.cloudfront.net/content/expression-pronunciation-audio/4077/EN_US/sentence/805f71d329650e936ce12c72e0f5af88814d74af22258f5b6b46602325d9d267.mp3,13
4077,58,58,11,cutting it close,EN_GB,https://d19azau1un4t7r.cloudfront.net/content/expression-pronunciation-audio/4077/EN_GB/expression/a45344e2e6a7d36f8b8ac7aff6b2a16cd9617bb88f3a8cf4a09eb1c6fd9b8dbd.mp3,https://d19azau1un4t7r.cloudfront.net/content/expression-pronunciation-audio/4077/EN_GB/sentence/dfd981519cccfcf57ea3910afb1c60b2df65b3cc19da947f41bd6397de2dc4f6.mp3,13
4077,58,58,11,cutting it close,EN_AU,https://d19azau1un4t7r.cloudfront.net/content/expression-pronunciation-audio/4077/EN_AU/expression/632106870458cdb62dde411199829dbbb89cb56d150e7a0f5f368d34ef44ea1c.mp3,https://d19azau1un4t7r.cloudfront.net/content/expression-pronunciation-audio/4077/EN_AU/sentence/bfe06fb1a8403b4bf77a160f76bc152bbe9d240915580abb73596b8801dce3b1.mp3,13
4078,65,65,1,My major is ~,EN_US,,https://d19azau1un4t7r.cloudfront.net/content/expression-pronunciation-audio/4078/EN_US/sentence/44532f1525eee7b917380de30f4149c624e4a38f90b7c3c27752cd4a8d1f343f.mp3,5
4078,65,65,1,My major is ~,EN_GB,,https://d19azau1un4t7r.cloudfront.net/content/expression-pronunciation-audio/4078/EN_GB/sentence/24f6747aa114a5e56f8102ba99f075122d9f0295d8713676c7a655e850ad1409.mp3,5
4078,65,65,1,My major is ~,EN_AU,,https://d19azau1un4t7r.cloudfront.net/content/expression-pronunciation-audio/4078/EN_AU/sentence/e4e9be0d9a6d340d1cba9d82e398b9066f4359fe8f3d0bb827e747c96135832d.mp3,5
4079,65,65,2,I worked at ~,EN_US,,https://d19azau1un4t7r.cloudfront.net/content/expression-pronunciation-audio/4079/EN_US/sentence/9210455b1ed3a8d7617251b6cdf84cbae7f2bf117cc8b8dfdf4b59becc0b1107.mp3,6
4079,65,65,2,I worked at ~,EN_GB,,https://d19azau1un4t7r.cloudfront.net/content/expression-pronunciation-audio/4079/EN_GB/sentence/6623e7cddd482301fe52cbcd35e0b005dacb6f5812e2558352f566c76eb75418.mp3,6
4079,65,65,2,I worked at ~,EN_AU,,https://d19azau1un4t7r.cloudfront.net/content/expression-pronunciation-audio/4079/EN_AU/sentence/90d445b0c9214c7576e0426c86185cf292e12d4ee7593c60f75a44bd40fb35b7.mp3,6
4080,65,65,3,three days a week,EN_US,https://d19azau1un4t7r.cloudfront.net/content/expression-pronunciation-audio/4080/EN_US/expression/646edad138bb402338dbb8aa95c8418b354e9167eb4ea44b22a74f2074166847.mp3,https://d19azau1un4t7r.cloudfront.net/content/expression-pronunciation-audio/4080/EN_US/sentence/8f0b51a1c2fc73e606ad043089ffb20be5ba29b00d2f52229d5aaed0833d1769.mp3,7
4080,65,65,3,three days a week,EN_GB,https://d19azau1un4t7r.cloudfront.net/content/expression-pronunciation-audio/4080/EN_GB/expression/c7d5415a0311732f9a94e8d403fce875355ca65ebda239957d7031f6a2952f38.mp3,https://d19azau1un4t7r.cloudfront.net/content/expression-pronunciation-audio/4080/EN_GB/sentence/1131b7951589a639daca6e4c9d6d23c11b7edf7c1ab226de8541e7a184aa1cbc.mp3,7
4080,65,65,3,three days a week,EN_AU,https://d19azau1un4t7r.cloudfront.net/content/expression-pronunciation-audio/4080/EN_AU/expression/13912f42d7a9d8b48bef8e5ea110846c6117ce9a41c09a16b5d822dbf3a85f42.mp3,https://d19azau1un4t7r.cloudfront.net/content/expression-pronunciation-audio/4080/EN_AU/sentence/031aac68ad22ddb0a676f02e160f446ab48c93133b706c53bd5bd74afe67f457.mp3,7
4081,65,65,4,I can start on ~,EN_US,,https://d19azau1un4t7r.cloudfront.net/content/expression-pronunciation-audio/4081/EN_US/sentence/f6070c3b81ea97786f267ed8801573c45845a5bc4ea38bc4df353f8f65a1b750.mp3,5
4081,65,65,4,I can start on ~,EN_GB,,https://d19azau1un4t7r.cloudfront.net/content/expression-pronunciation-audio/4081/EN_GB/sentence/177ba41ee41bc43bae2fc30ed5e4ed76ab32ee747a88aafdd2eef840e6251478.mp3,5
4081,65,65,4,I can start on ~,EN_AU,,https://d19azau1un4t7r.cloudfront.net/content/expression-pronunciation-audio/4081/EN_AU/sentence/f42c8b2b2eec0713917457f56f6c5a4cd68b9d96cd1c81c267c09c9c9fb29352.mp3,5
4082,65,65,5,I study ~ at ~,EN_US,,https://d19azau1un4t7r.cloudfront.net/content/expression-pronunciation-audio/4082/EN_US/sentence/fc9b601ce10d1a628855cb7ed97d25f570b29a5dbe1b8727f68da26991b65bb5.mp3,8
4082,65,65,5,I study ~ at ~,EN_GB,,https://d19azau1un4t7r.cloudfront.net/content/expression-pronunciation-audio/4082/EN_GB/sentence/6293ae3711ee315068343dbf55dab2b12a574366dc36c8c965ccc8907ab56da2.mp3,8
4082,65,65,5,I study ~ at ~,EN_AU,,https://d19azau1un4t7r.cloudfront.net/content/expression-pronunciation-audio/4082/EN_AU/sentence/ff335581157b1bd8fc65744cf5333bb6eeea5a0b6b3302b44e45a487bc9b11bf.mp3,8
4083,65,65,6,have experience in ~,EN_US,,https://d19azau1un4t7r.cloudfront.net/content/expression-pronunciation-audio/4083/EN_US/sentence/9ebb09a2ef70e0a5f5eec8eaa1b61c63587fefe94a58194f4925e53eeb2efb9c.mp3,11
4083,65,65,6,have experience in ~,EN_GB,,https://d19azau1un4t7r.cloudfront.net/content/expression-pronunciation-audio/4083/EN_GB/sentence/ad59d5afa9e2d3a7e51f63f00850c499ae9483d769ac2ceacc90ed8ae519cfa7.mp3,11
4083,65,65,6,have experience in ~,EN_AU,,https://d19azau1un4t7r.cloudfront.net/content/expression-pronunciation-audio/4083/EN_AU/sentence/aa9fa7ac326bd3365c4f016d1f50e31d56ab7f25210c86936c7d7c90c149a547.mp3,11
4084,65,65,7,work evenings,EN_US,https://d19azau1un4t7r.cloudfront.net/content/expression-pronunciation-audio/4084/EN_US/expression/ce0eb6dbd81ead9bbb75968c3096ebec9e4688b50dfa33c573bdfa02ae89110a.mp3,https://d19azau1un4t7r.cloudfront.net/content/expression-pronunciation-audio/4084/EN_US/sentence/b6ae27eeec14d7a5dec6be26b0851168ecf92858acb95cf15f6bd5296ab31f11.mp3,10
4084,65,65,7,work evenings,EN_GB,https://d19azau1un4t7r.cloudfront.net/content/expression-pronunciation-audio/4084/EN_GB/expression/41d64021141b60bc7ed8a127cd12e6f64300d67040a76876b50b0212df55655b.mp3,https://d19azau1un4t7r.cloudfront.net/content/expression-pronunciation-audio/4084/EN_GB/sentence/0f914b301ad0f249019062d98176e2b613a3d0fec6a9f57a72fcf843829a2ee1.mp3,10
4084,65,65,7,work evenings,EN_AU,https://d19azau1un4t7r.cloudfront.net/content/expression-pronunciation-audio/4084/EN_AU/expression/f268f5112a6ea0612348b4c91daa7663b4361616c44f46673ccd9aa7437d9a65.mp3,https://d19azau1un4t7r.cloudfront.net/content/expression-pronunciation-audio/4084/EN_AU/sentence/532419a6f0230e5ab6fe15a8e462640b0bf966f1f46b51cf90197081c9e3d836.mp3,10
4085,65,65,8,Is that per hour?,EN_US,https://d19azau1un4t7r.cloudfront.net/content/expression-pronunciation-audio/4085/EN_US/expression/e032452ae345b0060340e90d2fec0357446b7bc0ff648b2e742321cd111dfef4.mp3,https://d19azau1un4t7r.cloudfront.net/content/expression-pronunciation-audio/4085/EN_US/sentence/beff1b380404809b3847a9d0a1e75f9f0e5fc3e1060171127c96530d3ae2d4f0.mp3,9
4085,65,65,8,Is that per hour?,EN_GB,https://d19azau1un4t7r.cloudfront.net/content/expression-pronunciation-audio/4085/EN_GB/expression/2cdcd27b2c3630570177d089214064d78622c644f6739aa9915f04ec120926d8.mp3,https://d19azau1un4t7r.cloudfront.net/content/expression-pronunciation-audio/4085/EN_GB/sentence/292415c34a7f88433caa1d2437f2a76369cb47dd03ca73397290bfc1d0f29083.mp3,9
4085,65,65,8,Is that per hour?,EN_AU,https://d19azau1un4t7r.cloudfront.net/content/expression-pronunciation-audio/4085/EN_AU/expression/4fd2e9cede9f0205a22876fd9ca2c4a78b71cac3dca41ccd5eeb210ad9448c85.mp3,https://d19azau1un4t7r.cloudfront.net/content/expression-pronunciation-audio/4085/EN_AU/sentence/b6139b3e5f414b06a0cfd798d9d35695e1d99295391ee9d5ff8525e8245b3561.mp3,9
4086,65,65,9,people skills,EN_US,https://d19azau1un4t7r.cloudfront.net/content/expression-pronunciation-audio/4086/EN_US/expression/7451c8046ffae79ae5a37a113560f20bea289a89439438222adaf95b530270ec.mp3,https://d19azau1un4t7r.cloudfront.net/content/expression-pronunciation-audio/4086/EN_US/sentence/c56bcc44dda74daffbb55b736d0fa3bdb0bd201b1fd27900a8a59f6a7a78aa97.mp3,7
4086,65,65,9,people skills,EN_GB,https://d19azau1un4t7r.cloudfront.net/content/expression-pronunciation-audio/4086/EN_GB/expression/0490f434c7a1769b57097f6c0ef6a6f0cf0e2abd4e22834c6a36204b406d75ae.mp3,https://d19azau1un4t7r.cloudfront.net/content/expression-pronunciation-audio/4086/EN_GB/sentence/3d4e73ec72625981dfd26ebcfb2653da9bf0d2371e91b1341e557d4826c42c4d.mp3,7
4086,65,65,9,people skills,EN_AU,https://d19azau1un4t7r.cloudfront.net/content/expression-pronunciation-audio/4086/EN_AU/expression/83569e550931bb265268f1956ce51c52c960044a2d537cd9894b44a2e4f07e5a.mp3,https://d19azau1un4t7r.cloudfront.net/content/expression-pronunciation-audio/4086/EN_AU/sentence/b1d507d112a4cfd5ace8b120886a11e9e24865de9275ad3b4b149765841dedd9.mp3,7
4087,65,65,10,fast learner,EN_US,https://d19azau1un4t7r.cloudfront.net/content/expression-pronunciation-audio/4087/EN_US/expression/c5b07421ea7736035c72b876e9affad776f1cef22bc3421022089ee3e655b7e1.mp3,https://d19azau1un4t7r.cloudfront.net/content/expression-pronunciation-audio/4087/EN_US/sentence/9d9b5cf9b01783a67d3b1e73ecbccd6b40898d830851a3f55585d2a91093ef58.mp3,6
4087,65,65,10,fast learner,EN_GB,https://d19azau1un4t7r.cloudfront.net/content/expression-pronunciation-audio/4087/EN_GB/expression/e7723a198533afa61191ab5988c46d96443c2f68d8a041fbaf5cc66a1be01c2a.mp3,https://d19azau1un4t7r.cloudfront.net/content/expression-pronunciation-audio/4087/EN_GB/sentence/bdca8c4a9d77986fe3f31f563a671cba38f5f2c1bb73c6caada37a0c039165bd.mp3,6
4087,65,65,10,fast learner,EN_AU,https://d19azau1un4t7r.cloudfront.net/content/expression-pronunciation-audio/4087/EN_AU/expression/5d7dc4436db23b56f90f07b31ed2dba541452fde24125773b9b8cbf7da6d7693.mp3,https://d19azau1un4t7r.cloudfront.net/content/expression-pronunciation-audio/4087/EN_AU/sentence/51a00b87fb48e5235c990eb79fd07dc6f540c8d4f6425c7bc0f13d74b522a634.mp3,6
4088,65,65,11,work under pressure,EN_US,https://d19azau1un4t7r.cloudfront.net/content/expression-pronunciation-audio/4088/EN_US/expression/80226c7a4a9896b63f37765733cd8a4050593a856d7cdc33889fbabb9ef0f472.mp3,https://d19azau1un4t7r.cloudfront.net/content/expression-pronunciation-audio/4088/EN_US/sentence/6d81651d84db1adda09751788e06e8841bb9f0c5b31e5d43279557f9901a69c4.mp3,6
4088,65,65,11,work under pressure,EN_GB,https://d19azau1un4t7r.cloudfront.net/content/expression-pronunciation-audio/4088/EN_GB/expression/fa5ba7febfdac6c00923b02eae06cc0fd2892320da99357f38db0355a2a98a38.mp3,https://d19azau1un4t7r.cloudfront.net/content/expression-pronunciation-audio/4088/EN_GB/sentence/28d1bf98799dd66ba60d1d76cfb6e780ad748fbbd377aae530b063d0dbc8ed26.mp3,6
4088,65,65,11,work under pressure,EN_AU,https://d19azau1un4t7r.cloudfront.net/content/expression-pronunciation-audio/4088/EN_AU/expression/9853f697422a976ecd134333ed1bac49cb76d1eb825f8d6ace005334991a6974.mp3,https://d19azau1un4t7r.cloudfront.net/content/expression-pronunciation-audio/4088/EN_AU/sentence/1356e5d9097e642525de2e833b2ec3f9fdf27e533bdeb35c84cd1a93a04938d2.mp3,6
4089,55,55,1,I have a cough,EN_US,https://d19azau1un4t7r.cloudfront.net/content/expression-pronunciation-audio/4089/EN_US/expression/a4218b77eabbe4aee87d2f63208ebfd698703bc52c466f40f22e69a47a3fd73c.mp3,https://d19azau1un4t7r.cloudfront.net/content/expression-pronunciation-audio/4089/EN_US/sentence/9a94b48f00452318b87fcc79efe94d049e8d00ff75f0dfe757c8d7199890479f.mp3,8
4089,55,55,1,I have a cough,EN_GB,https://d19azau1un4t7r.cloudfront.net/content/expression-pronunciation-audio/4089/EN_GB/expression/6eacfd274c0ffb69620fa470e9b482a98b4921563de5b60010e938fa2524334d.mp3,https://d19azau1un4t7r.cloudfront.net/content/expression-pronunciation-audio/4089/EN_GB/sentence/837e82999edb30ae2a076f4bbe56857b35668eda36d32f1cc81d938c6006f160.mp3,8
4089,55,55,1,I have a cough,EN_AU,https://d19azau1un4t7r.cloudfront.net/content/expression-pronunciation-audio/4089/EN_AU/expression/eef16c68376b53a29b5f062c1a09b69a47ea65e2e86d371b36909da73f7634c2.mp3,https://d19azau1un4t7r.cloudfront.net/content/expression-pronunciation-audio/4089/EN_AU/sentence/4402c6d97ba4f03d94f7851e904c12270d08e2951341e419cec0f0cba4d2a47f.mp3,8
4090,55,55,2,for two days,EN_US,https://d19azau1un4t7r.cloudfront.net/content/expression-pronunciation-audio/4090/EN_US/expression/8198b97fb6ba9afc6e59ccc8a6dccaa6c82ac3429045af758f5bd55122e4ed96.mp3,https://d19azau1un4t7r.cloudfront.net/content/expression-pronunciation-audio/4090/EN_US/sentence/6d52e5483f7ac276f0baa0d1abca5524b5e9219b84c962d3737b92bd39104301.mp3,6
4090,55,55,2,for two days,EN_GB,https://d19azau1un4t7r.cloudfront.net/content/expression-pronunciation-audio/4090/EN_GB/expression/e60a6bd96eacb1f6ebbe6e39438aeceee35f8276e96170f5d2bd045606211223.mp3,https://d19azau1un4t7r.cloudfront.net/content/expression-pronunciation-audio/4090/EN_GB/sentence/a882fd325c5d6ed195cf1ff2d6a6834ae1f59b2cb63a967ab9f124e4958af6b9.mp3,6
4090,55,55,2,for two days,EN_AU,https://d19azau1un4t7r.cloudfront.net/content/expression-pronunciation-audio/4090/EN_AU/expression/5fee9ceded3c9f8776b5f5ebbdde0f241cacfb3da459efc846a76ce80eb9e578.mp3,https://d19azau1un4t7r.cloudfront.net/content/expression-pronunciation-audio/4090/EN_AU/sentence/17af7f51794619c3f7bf6b71097b2433b332b9e611a98071a6f6f85ff432a315.mp3,6
4091,55,55,3,a little fever,EN_US,https://d19azau1un4t7r.cloudfront.net/content/expression-pronunciation-audio/4091/EN_US/expression/66869ae69dc00c67d541b7683adb274b91a59e1cff9adea17ee260ea3154081d.mp3,https://d19azau1un4t7r.cloudfront.net/content/expression-pronunciation-audio/4091/EN_US/sentence/b9727875ff7acc8f11bee241089e5d410f396c28784c51a759bd708aa67fd830.mp3,6
4091,55,55,3,a little fever,EN_GB,https://d19azau1un4t7r.cloudfront.net/content/expression-pronunciation-audio/4091/EN_GB/expression/64e076981bc61eeb65a730dc41fc461eb73b73defc89293b197fd7a47873aaad.mp3,https://d19azau1un4t7r.cloudfront.net/content/expression-pronunciation-audio/4091/EN_GB/sentence/e87f7ea797fb8f6fd007a026f77501a19e34d7e254d608cf801814484fe56d44.mp3,6
4091,55,55,3,a little fever,EN_AU,https://d19azau1un4t7r.cloudfront.net/content/expression-pronunciation-audio/4091/EN_AU/expression/ec31e435a6196a76c12ec09e483308cf1d4e809f7d5219deae44415f7a706d56.mp3,https://d19azau1un4t7r.cloudfront.net/content/expression-pronunciation-audio/4091/EN_AU/sentence/93a5b77ceec3e53e2e6d46644ed2e86fefc9d7f9d11f9ad0572d1ab55122d009.mp3,6
4092,55,55,4,I can come at ~,EN_US,,https://d19azau1un4t7r.cloudfront.net/content/expression-pronunciation-audio/4092/EN_US/sentence/f12df1d95d3d206a8b97f226293d2e58baf7febbc12dc2130ee41824d205fc08.mp3,6
4092,55,55,4,I can come at ~,EN_GB,,https://d19azau1un4t7r.cloudfront.net/content/expression-pronunciation-audio/4092/EN_GB/sentence/45cd1bf68c09cfd2d1e5bd43873466ac82ea5c95132a66fda362b85feafdffdb.mp3,6
4092,55,55,4,I can come at ~,EN_AU,,https://d19azau1un4t7r.cloudfront.net/content/expression-pronunciation-audio/4092/EN_AU/sentence/a38d3270ef3918b9c657e89f85f1bf1b0a48e1ca5f352f9d67071a73eca51fa6.mp3,6
4093,55,55,5,I'm not feeling well,EN_US,https://d19azau1un4t7r.cloudfront.net/content/expression-pronunciation-audio/4093/EN_US/expression/2ae56f37e77998a493b49548453c632e7ccbfdecf1f886eee59bcd6123d7f42d.mp3,https://d19azau1un4t7r.cloudfront.net/content/expression-pronunciation-audio/4093/EN_US/sentence/3689f158d64d87f8f5bbcf9482aa8a3216163b98ba48eb049e1aa50f7b7b4b73.mp3,10
4093,55,55,5,I'm not feeling well,EN_GB,https://d19azau1un4t7r.cloudfront.net/content/expression-pronunciation-audio/4093/EN_GB/expression/ff1b88b4de4b81111b4723232ff0c5e96b566588d5c0bf341b7652810620e1b1.mp3,https://d19azau1un4t7r.cloudfront.net/content/expression-pronunciation-audio/4093/EN_GB/sentence/5aa9f361e3c461b47c83718c25dc05908c55818e246b410d698bef0af7367635.mp3,10
4093,55,55,5,I'm not feeling well,EN_AU,https://d19azau1un4t7r.cloudfront.net/content/expression-pronunciation-audio/4093/EN_AU/expression/e2e0ab632f913d8b767a976056194b64e85a93248a98d7693a0f35962eb21d8b.mp3,https://d19azau1un4t7r.cloudfront.net/content/expression-pronunciation-audio/4093/EN_AU/sentence/7e80008f8b0b8822cc9a99e46d3739796ebe42de3eb1ef35d93687b33da6d664.mp3,10
4094,55,55,6,get worse,EN_US,https://d19azau1un4t7r.cloudfront.net/content/expression-pronunciation-audio/4094/EN_US/expression/f70207f3787c03da6191e1df3d2ce6d4e037c10001089abe3334f598127e896d.mp3,https://d19azau1un4t7r.cloudfront.net/content/expression-pronunciation-audio/4094/EN_US/sentence/b4a848757557244088283a81b6d3da8e98642baa55ec50351858591183a0e7fe.mp3,11
4094,55,55,6,get worse,EN_GB,https://d19azau1un4t7r.cloudfront.net/content/expression-pronunciation-audio/4094/EN_GB/expression/e094f5c07f9fd5fe19544eac8466538ae92213b364748b72f80646a4817b5e6d.mp3,https://d19azau1un4t7r.cloudfront.net/content/expression-pronunciation-audio/4094/EN_GB/sentence/32c4d23894564749953d69859d6f547a6e8e23dada9729a63b82fcda302212f6.mp3,11
4094,55,55,6,get worse,EN_AU,https://d19azau1un4t7r.cloudfront.net/content/expression-pronunciation-audio/4094/EN_AU/expression/67d3343c33b4a56ede2352ff68e9a78dcb48512f356731b685ce946def6be05a.mp3,https://d19azau1un4t7r.cloudfront.net/content/expression-pronunciation-audio/4094/EN_AU/sentence/c2859cb6a007c73201caaf49ad9e891120cc0ba0b3d29c9f718063a9fb8fa796.mp3,11
4095,55,55,7,That works for me,EN_US,https://d19azau1un4t7r.cloudfront.net/content/expression-pronunciation-audio/4095/EN_US/expression/ee0f3c7175ab6ac73ca18da2aeebc9fd3665b434f228a5fc3550191bc41bc27c.mp3,https://d19azau1un4t7r.cloudfront.net/content/expression-pronunciation-audio/4095/EN_US/sentence/8de72aefe12902fc6e233fab283adc803268aba198745aca68ba92d5e081fed9.mp3,7
4095,55,55,7,That works for me,EN_GB,https://d19azau1un4t7r.cloudfront.net/content/expression-pronunciation-audio/4095/EN_GB/expression/ca25dab36432c6c9440784f01f9528fe5d872289a849d42cb6c7ca89dc2ab645.mp3,https://d19azau1un4t7r.cloudfront.net/content/expression-pronunciation-audio/4095/EN_GB/sentence/64bb9551c262e101a9aee8646be767e9fe59f3845c25b85822a5e943baf6c2f4.mp3,7
4095,55,55,7,That works for me,EN_AU,https://d19azau1un4t7r.cloudfront.net/content/expression-pronunciation-audio/4095/EN_AU/expression/83afbd3a5d3dd4a7cedace339dba3749e13c09509d48d47ea8c63fb32bb2380e.mp3,https://d19azau1un4t7r.cloudfront.net/content/expression-pronunciation-audio/4095/EN_AU/sentence/154f24f16b7ff5bdf3c4fd0502a1ddc6dfe3288dd0a3135a58377a1f582c7b8d.mp3,7
4096,55,55,8,pay in cash,EN_US,https://d19azau1un4t7r.cloudfront.net/content/expression-pronunciation-audio/4096/EN_US/expression/193b3f23fb115c9b32a2905439a99c943945bd53c3fc567195eb5360ffe1ae52.mp3,https://d19azau1un4t7r.cloudfront.net/content/expression-pronunciation-audio/4096/EN_US/sentence/dfdfc819ee924be8ddadd943709b00e38008cc4546127ec9a14aa753b92a8fb0.mp3,9
4096,55,55,8,pay in cash,EN_GB,https://d19azau1un4t7r.cloudfront.net/content/expression-pronunciation-audio/4096/EN_GB/expression/eb19103c995e8b8d629bbb11615fb0e7efde44b05713463a90e1c4e62b1e160c.mp3,https://d19azau1un4t7r.cloudfront.net/content/expression-pronunciation-audio/4096/EN_GB/sentence/155e74412551d22de228c196920141c38d1e9155c2b84994b1d9229ec49653c5.mp3,9
4096,55,55,8,pay in cash,EN_AU,https://d19azau1un4t7r.cloudfront.net/content/expression-pronunciation-audio/4096/EN_AU/expression/02e44d59ff44fa09d794f7e29cddf6205debc1878e2401996922cc7cef814ca3.mp3,https://d19azau1un4t7r.cloudfront.net/content/expression-pronunciation-audio/4096/EN_AU/sentence/a4dc81ce0e7b23877f17d5b9850b4c9e48af2b803f34f6d51813d115b04bdc6d.mp3,9
4097,55,55,9,sore throat,EN_US,https://d19azau1un4t7r.cloudfront.net/content/expression-pronunciation-audio/4097/EN_US/expression/9d62677262c9d9f7f39e5db581fee6d969bd03a0e2afc29c0a314b34b4b06bed.mp3,https://d19azau1un4t7r.cloudfront.net/content/expression-pronunciation-audio/4097/EN_US/sentence/77e54052f3984b34ae6bc49309bfd3a3c9ce6199730682174c1429021f9e498d.mp3,11
4097,55,55,9,sore throat,EN_GB,https://d19azau1un4t7r.cloudfront.net/content/expression-pronunciation-audio/4097/EN_GB/expression/f1d2a9028f4e91cdd53d5f4f5d6120d5cefe3eff1952f5334979f28e2357b84c.mp3,https://d19azau1un4t7r.cloudfront.net/content/expression-pronunciation-audio/4097/EN_GB/sentence/2994c1827d36f0d179021b0db64c027d997f591ca493bf51985639f38fef7c22.mp3,11
4097,55,55,9,sore throat,EN_AU,https://d19azau1un4t7r.cloudfront.net/content/expression-pronunciation-audio/4097/EN_AU/expression/aeca1032bb50d310e46b8f41f9b82988309f510e7991b91e5248087121d95509.mp3,https://d19azau1un4t7r.cloudfront.net/content/expression-pronunciation-audio/4097/EN_AU/sentence/77aaee8e998e59b082e504ff5cea06b8f678dfb8a3e2b7f28610f9bc0aa2d8a3.mp3,11
4098,55,55,10,knock me out,EN_US,https://d19azau1un4t7r.cloudfront.net/content/expression-pronunciation-audio/4098/EN_US/expression/79a89dc9d522fe74a448ab097e6ed565e6705bc9405f6affb1b0552835412984.mp3,https://d19azau1un4t7r.cloudfront.net/content/expression-pronunciation-audio/4098/EN_US/sentence/4bdba526b2a001310ca0dcacde54325b178d7efd21cac7b2babf271d57800094.mp3,12
4098,55,55,10,knock me out,EN_GB,https://d19azau1un4t7r.cloudfront.net/content/expression-pronunciation-audio/4098/EN_GB/expression/ec7b2e4040addc07592cd76b32ce827f6991338949b493660a8de95fe18cae1c.mp3,https://d19azau1un4t7r.cloudfront.net/content/expression-pronunciation-audio/4098/EN_GB/sentence/e9e3d0d994efede03b5cd99d29880aabba5e5304479916ce12efa871f9056bcb.mp3,12
4098,55,55,10,knock me out,EN_AU,https://d19azau1un4t7r.cloudfront.net/content/expression-pronunciation-audio/4098/EN_AU/expression/2f1c660c0f8a18fe3de2b578e4752217fc2a5aefa3550b3ed6b5bb278a2b6dd4.mp3,https://d19azau1un4t7r.cloudfront.net/content/expression-pronunciation-audio/4098/EN_AU/sentence/afb0e0fface902f2066e0d2e24e7a30e818f03790bf10249facdb4e431222686.mp3,12
4099,55,55,11,be covered,EN_US,https://d19azau1un4t7r.cloudfront.net/content/expression-pronunciation-audio/4099/EN_US/expression/eb0b39cb88f54a10c6de626366d40b835d2b00cebf3354d07b31efc21c70c65f.mp3,https://d19azau1un4t7r.cloudfront.net/content/expression-pronunciation-audio/4099/EN_US/sentence/7a816c3b9aa6b0ed532aae54e0d3dfa43765ba397cfcfcccd0f6a37a80d04fb6.mp3,5
4099,55,55,11,be covered,EN_GB,https://d19azau1un4t7r.cloudfront.net/content/expression-pronunciation-audio/4099/EN_GB/expression/15b8c4a76d8308e79c98f4a32058c1fa818df485bea4ead6302eb665c230fa72.mp3,https://d19azau1un4t7r.cloudfront.net/content/expression-pronunciation-audio/4099/EN_GB/sentence/30837b5ebe9870bac05d2e12be296aeb111c746077bee5b04d5de290a6fafde2.mp3,5
4099,55,55,11,be covered,EN_AU,https://d19azau1un4t7r.cloudfront.net/content/expression-pronunciation-audio/4099/EN_AU/expression/466f2c37c6e3fe9953d2fff10e350c53829fba06086c02a7aa0505a3b03fa08d.mp3,https://d19azau1un4t7r.cloudfront.net/content/expression-pronunciation-audio/4099/EN_AU/sentence/3b9fa097ef08363362a7f0c108725086422ca54bb5b0beca59812c3e8f6fe0bb.mp3,5
4100,67,67,1,I am a student here,EN_US,https://d19azau1un4t7r.cloudfront.net/content/expression-pronunciation-audio/4100/EN_US/expression/4b43b5383d4ec048803072f5b7b332fc90adae0e2b8d0f744a73a4fd636f8229.mp3,https://d19azau1un4t7r.cloudfront.net/content/expression-pronunciation-audio/4100/EN_US/sentence/378a630b1cd0631f0ae3f943d7d2550619b7b2e228399c8af371dc1b22774f21.mp3,5
4100,67,67,1,I am a student here,EN_GB,https://d19azau1un4t7r.cloudfront.net/content/expression-pronunciation-audio/4100/EN_GB/expression/db691bf8fb93e703d5303d4dfe0c095de42562faee1fe77ea034bd2636ecb3bc.mp3,https://d19azau1un4t7r.cloudfront.net/content/expression-pronunciation-audio/4100/EN_GB/sentence/56de20fe04def262aa6b55f45d9daa98b401df1228ff8be7231c8cc12c4a8545.mp3,5
4100,67,67,1,I am a student here,EN_AU,https://d19azau1un4t7r.cloudfront.net/content/expression-pronunciation-audio/4100/EN_AU/expression/d3b5fef6eceb5fb54ac522cf1aaa9b13514ee03dde0573cb58cbab124759ab0a.mp3,https://d19azau1un4t7r.cloudfront.net/content/expression-pronunciation-audio/4100/EN_AU/sentence/a2b9b3860c3f55c25c900cb09971137ee61418fe163ab1fcdd8d439e1b092350.mp3,5
4101,67,67,2,for my rent,EN_US,https://d19azau1un4t7r.cloudfront.net/content/expression-pronunciation-audio/4101/EN_US/expression/3026e84ee3d86a76d680f91caeec90db1e1ed974e307cb3f336321b1847cc1cc.mp3,https://d19azau1un4t7r.cloudfront.net/content/expression-pronunciation-audio/4101/EN_US/sentence/78464272ff4a7b4703b9df8149f1a6ef10e7f1635cfd0f86901c33dd42362b0a.mp3,6
4101,67,67,2,for my rent,EN_GB,https://d19azau1un4t7r.cloudfront.net/content/expression-pronunciation-audio/4101/EN_GB/expression/801b0942f24c378067d594812951b8d7a42d904810f785879f168f42f7fefe0d.mp3,https://d19azau1un4t7r.cloudfront.net/content/expression-pronunciation-audio/4101/EN_GB/sentence/feeb6d3c8f21f4320875c6c7c1127e8ff2d5387fc769ee3836def5cef39eafb9.mp3,6
4101,67,67,2,for my rent,EN_AU,https://d19azau1un4t7r.cloudfront.net/content/expression-pronunciation-audio/4101/EN_AU/expression/3c11d6453a205fc936c4ec1ad7ad7662d3445c8ccf3683a411a12d85dafcac10.mp3,https://d19azau1un4t7r.cloudfront.net/content/expression-pronunciation-audio/4101/EN_AU/sentence/4c2191aaf5c26f97cad76b463a8d1936f9439786800e9acde21d161a9047f7b0.mp3,6
4102,67,67,3,I have my passport,EN_US,https://d19azau1un4t7r.cloudfront.net/content/expression-pronunciation-audio/4102/EN_US/expression/a79d80bdd6fdc5069cd221aa4d8695a8ef89b94be60af58b42d952cb469e985a.mp3,https://d19azau1un4t7r.cloudfront.net/content/expression-pronunciation-audio/4102/EN_US/sentence/ed537cb42b78ba358489f62dbe9d827c69c9ae43d216f90a6e9dd69a30fbfdd8.mp3,6
4102,67,67,3,I have my passport,EN_GB,https://d19azau1un4t7r.cloudfront.net/content/expression-pronunciation-audio/4102/EN_GB/expression/13f9d8a6f5e55defc5826a54ad96d170075114dcb190c34d076d18d997926145.mp3,https://d19azau1un4t7r.cloudfront.net/content/expression-pronunciation-audio/4102/EN_GB/sentence/c33a902b3c9b8a33638c3b62be69a638ec9c6bbf50a7ab2ab4fcc4fecd30783b.mp3,6
4102,67,67,3,I have my passport,EN_AU,https://d19azau1un4t7r.cloudfront.net/content/expression-pronunciation-audio/4102/EN_AU/expression/c6c10d538a767a0074edbcb3e84a9acb1cc1ba2b2128593821f4d1832920654d.mp3,https://d19azau1un4t7r.cloudfront.net/content/expression-pronunciation-audio/4102/EN_AU/sentence/cffd8687452085841dd583dcc46d33e30f286c6ecee5b7559388307dc04124a3.mp3,6
4103,67,67,4,I need it soon,EN_US,https://d19azau1un4t7r.cloudfront.net/content/expression-pronunciation-audio/4103/EN_US/expression/467a2a87b9d54563f1e9026d7559b9726d3810b0b172df18d2972db8ba02645f.mp3,https://d19azau1un4t7r.cloudfront.net/content/expression-pronunciation-audio/4103/EN_US/sentence/5cb3da2fbf359c06408f163134f150ec5d9f1c5f560556e289bedce01285d30f.mp3,5
4103,67,67,4,I need it soon,EN_GB,https://d19azau1un4t7r.cloudfront.net/content/expression-pronunciation-audio/4103/EN_GB/expression/a0961b13fa7ffc5c9bac101acdeff3014e7517784b54f6d8376eaccfcffcc8af.mp3,https://d19azau1un4t7r.cloudfront.net/content/expression-pronunciation-audio/4103/EN_GB/sentence/74188ce14028334577fe2eb65f5bec9a9095a925e2777485062aea938e0bfe88.mp3,5
4103,67,67,4,I need it soon,EN_AU,https://d19azau1un4t7r.cloudfront.net/content/expression-pronunciation-audio/4103/EN_AU/expression/0ca9f8988c30cdba21e6586ca202d5d571635df240d24275a47ac80c147c7e1d.mp3,https://d19azau1un4t7r.cloudfront.net/content/expression-pronunciation-audio/4103/EN_AU/sentence/499c0b28c46126699d46213850a03efc55ddf5e776a2fefbc59d994f9a27d5f9.mp3,5
4104,67,67,5,I just moved here,EN_US,https://d19azau1un4t7r.cloudfront.net/content/expression-pronunciation-audio/4104/EN_US/expression/1233cc58e741b39ef08aa12b521368971f73e9fc6c2c115670b3df414d97bfb8.mp3,https://d19azau1un4t7r.cloudfront.net/content/expression-pronunciation-audio/4104/EN_US/sentence/a3a1b2ede3bc1de684f3fe147ab43a9bb04f8d7fddcc093f9d7fdff23f1a81cd.mp3,10
4104,67,67,5,I just moved here,EN_GB,https://d19azau1un4t7r.cloudfront.net/content/expression-pronunciation-audio/4104/EN_GB/expression/76a2cc910bd8b745901d2a7404d49b4d41f1d6b082f586351b9883932712c0cf.mp3,https://d19azau1un4t7r.cloudfront.net/content/expression-pronunciation-audio/4104/EN_GB/sentence/27ebb3768845e986ec97553e20e39119c2194ae7e812f749a88d06aa2382669a.mp3,10
4104,67,67,5,I just moved here,EN_AU,https://d19azau1un4t7r.cloudfront.net/content/expression-pronunciation-audio/4104/EN_AU/expression/cf909794871879f6b7cf7fddd8b15c68dbddbdc81225777d3314c412321f18ef.mp3,https://d19azau1un4t7r.cloudfront.net/content/expression-pronunciation-audio/4104/EN_AU/sentence/9a146414a6a4e3490692a308e59057cfd67efb374beb42c64be9fc98f25a4921.mp3,10
4105,67,67,6,to get my salary,EN_US,https://d19azau1un4t7r.cloudfront.net/content/expression-pronunciation-audio/4105/EN_US/expression/ee6436d5913ccdb1fa4389004729f52d8fa07c0b2d4a71bbb7ed207d6d4e688b.mp3,https://d19azau1un4t7r.cloudfront.net/content/expression-pronunciation-audio/4105/EN_US/sentence/2a98c9f9071986678929b8a005ff8d9a2fb15a2a9dd5fb8d411798d9e43846f7.mp3,9
4105,67,67,6,to get my salary,EN_GB,https://d19azau1un4t7r.cloudfront.net/content/expression-pronunciation-audio/4105/EN_GB/expression/6ef356e286a1d8ec0db31728e3954bda1c7c8e9fdadbb55792d69d6a11b5d0b4.mp3,https://d19azau1un4t7r.cloudfront.net/content/expression-pronunciation-audio/4105/EN_GB/sentence/6da4e4b19eaa3942cc63b469f283f508506d56758f5334a3cdc553f64f649005.mp3,9
4105,67,67,6,to get my salary,EN_AU,https://d19azau1un4t7r.cloudfront.net/content/expression-pronunciation-audio/4105/EN_AU/expression/8b0aeb6fdb5a75f777ece8a789844ea6f7962f1bb5bbad67166aa1c804b54aa7.mp3,https://d19azau1un4t7r.cloudfront.net/content/expression-pronunciation-audio/4105/EN_AU/sentence/b9fc249182620fc1607493ef4c0954b3a6b7624229c1f1ce7d8e8d6ec7a09e40.mp3,9
4106,67,67,7,the simpler one,EN_US,https://d19azau1un4t7r.cloudfront.net/content/expression-pronunciation-audio/4106/EN_US/expression/a123b83f6753e8fe12cd00b24d80813213386c74002751d5793629fa4546ffe0.mp3,https://d19azau1un4t7r.cloudfront.net/content/expression-pronunciation-audio/4106/EN_US/sentence/817c8fbcf147e1a82fa0cb88e81ab8817939433e7ceba544d0b0715d841a52a7.mp3,9
4106,67,67,7,the simpler one,EN_GB,https://d19azau1un4t7r.cloudfront.net/content/expression-pronunciation-audio/4106/EN_GB/expression/4404bbbe92fdcb3bb53b4dd945be2a87305c8460619ad255ed07befe5dbc981f.mp3,https://d19azau1un4t7r.cloudfront.net/content/expression-pronunciation-audio/4106/EN_GB/sentence/f850206184b2a8c7c09f738ea89911c9c10481368b21610af7d36c7e8c4547b2.mp3,9
4106,67,67,7,the simpler one,EN_AU,https://d19azau1un4t7r.cloudfront.net/content/expression-pronunciation-audio/4106/EN_AU/expression/f6dc9089f270330ff464f34f4fe11d4d5eab7ad925f80d66dcdcc34588d54cad.mp3,https://d19azau1un4t7r.cloudfront.net/content/expression-pronunciation-audio/4106/EN_AU/sentence/d36609e51bf6d1f344252f78a89e747a5d2ce1ade2b80d57a7ea4af696fedd58.mp3,9
4107,67,67,8,by the end of the week,EN_US,https://d19azau1un4t7r.cloudfront.net/content/expression-pronunciation-audio/4107/EN_US/expression/9f3a02b4a957b706e8a74a07a519cff8fa7c3938130265450a1275a676fd15c7.mp3,https://d19azau1un4t7r.cloudfront.net/content/expression-pronunciation-audio/4107/EN_US/sentence/24494c19965f325da0d0cb7c1a3d8c4ac79678eb47e66e8f518e3682119063ef.mp3,11
4107,67,67,8,by the end of the week,EN_GB,https://d19azau1un4t7r.cloudfront.net/content/expression-pronunciation-audio/4107/EN_GB/expression/1b5784e7e38c6fecba7d68d56e6f93bb710635aa95cd6443d0c526a382014390.mp3,https://d19azau1un4t7r.cloudfront.net/content/expression-pronunciation-audio/4107/EN_GB/sentence/1e58470a51e6a4fafda146d6370f444b4dc8a1d01a85fa0ecbc4a4d1053381e0.mp3,11
4107,67,67,8,by the end of the week,EN_AU,https://d19azau1un4t7r.cloudfront.net/content/expression-pronunciation-audio/4107/EN_AU/expression/c23452d97e196282e2c1dec00228203e445303bc1c45fb2d3393543a39d6e388.mp3,https://d19azau1un4t7r.cloudfront.net/content/expression-pronunciation-audio/4107/EN_AU/sentence/288b221a5d6bf1447ee3171453ac6eb5994d2dad96957d6ad668b301f75935bd.mp3,11
4108,67,67,9,living expenses,EN_US,https://d19azau1un4t7r.cloudfront.net/content/expression-pronunciation-audio/4108/EN_US/expression/695efec9e78b90da185034386a3cbe741e8a7c244a2bb5fab05c807ee699d4b4.mp3,https://d19azau1un4t7r.cloudfront.net/content/expression-pronunciation-audio/4108/EN_US/sentence/5fcec4b9ce05ffe406a9683648d825e280aa4c7dbd7e3984e5f6650b11b0acaa.mp3,11
4108,67,67,9,living expenses,EN_GB,https://d19azau1un4t7r.cloudfront.net/content/expression-pronunciation-audio/4108/EN_GB/expression/d9bd85425a623e5645b9292eedf4da0a777d83cc221e2f63f7c6dd5920bad1da.mp3,https://d19azau1un4t7r.cloudfront.net/content/expression-pronunciation-audio/4108/EN_GB/sentence/28b8e14530474d16708f5798790e783ebd44657bdef6bdd5967224ef8145f783.mp3,11
4108,67,67,9,living expenses,EN_AU,https://d19azau1un4t7r.cloudfront.net/content/expression-pronunciation-audio/4108/EN_AU/expression/1f61fd2e0111c5d93e474df04ba85cf1066def3453847e3110fd1008f8fd01ef.mp3,https://d19azau1un4t7r.cloudfront.net/content/expression-pronunciation-audio/4108/EN_AU/sentence/40c5fa38cfb7016d85843d6a45634dd5ff2a6a3466fa1a4e30a30564d2a9a62b.mp3,11
4109,67,67,10,tie up,EN_US,https://d19azau1un4t7r.cloudfront.net/content/expression-pronunciation-audio/4109/EN_US/expression/9803a0ac157c0ffa7911ef52eebacd8586d0e33dc57ab4a954d781c64387adc5.mp3,https://d19azau1un4t7r.cloudfront.net/content/expression-pronunciation-audio/4109/EN_US/sentence/437b327fa6df0d15e7ab3992aeb6ee4aeeb36ef58feff27cbb72b56389503664.mp3,18
4109,67,67,10,tie up,EN_GB,https://d19azau1un4t7r.cloudfront.net/content/expression-pronunciation-audio/4109/EN_GB/expression/78591bdb95801ddc5887def5f1cada0d8a44352bf47e24f92f4627076fca5573.mp3,https://d19azau1un4t7r.cloudfront.net/content/expression-pronunciation-audio/4109/EN_GB/sentence/2fab2fe497dbbabedbe6d06d3b462984d955f48dd42adba16c476e0a91c03cf9.mp3,18
4109,67,67,10,tie up,EN_AU,https://d19azau1un4t7r.cloudfront.net/content/expression-pronunciation-audio/4109/EN_AU/expression/06354523dbfa6bc607d3d832711214ead06cd837a23cfcf5eff01f217b56116d.mp3,https://d19azau1un4t7r.cloudfront.net/content/expression-pronunciation-audio/4109/EN_AU/sentence/4a1ccf11f134e9a285b426f66ed57151d7f5d4420ccb413d275ef7d7d0293893.mp3,18
4110,67,67,11,have ~ on me,EN_US,,https://d19azau1un4t7r.cloudfront.net/content/expression-pronunciation-audio/4110/EN_US/sentence/71b71eb6e2419881859af92199207f425dafab084c88905e8e24955ec672013e.mp3,10
4110,67,67,11,have ~ on me,EN_GB,,https://d19azau1un4t7r.cloudfront.net/content/expression-pronunciation-audio/4110/EN_GB/sentence/9a4849ae08700cee11847d4c47af14224fd7610b2386a4a0669dd6e31468d46b.mp3,10
4110,67,67,11,have ~ on me,EN_AU,,https://d19azau1un4t7r.cloudfront.net/content/expression-pronunciation-audio/4110/EN_AU/sentence/bc9a61d873fc52d46d96d35973b5cc7e79e31be4a205e745e1d45b3bcaa5f76f.mp3,10
4111,42,42,1,around ~ o'clock,EN_US,,https://d19azau1un4t7r.cloudfront.net/content/expression-pronunciation-audio/4111/EN_US/sentence/43b8de04cc6ae965df69eb12369dbe3f7f32de16ce44dd8e9f7b859786f4ffd6.mp3,6
4111,42,42,1,around ~ o'clock,EN_GB,,https://d19azau1un4t7r.cloudfront.net/content/expression-pronunciation-audio/4111/EN_GB/sentence/bd7aad9b191fc7fc20768805a1b53ef5f7bb6d10bbf992312e6832572219b540.mp3,6
4111,42,42,1,around ~ o'clock,EN_AU,,https://d19azau1un4t7r.cloudfront.net/content/expression-pronunciation-audio/4111/EN_AU/sentence/5f87977f58d753bf82d8b55eca90d366e32fcc0a57c59d5f8d4c7a6753636faa.mp3,6
4112,42,42,2,It's a little heavy,EN_US,https://d19azau1un4t7r.cloudfront.net/content/expression-pronunciation-audio/4112/EN_US/expression/90f59e82d8af62ab11e1a4d497db6985e403ce77609159facf1a3c96f97cc48e.mp3,https://d19azau1un4t7r.cloudfront.net/content/expression-pronunciation-audio/4112/EN_US/sentence/8b5729c70038ddc124d1e1bc1a878e972cc2b19c5a85eb42a37c02a8c243347f.mp3,6
4112,42,42,2,It's a little heavy,EN_GB,https://d19azau1un4t7r.cloudfront.net/content/expression-pronunciation-audio/4112/EN_GB/expression/2578b6f486396f8b5e491f7f69fd28c0e7e83c3c6f31af257a121fce5c5e5e8e.mp3,https://d19azau1un4t7r.cloudfront.net/content/expression-pronunciation-audio/4112/EN_GB/sentence/670011d8825f063583c7aca9aa63cc53de5b0814a1c652b7e218f1db7207b11e.mp3,6
4112,42,42,2,It's a little heavy,EN_AU,https://d19azau1un4t7r.cloudfront.net/content/expression-pronunciation-audio/4112/EN_AU/expression/1bc83011e05a4edd430a01c1d4d0bdba472f9cec2dc8c960f188cd90c93411ba.mp3,https://d19azau1un4t7r.cloudfront.net/content/expression-pronunciation-audio/4112/EN_AU/sentence/726f9a635a59558e8c6314f871739e1e92e1b3e514fa2a03e08206494ec1fc73.mp3,6
4113,42,42,3,You can sign it,EN_US,https://d19azau1un4t7r.cloudfront.net/content/expression-pronunciation-audio/4113/EN_US/expression/c3637590fbbc40da1121b23dcf78448737657914d4f03673fd6dd6d098d5608e.mp3,https://d19azau1un4t7r.cloudfront.net/content/expression-pronunciation-audio/4113/EN_US/sentence/271737c5bbc61b00cf34f19108dac18e1a66893641f542cc1242bffc84cff811.mp3,7
4113,42,42,3,You can sign it,EN_GB,https://d19azau1un4t7r.cloudfront.net/content/expression-pronunciation-audio/4113/EN_GB/expression/461ed22e662f61162e828ffd844c1f8e705acae9c3fb7f1f8b959c308328ec1d.mp3,https://d19azau1un4t7r.cloudfront.net/content/expression-pronunciation-audio/4113/EN_GB/sentence/267853d6e6a5fd36f7751f84b57539d7fb27a4e351f80df4c116aca320ab970e.mp3,7
4113,42,42,3,You can sign it,EN_AU,https://d19azau1un4t7r.cloudfront.net/content/expression-pronunciation-audio/4113/EN_AU/expression/60808682df170e06c61cc667ca36253597ca9b7d8005033749bb7f646f1f3641.mp3,https://d19azau1un4t7r.cloudfront.net/content/expression-pronunciation-audio/4113/EN_AU/sentence/10ed885c795c35c5a735913b0ce4bf99b3c25ff230b72d4565c034596b471f1f.mp3,7
4114,42,42,4,That helps a lot,EN_US,https://d19azau1un4t7r.cloudfront.net/content/expression-pronunciation-audio/4114/EN_US/expression/f6d724c3e38e36eed6d49ff10fdbf9dde114b94732e8decc115b80efc0820c85.mp3,https://d19azau1un4t7r.cloudfront.net/content/expression-pronunciation-audio/4114/EN_US/sentence/4ea1ece70a259d8b04d8c1d300be4517adee56d04a98d2ddaf5153fa15b8c94c.mp3,6
4114,42,42,4,That helps a lot,EN_GB,https://d19azau1un4t7r.cloudfront.net/content/expression-pronunciation-audio/4114/EN_GB/expression/bf6fb92af8323711dc66f6c8cd3458fe9090ad5954a1f1ba3a832f64fbddfed3.mp3,https://d19azau1un4t7r.cloudfront.net/content/expression-pronunciation-audio/4114/EN_GB/sentence/5f2ef24ca2bf59aabce2fbbda27017fff4cb28695c59ae6364781ce801640fdf.mp3,6
4114,42,42,4,That helps a lot,EN_AU,https://d19azau1un4t7r.cloudfront.net/content/expression-pronunciation-audio/4114/EN_AU/expression/926491655093066c434c7ece9967f703998c0315fe0b7f89da159bca964ee663.mp3,https://d19azau1un4t7r.cloudfront.net/content/expression-pronunciation-audio/4114/EN_AU/sentence/63d9b1cd74fa5aff3fc4f2d7cc5895f575cb9efea05c401bcf840487d8776ec8.mp3,6
4115,42,42,5,be careful with ~,EN_US,,https://d19azau1un4t7r.cloudfront.net/content/expression-pronunciation-audio/4115/EN_US/sentence/bb98b55a643d86aecd927fc0a5df083ea9512665762764414c969d9efe5a68c8.mp3,9
4115,42,42,5,be careful with ~,EN_GB,,https://d19azau1un4t7r.cloudfront.net/content/expression-pronunciation-audio/4115/EN_GB/sentence/78733c59e712b21f2f7f8d4bd6c2fd48dfc8272b1f37d48d2742de0036b4690e.mp3,9
4115,42,42,5,be careful with ~,EN_AU,,https://d19azau1un4t7r.cloudfront.net/content/expression-pronunciation-audio/4115/EN_AU/sentence/cf46c467859b0359752e1b1fe02c126bd3e482bd2f1a620cc557fa93c12dc201.mp3,9
4116,42,42,6,I trust you,EN_US,https://d19azau1un4t7r.cloudfront.net/content/expression-pronunciation-audio/4116/EN_US/expression/c1769fc8867335b038e3b9842748bd50c55e4dad03afa786bec62a05ff6a8d65.mp3,https://d19azau1un4t7r.cloudfront.net/content/expression-pronunciation-audio/4116/EN_US/sentence/1fa7634b3b51fd48cfd6956265386e36c8d2208799275d544cc2bed47bcf813e.mp3,11
4116,42,42,6,I trust you,EN_GB,https://d19azau1un4t7r.cloudfront.net/content/expression-pronunciation-audio/4116/EN_GB/expression/14a894f1e24b0eb41eda6a1d8c35fa386c8769cf2e1ffec797c829378e04d78e.mp3,https://d19azau1un4t7r.cloudfront.net/content/expression-pronunciation-audio/4116/EN_GB/sentence/86d68d041a1891de4b39d6c377366d112710388d4d5b621b1f27b954f174240f.mp3,11
4116,42,42,6,I trust you,EN_AU,https://d19azau1un4t7r.cloudfront.net/content/expression-pronunciation-audio/4116/EN_AU/expression/204a4475a3da0bca71683f37b6ae922155c657548b9bd40417eb7da92f392d23.mp3,https://d19azau1un4t7r.cloudfront.net/content/expression-pronunciation-audio/4116/EN_AU/sentence/f3ce63c2f7fbb54f6615a60a1f7bdeae1461e929f5fa7620a70cc2be10cfaf79.mp3,11
4117,42,42,7,keep it in your room,EN_US,https://d19azau1un4t7r.cloudfront.net/content/expression-pronunciation-audio/4117/EN_US/expression/4e64878f180987a5ef85ed51f986e6ea13d10abd5814abf9f400f91086c312e8.mp3,https://d19azau1un4t7r.cloudfront.net/content/expression-pronunciation-audio/4117/EN_US/sentence/d09cea8919b4d7eb791c3a76ebae1f03e9c467c151fc8b82a2d45d4921faa6ea.mp3,12
4117,42,42,7,keep it in your room,EN_GB,https://d19azau1un4t7r.cloudfront.net/content/expression-pronunciation-audio/4117/EN_GB/expression/4c155b43b01d94c2daaaad29622c8773f9dee71a55cf2be377e93137bc166e0b.mp3,https://d19azau1un4t7r.cloudfront.net/content/expression-pronunciation-audio/4117/EN_GB/sentence/c56aab0c30e71f2f8584344d4e2181e6464b2fd2e84ecd563a17c69dee206a10.mp3,12
4117,42,42,7,keep it in your room,EN_AU,https://d19azau1un4t7r.cloudfront.net/content/expression-pronunciation-audio/4117/EN_AU/expression/022a2beed5ebfe89ff334f91850384f9c1a9157c74864ef63fc461e927bdea41.mp3,https://d19azau1un4t7r.cloudfront.net/content/expression-pronunciation-audio/4117/EN_AU/sentence/4de23cd38e315833c802a4500d218915fc3a51f760dde87eceb8c7801a4184f3.mp3,12
4118,42,42,8,I'll be home by ~,EN_US,,https://d19azau1un4t7r.cloudfront.net/content/expression-pronunciation-audio/4118/EN_US/sentence/0184bf8e84e469c74730b111bd679a5aea8e563d8b67f5ec0eb1207f85836c4e.mp3,13
4118,42,42,8,I'll be home by ~,EN_GB,,https://d19azau1un4t7r.cloudfront.net/content/expression-pronunciation-audio/4118/EN_GB/sentence/615ed9cb54651e0d81e31c7a24330183f9815e00a3fd17e1c50e76c8e06ed8e7.mp3,13
4118,42,42,8,I'll be home by ~,EN_AU,,https://d19azau1un4t7r.cloudfront.net/content/expression-pronunciation-audio/4118/EN_AU/sentence/387bd251c8bc7a1b0a75ef26d6f11020f80fd2f26da3c18766c01fe59d7e75d3.mp3,13
4119,42,42,9,do me a favor,EN_US,https://d19azau1un4t7r.cloudfront.net/content/expression-pronunciation-audio/4119/EN_US/expression/95d9d9ceea90fff84544ae031c86e10231f26b76a6eec6a24165a03db67a86ac.mp3,https://d19azau1un4t7r.cloudfront.net/content/expression-pronunciation-audio/4119/EN_US/sentence/b1defd9966b4e67a3bca0a3a19b17bf2a32eb410d87a30895918c490e0c4be41.mp3,12
4119,42,42,9,do me a favor,EN_GB,https://d19azau1un4t7r.cloudfront.net/content/expression-pronunciation-audio/4119/EN_GB/expression/7e0b0c14dc6e2994a4cbef23660a1943e129c10963f13958af5c4d0679187855.mp3,https://d19azau1un4t7r.cloudfront.net/content/expression-pronunciation-audio/4119/EN_GB/sentence/66ca8be023c7e880a0fb62e0a6c229e06fe26c63d3dd227b3516a52e5e97f486.mp3,12
4119,42,42,9,do me a favor,EN_AU,https://d19azau1un4t7r.cloudfront.net/content/expression-pronunciation-audio/4119/EN_AU/expression/fac6f7868c1ad0ddb20f8fa86682e377379363e0d01d424456a71719f5226b6a.mp3,https://d19azau1un4t7r.cloudfront.net/content/expression-pronunciation-audio/4119/EN_AU/sentence/009102e45fd7db86466f7b72ef2ed015e7c905609efdfbf5b979eac19a34bdeb.mp3,12
4120,42,42,10,sign for,EN_US,https://d19azau1un4t7r.cloudfront.net/content/expression-pronunciation-audio/4120/EN_US/expression/0cc3b4a8212c4a3accd7fe0ec567e060b1b1edf021a09e43501610948f887e17.mp3,https://d19azau1un4t7r.cloudfront.net/content/expression-pronunciation-audio/4120/EN_US/sentence/8ceab70f776c2965887fc5be7ced76afad54be9931bda9a0049f928b5ce8ec23.mp3,8
4120,42,42,10,sign for,EN_GB,https://d19azau1un4t7r.cloudfront.net/content/expression-pronunciation-audio/4120/EN_GB/expression/6d7abd44f62ca9fc985f0a4092910df106e629d8a48c7b9a6d9f83783c856e22.mp3,https://d19azau1un4t7r.cloudfront.net/content/expression-pronunciation-audio/4120/EN_GB/sentence/55423215a2b7189ad26e5e039eb604a7b63fc5b7ce7f23e9758ca53deda190ab.mp3,8
4120,42,42,10,sign for,EN_AU,https://d19azau1un4t7r.cloudfront.net/content/expression-pronunciation-audio/4120/EN_AU/expression/d82a76ddb8fcc9eff2ca1511a6bfcead2b2944860a76a4f39316b2a627b571fd.mp3,https://d19azau1un4t7r.cloudfront.net/content/expression-pronunciation-audio/4120/EN_AU/sentence/56e683bdbd43ac3101df1bbd27c9010e304e85f4649dd32110fbe012dc8c736c.mp3,8
4121,42,42,11,on my behalf,EN_US,https://d19azau1un4t7r.cloudfront.net/content/expression-pronunciation-audio/4121/EN_US/expression/6ee4e204314ec8e07e015b679ef3a092b248f7a1bfe244e76215a1066f5d0404.mp3,https://d19azau1un4t7r.cloudfront.net/content/expression-pronunciation-audio/4121/EN_US/sentence/f052a8bae174df964deb045c10805b3d3fb87cdc094455168ec8444e3225a223.mp3,9
4121,42,42,11,on my behalf,EN_GB,https://d19azau1un4t7r.cloudfront.net/content/expression-pronunciation-audio/4121/EN_GB/expression/f1815274fca11225d26a53b04d67d9672790afb09ee653602ba83c6410127eda.mp3,https://d19azau1un4t7r.cloudfront.net/content/expression-pronunciation-audio/4121/EN_GB/sentence/72466039918d6a5b50d1294a1349846cea499b6e35b036f4d46c13d4cc8a2461.mp3,9
4121,42,42,11,on my behalf,EN_AU,https://d19azau1un4t7r.cloudfront.net/content/expression-pronunciation-audio/4121/EN_AU/expression/d0c9e9a3ca11dfca3aca7dc663eac3f510764d99ddb8853c93906c90bcaaa84f.mp3,https://d19azau1un4t7r.cloudfront.net/content/expression-pronunciation-audio/4121/EN_AU/sentence/0f8db343b3d97a6c8f06d2fe3df7c55d00ff81f2469603890199b83d68256a86.mp3,9
4122,62,62,1,I had it at ~,EN_US,,https://d19azau1un4t7r.cloudfront.net/content/expression-pronunciation-audio/4122/EN_US/sentence/07a941d9da8c8712a60fd11e50df240379318153354e28a6bff9928c171e4ac4.mp3,7
4122,62,62,1,I had it at ~,EN_GB,,https://d19azau1un4t7r.cloudfront.net/content/expression-pronunciation-audio/4122/EN_GB/sentence/93888c32c607e528dd77845b203a96c5f06e271fbc85d7b11056d0a6a7691586.mp3,7
4122,62,62,1,I had it at ~,EN_AU,,https://d19azau1un4t7r.cloudfront.net/content/expression-pronunciation-audio/4122/EN_AU/sentence/fa1ccdc7a74a678a09b6a5aa5bb52ca8f2210ad3dbe2d22ef4175583f0f70191.mp3,7
4123,62,62,2,I should call ~,EN_US,,https://d19azau1un4t7r.cloudfront.net/content/expression-pronunciation-audio/4123/EN_US/sentence/12a8869966936b48b48197e4ecb3bf23343c8d6c0d93534207154f13ccf5ceef.mp3,8
4123,62,62,2,I should call ~,EN_GB,,https://d19azau1un4t7r.cloudfront.net/content/expression-pronunciation-audio/4123/EN_GB/sentence/3fafd582f24d33a9bef6c604492a2ff32d0de105d68f7011b6bdf18a37ceddd3.mp3,8
4123,62,62,2,I should call ~,EN_AU,,https://d19azau1un4t7r.cloudfront.net/content/expression-pronunciation-audio/4123/EN_AU/sentence/429a962dcf291e06baa426f2c4a711da73af1c6cc06f1be5e630b1776d226891.mp3,8
4124,62,62,3,change my password,EN_US,https://d19azau1un4t7r.cloudfront.net/content/expression-pronunciation-audio/4124/EN_US/expression/c67a38eed5fab5782c9374d39db66c2564bb17b7c5fd9684009530a700fbe1d1.mp3,https://d19azau1un4t7r.cloudfront.net/content/expression-pronunciation-audio/4124/EN_US/sentence/48bc2a4b509f0883ae5125986fcc1244abd6833b492657522ff6dd3752ac400c.mp3,6
4124,62,62,3,change my password,EN_GB,https://d19azau1un4t7r.cloudfront.net/content/expression-pronunciation-audio/4124/EN_GB/expression/11987586171940a178ebd32a13971cac7f71ab32450c29029ab98204caea7017.mp3,https://d19azau1un4t7r.cloudfront.net/content/expression-pronunciation-audio/4124/EN_GB/sentence/ec16d9ed74fc47d87904c2fe604d40a635ba634b51eb5e028b5c41c2f32ab070.mp3,6
4124,62,62,3,change my password,EN_AU,https://d19azau1un4t7r.cloudfront.net/content/expression-pronunciation-audio/4124/EN_AU/expression/686bacf5cd718854b4cbb940d8e5e30159ed51b9d72b77968627206aa2d4615a.mp3,https://d19azau1un4t7r.cloudfront.net/content/expression-pronunciation-audio/4124/EN_AU/sentence/f306244e173754b6c94a37c25639b9646b4b4cb25861d0d85a0f0d54fab844f2.mp3,6
4125,62,62,4,It's important to me,EN_US,https://d19azau1un4t7r.cloudfront.net/content/expression-pronunciation-audio/4125/EN_US/expression/c67f90b5881a6a49285a6faf795c621d9285a9ce48356533892947b0644992f0.mp3,https://d19azau1un4t7r.cloudfront.net/content/expression-pronunciation-audio/4125/EN_US/sentence/878d86ec9bc3b01be928b2a5ba0b7d96ac67d2f99912215e3b865fda35b2c666.mp3,9
4125,62,62,4,It's important to me,EN_GB,https://d19azau1un4t7r.cloudfront.net/content/expression-pronunciation-audio/4125/EN_GB/expression/3d20e9be58edc51b70c0cbf99b72e5200eaed7fec872382d5d8c17f49b009761.mp3,https://d19azau1un4t7r.cloudfront.net/content/expression-pronunciation-audio/4125/EN_GB/sentence/81a8c40dbf51a36661a4ec62ccaf526e1a6eaba0e4ed40d4363242b711cf0aaf.mp3,9
4125,62,62,4,It's important to me,EN_AU,https://d19azau1un4t7r.cloudfront.net/content/expression-pronunciation-audio/4125/EN_AU/expression/0d2a9481a1652b8327919130d0ef229f8174d85d5eaf1467e171eae74b93eaf5.mp3,https://d19azau1un4t7r.cloudfront.net/content/expression-pronunciation-audio/4125/EN_AU/sentence/a2f2e238b2275a759a6f2b48c51069768acbad28120f53deea7e770d5e5989d9.mp3,9
4126,62,62,5,The last time I saw it was ~,EN_US,,https://d19azau1un4t7r.cloudfront.net/content/expression-pronunciation-audio/4126/EN_US/sentence/af955fd0d45649dc1c912ce99efeb5b75fdd7a0ecef385f7098eb738eac0958b.mp3,12
4126,62,62,5,The last time I saw it was ~,EN_GB,,https://d19azau1un4t7r.cloudfront.net/content/expression-pronunciation-audio/4126/EN_GB/sentence/64b04501fe32b590eff642b96084fc34f1e660c469a68ee9de63840093e5b5c3.mp3,12
4126,62,62,5,The last time I saw it was ~,EN_AU,,https://d19azau1un4t7r.cloudfront.net/content/expression-pronunciation-audio/4126/EN_AU/sentence/b91d11ec54d7df86b7c4955bd50fa4f88f370da9412c63bc346ef6a10ab9d304.mp3,12
4127,62,62,6,report a lost phone,EN_US,https://d19azau1un4t7r.cloudfront.net/content/expression-pronunciation-audio/4127/EN_US/expression/c3d24ae2a6e0b5878e59e2dcc7e34d5f6c078351ae4c054a7b912b42f4329b3c.mp3,https://d19azau1un4t7r.cloudfront.net/content/expression-pronunciation-audio/4127/EN_US/sentence/dab71ca74dbe9a0baab3fced046dbbace56eaf0771a97c496039b01889c97186.mp3,12
4127,62,62,6,report a lost phone,EN_GB,https://d19azau1un4t7r.cloudfront.net/content/expression-pronunciation-audio/4127/EN_GB/expression/f1f5aff0a9bb66b0da338db599c3a68e0913a5390f383a599c7ab9aec483b593.mp3,https://d19azau1un4t7r.cloudfront.net/content/expression-pronunciation-audio/4127/EN_GB/sentence/7675f9036fe1c41c19b2a13ba2972ed072f7fcdfe1b35ccbce5014ce0a2497c2.mp3,12
4127,62,62,6,report a lost phone,EN_AU,https://d19azau1un4t7r.cloudfront.net/content/expression-pronunciation-audio/4127/EN_AU/expression/54e205dbde18ef320457c8984e9b29c25bda3e57e78aad75d52430c7c439d0fe.mp3,https://d19azau1un4t7r.cloudfront.net/content/expression-pronunciation-audio/4127/EN_AU/sentence/b71ebffcd273b4f056b51e15c9ac97bba1b4ca2270255afb65566ecc50132a69.mp3,12
4128,62,62,7,sign out of ~,EN_US,,https://d19azau1un4t7r.cloudfront.net/content/expression-pronunciation-audio/4128/EN_US/sentence/1c1863f211784132bbaa43d7818d32b35a91836d37110423ea42e112135d11d8.mp3,11
4128,62,62,7,sign out of ~,EN_GB,,https://d19azau1un4t7r.cloudfront.net/content/expression-pronunciation-audio/4128/EN_GB/sentence/8267296d0b470931760b27b80e4b899ee5fe859f19fd6d90cbec9cd478acba14.mp3,11
4128,62,62,7,sign out of ~,EN_AU,,https://d19azau1un4t7r.cloudfront.net/content/expression-pronunciation-audio/4128/EN_AU/sentence/516130b48c39805d8a73380015bb394fcb1bfac20352d7a8f3324ce5a24b8dc9.mp3,11
4129,62,62,8,keep my data safe,EN_US,https://d19azau1un4t7r.cloudfront.net/content/expression-pronunciation-audio/4129/EN_US/expression/da6d9331452c8c701f952bdc32c00e21db342151b3b0a0faf40fdac1a3871d03.mp3,https://d19azau1un4t7r.cloudfront.net/content/expression-pronunciation-audio/4129/EN_US/sentence/319d2409b873428deb1ceee0cb1ff339b3d3eddb5353e93819c31a3d067c4504.mp3,14
4129,62,62,8,keep my data safe,EN_GB,https://d19azau1un4t7r.cloudfront.net/content/expression-pronunciation-audio/4129/EN_GB/expression/931589beca111e747ba7a6882c9c73414d250118346f513dc6c29048f6f9b859.mp3,https://d19azau1un4t7r.cloudfront.net/content/expression-pronunciation-audio/4129/EN_GB/sentence/9f6b8c510a4fe83442881b89fd29f342e1c1c4d411fc8f24e5b63b137faca90c.mp3,14
4129,62,62,8,keep my data safe,EN_AU,https://d19azau1un4t7r.cloudfront.net/content/expression-pronunciation-audio/4129/EN_AU/expression/2da517763e14cdb9eb25bccc68c90e8793f2b5ff8cc0eb3ffbb735ec23a6705b.mp3,https://d19azau1un4t7r.cloudfront.net/content/expression-pronunciation-audio/4129/EN_AU/sentence/d8c953b53018c381f8a93b65ed1a2bf321b6ac519b48da474aad3833c1436a3e.mp3,14
4130,62,62,9,retrace one's steps,EN_US,https://d19azau1un4t7r.cloudfront.net/content/expression-pronunciation-audio/4130/EN_US/expression/bae688a162684fc96e2ab1d3046ba053f380c8abd969db73d5e6d8d02fe29257.mp3,https://d19azau1un4t7r.cloudfront.net/content/expression-pronunciation-audio/4130/EN_US/sentence/b6d155f6b791f66b8625d51dcf42f19d3d75635050ca54ee42291ce3efb16047.mp3,9
4130,62,62,9,retrace one's steps,EN_GB,https://d19azau1un4t7r.cloudfront.net/content/expression-pronunciation-audio/4130/EN_GB/expression/03cd1012cc2e3d888370646914e872d0dc71cab6b3ab657422238ca4f27c0a0b.mp3,https://d19azau1un4t7r.cloudfront.net/content/expression-pronunciation-audio/4130/EN_GB/sentence/bd889e21cf5a91e4ddb580f9328868a06f8a4cb09ca77a3d99770111041f86be.mp3,9
4130,62,62,9,retrace one's steps,EN_AU,https://d19azau1un4t7r.cloudfront.net/content/expression-pronunciation-audio/4130/EN_AU/expression/f70063c08e930986797636c25714670ba6cb2861fff65353ebf6e1f5b0193646.mp3,https://d19azau1un4t7r.cloudfront.net/content/expression-pronunciation-audio/4130/EN_AU/sentence/e2a921a6a23765830f90fa555fc62403b5efdd04b393541972404461aa6b9222.mp3,9
4131,62,62,10,turn up,EN_US,https://d19azau1un4t7r.cloudfront.net/content/expression-pronunciation-audio/4131/EN_US/expression/aec0b3a0f98d41c460c9e1d01f2daf20ae59084c747839de8b795a0f4683bb6a.mp3,https://d19azau1un4t7r.cloudfront.net/content/expression-pronunciation-audio/4131/EN_US/sentence/70bbffd4e3014de42f8f76f20db1ad4f0e6d1868c0dfac8eba3221e6aa219c18.mp3,6
4131,62,62,10,turn up,EN_GB,https://d19azau1un4t7r.cloudfront.net/content/expression-pronunciation-audio/4131/EN_GB/expression/a6417e40991003b42349ee6a482367bd5e4107ab8dbff6ecd57d7bed7dc53a49.mp3,https://d19azau1un4t7r.cloudfront.net/content/expression-pronunciation-audio/4131/EN_GB/sentence/efa6b90787a2cbf4ee6b2843a7eff3f6c45086f3ce9d4129ae55045fdc601021.mp3,6
4131,62,62,10,turn up,EN_AU,https://d19azau1un4t7r.cloudfront.net/content/expression-pronunciation-audio/4131/EN_AU/expression/3d3b6f5fa8b57d38a6ffda3bf659607e61302646324c8d35dbdd9676f375bd3b.mp3,https://d19azau1un4t7r.cloudfront.net/content/expression-pronunciation-audio/4131/EN_AU/sentence/29e5c95e5278b5ec540145eac9e6d42c8d2ce130daeaac47279eec7b61d15a99.mp3,6
4132,62,62,11,track down,EN_US,https://d19azau1un4t7r.cloudfront.net/content/expression-pronunciation-audio/4132/EN_US/expression/b97758e4f35a1e3347a45ddbd58cc9e6cf0f731f00536cd42b12e4c481921ab7.mp3,https://d19azau1un4t7r.cloudfront.net/content/expression-pronunciation-audio/4132/EN_US/sentence/b208909cc13ca2a54af88c957b3b31e5b0fdcce9debf8694bf1be1863a4a68cc.mp3,9
4132,62,62,11,track down,EN_GB,https://d19azau1un4t7r.cloudfront.net/content/expression-pronunciation-audio/4132/EN_GB/expression/c8abb3e48bd2202225da33636f5b83a1590852015b352a61895215b1a059a841.mp3,https://d19azau1un4t7r.cloudfront.net/content/expression-pronunciation-audio/4132/EN_GB/sentence/19de6e1f74cc1efd48608e41d708591a1bffd879e6136917b5e6f9b692e3cc9e.mp3,9
4132,62,62,11,track down,EN_AU,https://d19azau1un4t7r.cloudfront.net/content/expression-pronunciation-audio/4132/EN_AU/expression/8ab98b810dc97824f74556004842dd44573fff0e540ef4f45dea7d9e79eafc75.mp3,https://d19azau1un4t7r.cloudfront.net/content/expression-pronunciation-audio/4132/EN_AU/sentence/d808ca26deac7e5caba3c04a034ffcc53cac0e856a9f757e8e587d010d6ff1e7.mp3,9
4133,52,52,1,Let's try again,EN_US,https://d19azau1un4t7r.cloudfront.net/content/expression-pronunciation-audio/4133/EN_US/expression/4aaffc328a50b0b87db8b28359229863a1f9e01ae96a5cb002c6674c61f9b89d.mp3,https://d19azau1un4t7r.cloudfront.net/content/expression-pronunciation-audio/4133/EN_US/sentence/5c739623d68dd86904ad5ebef2edad57824193eb459ee5907764721f2a4a3f5e.mp3,6
4133,52,52,1,Let's try again,EN_GB,https://d19azau1un4t7r.cloudfront.net/content/expression-pronunciation-audio/4133/EN_GB/expression/632ce6f74339333e9b22cfd75a879b4d300e484b0aad2c76898338cb189f612c.mp3,https://d19azau1un4t7r.cloudfront.net/content/expression-pronunciation-audio/4133/EN_GB/sentence/687583fccc67308641744e0a0dfb7761629ee254a0268c0c7fc35693f1b9b6dc.mp3,6
4133,52,52,1,Let's try again,EN_AU,https://d19azau1un4t7r.cloudfront.net/content/expression-pronunciation-audio/4133/EN_AU/expression/58eb2e1de96b274c13e024482dd72bc9358105dd6f74f50934016b9885504a70.mp3,https://d19azau1un4t7r.cloudfront.net/content/expression-pronunciation-audio/4133/EN_AU/sentence/3306e66f79540b8d923ec268a088cd73d8ce668f5714c4fb315e4728a7e4736d.mp3,6
4134,52,52,2,on a USB,EN_US,https://d19azau1un4t7r.cloudfront.net/content/expression-pronunciation-audio/4134/EN_US/expression/6ac4c885cba53cb1c74e95ead6880a16164413e3a5f6d4ff53c81f04a80778aa.mp3,https://d19azau1un4t7r.cloudfront.net/content/expression-pronunciation-audio/4134/EN_US/sentence/ff4fe4f52a9da908360e3a17640de9b40d5b3c74deabb38e159ed5467a4ee2b6.mp3,6
4134,52,52,2,on a USB,EN_GB,https://d19azau1un4t7r.cloudfront.net/content/expression-pronunciation-audio/4134/EN_GB/expression/55994906ca43e372a2ec17a51dbd54932eed91b9996157d859ee578582b0cadc.mp3,https://d19azau1un4t7r.cloudfront.net/content/expression-pronunciation-audio/4134/EN_GB/sentence/c25359d51df4bd6f381c8139f5bccec0d5169a49f8d6501e8c373c8d08c27180.mp3,6
4134,52,52,2,on a USB,EN_AU,https://d19azau1un4t7r.cloudfront.net/content/expression-pronunciation-audio/4134/EN_AU/expression/7bbc74e016bd168508567777b33d481c479127d7be6b421f232be9daae8dad11.mp3,https://d19azau1un4t7r.cloudfront.net/content/expression-pronunciation-audio/4134/EN_AU/sentence/1a6c7bdd7307778dc907cbc16a0a26e4a3ad136ce7e9e2c8af19038968116a2d.mp3,6
4135,52,52,3,before class starts,EN_US,https://d19azau1un4t7r.cloudfront.net/content/expression-pronunciation-audio/4135/EN_US/expression/fc925db485d91396d88801e106e848634aecd7afd45698c48f13e56b99f9fa95.mp3,https://d19azau1un4t7r.cloudfront.net/content/expression-pronunciation-audio/4135/EN_US/sentence/3a47997ae9a00a0a1cfaf09ae20a70a8db7d443f21a18be6194dc3816292addd.mp3,6
4135,52,52,3,before class starts,EN_GB,https://d19azau1un4t7r.cloudfront.net/content/expression-pronunciation-audio/4135/EN_GB/expression/a271799c0e166c7c0bb1055693120405abd5f0ba923291e9a08c65b4e2a76b47.mp3,https://d19azau1un4t7r.cloudfront.net/content/expression-pronunciation-audio/4135/EN_GB/sentence/0b163161b8eb9141476768ef8da4e9381e8aa718bb962a60c3c89c87e0dbb82e.mp3,6
4135,52,52,3,before class starts,EN_AU,https://d19azau1un4t7r.cloudfront.net/content/expression-pronunciation-audio/4135/EN_AU/expression/1e494f7a082f630b80517ea2bb9069a222b6d0c1bf39d8726ce02f1beb0cfdcb.mp3,https://d19azau1un4t7r.cloudfront.net/content/expression-pronunciation-audio/4135/EN_AU/sentence/3fc8be5a742c3f248cc7e484502c730ee9b9a7dd6537d156c83731e14cb0a467.mp3,6
4136,52,52,4,the printer is jammed,EN_US,https://d19azau1un4t7r.cloudfront.net/content/expression-pronunciation-audio/4136/EN_US/expression/1437dc9fda25be1b7c25d159b67029893fff0b4b65e5755b4b388be933f213ed.mp3,https://d19azau1un4t7r.cloudfront.net/content/expression-pronunciation-audio/4136/EN_US/sentence/1a84d36bbeac38dacc9cf7b5796807b212d1f5bafab7a4715d715ad8f7dc8954.mp3,11
4136,52,52,4,the printer is jammed,EN_GB,https://d19azau1un4t7r.cloudfront.net/content/expression-pronunciation-audio/4136/EN_GB/expression/63ef702d335e41664ab585d6d4f944e1d2c0cbc5908fc23acc9af299072cccd7.mp3,https://d19azau1un4t7r.cloudfront.net/content/expression-pronunciation-audio/4136/EN_GB/sentence/112d1d9e572c70cceca5be0462ad5487b290907338c79de5b30fdfe56bb67381.mp3,11
4136,52,52,4,the printer is jammed,EN_AU,https://d19azau1un4t7r.cloudfront.net/content/expression-pronunciation-audio/4136/EN_AU/expression/7321f14ee06502b7eea11d8b8d8b11f45145acdb19fec852c7c1b435b6970833.mp3,https://d19azau1un4t7r.cloudfront.net/content/expression-pronunciation-audio/4136/EN_AU/sentence/e1d8013141a0586f30a8d4cf4de3380f49d1915de49e1ba4c9dc39058b984361.mp3,11
4137,52,52,5,attach the file,EN_US,https://d19azau1un4t7r.cloudfront.net/content/expression-pronunciation-audio/4137/EN_US/expression/ffd376cd884ff373e6e9793a44ad8d7b9c69c2fba1775eb6c409f54c28f14aab.mp3,https://d19azau1un4t7r.cloudfront.net/content/expression-pronunciation-audio/4137/EN_US/sentence/8bb3c8f5c3ab1187e4a8bc7dd26544269d8b18e8abba69506f194961b0f52ffe.mp3,9
4137,52,52,5,attach the file,EN_GB,https://d19azau1un4t7r.cloudfront.net/content/expression-pronunciation-audio/4137/EN_GB/expression/2ad944aef12351088e5a729ff7d69e956b0b41bd7679d7dcdb32f10b90089290.mp3,https://d19azau1un4t7r.cloudfront.net/content/expression-pronunciation-audio/4137/EN_GB/sentence/efabb710dce9b8854ba084466ba388e948e76ca17c56cab2fd56549d038ed722.mp3,9
4137,52,52,5,attach the file,EN_AU,https://d19azau1un4t7r.cloudfront.net/content/expression-pronunciation-audio/4137/EN_AU/expression/67f982fb74a72275a83c3c70d56755419e2aae002ff68eee4d94edd7e827ff8e.mp3,https://d19azau1un4t7r.cloudfront.net/content/expression-pronunciation-audio/4137/EN_AU/sentence/dc17dc35babfb9af96884aa025a3c8fdf954017d38653c4f554b4c92879df663.mp3,9
4138,52,52,6,borrow your laptop,EN_US,https://d19azau1un4t7r.cloudfront.net/content/expression-pronunciation-audio/4138/EN_US/expression/510bf92342da00d5f32e74ba75e1db11290bfa628eb9b7852784dfe512978ac7.mp3,https://d19azau1un4t7r.cloudfront.net/content/expression-pronunciation-audio/4138/EN_US/sentence/467a758aebe4b0ba38e8b2858f292304bc13f04603fdfc38bef979c052ed5192.mp3,9
4138,52,52,6,borrow your laptop,EN_GB,https://d19azau1un4t7r.cloudfront.net/content/expression-pronunciation-audio/4138/EN_GB/expression/c12476baaeb301f11614423e3b1379ccba89fc4ac1f927780311bab84380bb28.mp3,https://d19azau1un4t7r.cloudfront.net/content/expression-pronunciation-audio/4138/EN_GB/sentence/73525273b3768c93a3d5336a55db366b8b9bb08e5def814efb2f4f0613526879.mp3,9
4138,52,52,6,borrow your laptop,EN_AU,https://d19azau1un4t7r.cloudfront.net/content/expression-pronunciation-audio/4138/EN_AU/expression/91ec9acde229031f5dc33f58e9d5986a5261405f1626818195e25f0136eaba0f.mp3,https://d19azau1un4t7r.cloudfront.net/content/expression-pronunciation-audio/4138/EN_AU/sentence/59c5494c26447b28b543a865ba6eb0a167f7fb2f5bb912d238879f18955eb6ca.mp3,9
4139,52,52,7,make it in time,EN_US,https://d19azau1un4t7r.cloudfront.net/content/expression-pronunciation-audio/4139/EN_US/expression/2c37422ba833eeebff5165759a9cfdcbabbd583ebe87c072fc0037c85336c5c3.mp3,https://d19azau1un4t7r.cloudfront.net/content/expression-pronunciation-audio/4139/EN_US/sentence/61d7740d51f571cb157e666584982d32bdb2c593113b5ddce77337d801d4cbb9.mp3,9
4139,52,52,7,make it in time,EN_GB,https://d19azau1un4t7r.cloudfront.net/content/expression-pronunciation-audio/4139/EN_GB/expression/2d1eb3f0e27245fe0d2d30ada2c7e88fc961d7a34563ac5e48bb230f8de59518.mp3,https://d19azau1un4t7r.cloudfront.net/content/expression-pronunciation-audio/4139/EN_GB/sentence/9b69e355919118b95fcface5586d0146cd21622befb228784bdaa0c1d39043ee.mp3,9
4139,52,52,7,make it in time,EN_AU,https://d19azau1un4t7r.cloudfront.net/content/expression-pronunciation-audio/4139/EN_AU/expression/8e075b86c1b725712eb881b3e3de6e5c62687c7d5494733cca66cb9c610cd0b0.mp3,https://d19azau1un4t7r.cloudfront.net/content/expression-pronunciation-audio/4139/EN_AU/sentence/97d37e29cfd5e482f2b84c2a86d5d03dc1782bad9bfb5f1cb1d68917997cfe4d.mp3,9
4140,52,52,8,out of order,EN_US,https://d19azau1un4t7r.cloudfront.net/content/expression-pronunciation-audio/4140/EN_US/expression/314b95d47d3ed12133e8e4689e8869578aa8a37e947d4398c108d4fe124a4619.mp3,https://d19azau1un4t7r.cloudfront.net/content/expression-pronunciation-audio/4140/EN_US/sentence/e793eaef27f55b690b7db4b5336bf549027f6eacf80fbc16edc7c1c6a7fe16bc.mp3,7
4140,52,52,8,out of order,EN_GB,https://d19azau1un4t7r.cloudfront.net/content/expression-pronunciation-audio/4140/EN_GB/expression/0944956cd6d3e6f0d6e4ad9bddea5f235a0852d14d48b169e67f8d9fa24a2aa0.mp3,https://d19azau1un4t7r.cloudfront.net/content/expression-pronunciation-audio/4140/EN_GB/sentence/bd21dce1f0154b254fce06dfd640631f3dd33eeb8527647a138289736e0c8b7d.mp3,7
4140,52,52,8,out of order,EN_AU,https://d19azau1un4t7r.cloudfront.net/content/expression-pronunciation-audio/4140/EN_AU/expression/8aed9b9990f5934f90322392762804c3573df1990fe6bfa99e5bbac1a5112f58.mp3,https://d19azau1un4t7r.cloudfront.net/content/expression-pronunciation-audio/4140/EN_AU/sentence/08ee7ec9ec10cc50a79413ac58c60ed37a0a30c1c7f7f30331f3c6502fca9a1e.mp3,7
4141,52,52,9,spit out,EN_US,https://d19azau1un4t7r.cloudfront.net/content/expression-pronunciation-audio/4141/EN_US/expression/d536f6da3214f2faf1697eb67904a95bf8e31e373f8d03ad16df77151c04a55e.mp3,https://d19azau1un4t7r.cloudfront.net/content/expression-pronunciation-audio/4141/EN_US/sentence/6ad51337a1213d842607b37282ebb068bdeaaffde52bd2c60f91b9b45e5f49ed.mp3,7
4141,52,52,9,spit out,EN_GB,https://d19azau1un4t7r.cloudfront.net/content/expression-pronunciation-audio/4141/EN_GB/expression/2e190db8e44fa3dd0bc8b3c39ca20e98f94d14a130700abd71a90b3f614ed03e.mp3,https://d19azau1un4t7r.cloudfront.net/content/expression-pronunciation-audio/4141/EN_GB/sentence/319b1fd5a10e66f3691b8f0a5a8b085f9fe02efc4986a4a1d7ae13739713cfcf.mp3,7
4141,52,52,9,spit out,EN_AU,https://d19azau1un4t7r.cloudfront.net/content/expression-pronunciation-audio/4141/EN_AU/expression/99a47d62b6873a9baf5acbbbe1be6860f766c281f5b6e5df6116f7bf21d1a77d.mp3,https://d19azau1un4t7r.cloudfront.net/content/expression-pronunciation-audio/4141/EN_AU/sentence/a471a5772d44ec8efc26390e89296b0c6c138a758f33fbf4b71d24470764445a.mp3,7
4142,52,52,10,beat the deadline,EN_US,https://d19azau1un4t7r.cloudfront.net/content/expression-pronunciation-audio/4142/EN_US/expression/7235bc115975ded0539de46920d82db98679888f5d649d166b89bfe5a430ed14.mp3,https://d19azau1un4t7r.cloudfront.net/content/expression-pronunciation-audio/4142/EN_US/sentence/576159c1ae8a6a231213ec556327e4a6e405d3540093fa25c271e0cb7530654b.mp3,9
4142,52,52,10,beat the deadline,EN_GB,https://d19azau1un4t7r.cloudfront.net/content/expression-pronunciation-audio/4142/EN_GB/expression/354ef5ecaae5fc93dfed750dd2276fff3d3e4766dcece03f4284ad966d720e84.mp3,https://d19azau1un4t7r.cloudfront.net/content/expression-pronunciation-audio/4142/EN_GB/sentence/7251f95a9efa4b9514c711020e5f0b25f3a5b2fb1cc7c0d57f7f88963ee7ed5c.mp3,9
4142,52,52,10,beat the deadline,EN_AU,https://d19azau1un4t7r.cloudfront.net/content/expression-pronunciation-audio/4142/EN_AU/expression/42542bc85008c8da1078d5cef866a16b0f1a423b4c7746b645f35f8474961172.mp3,https://d19azau1un4t7r.cloudfront.net/content/expression-pronunciation-audio/4142/EN_AU/sentence/d11774a17b1641c990b87c82dc766eb8c2bc9a5b0fa099ae4ea1cf14c9f928a3.mp3,9
4143,46,46,1,I'll be back at ~,EN_US,,https://d19azau1un4t7r.cloudfront.net/content/expression-pronunciation-audio/4143/EN_US/sentence/4d5753f8424436836b2b49f63cf963932915099218d603dac777a5eca7aabad5.mp3,7
4143,46,46,1,I'll be back at ~,EN_GB,,https://d19azau1un4t7r.cloudfront.net/content/expression-pronunciation-audio/4143/EN_GB/sentence/1d76dc4aa454929670506922cd2822b876bd190dc86927e8d382bf5b34c94ee5.mp3,7
4143,46,46,1,I'll be back at ~,EN_AU,,https://d19azau1un4t7r.cloudfront.net/content/expression-pronunciation-audio/4143/EN_AU/sentence/fb0421b6170c45a8063e770d78b9630a2b613fbb439055d54beda81610b37112.mp3,7
4144,46,46,2,It's very big,EN_US,https://d19azau1un4t7r.cloudfront.net/content/expression-pronunciation-audio/4144/EN_US/expression/3c57aea7f8a0e6a7886ee4e2e577703bd5f520ab2c2fa244ddb51f07ea5c547d.mp3,https://d19azau1un4t7r.cloudfront.net/content/expression-pronunciation-audio/4144/EN_US/sentence/aeb5f159be925aac1540a56c0a453bdd62d83223e1dd278a31f83ab04cb85637.mp3,5
4144,46,46,2,It's very big,EN_GB,https://d19azau1un4t7r.cloudfront.net/content/expression-pronunciation-audio/4144/EN_GB/expression/e2e8d3dbdccf6987421ac7905ea74feab0a2c363cdd0a572e9477282e483e71b.mp3,https://d19azau1un4t7r.cloudfront.net/content/expression-pronunciation-audio/4144/EN_GB/sentence/9feb783ee5ca87ae26e87089ca725fc19c3d7864c5461eb2cd27b5b1767bbb45.mp3,5
4144,46,46,2,It's very big,EN_AU,https://d19azau1un4t7r.cloudfront.net/content/expression-pronunciation-audio/4144/EN_AU/expression/f859fd5dd4c8cbfce161e05b9c4577510cc8a7e14c62bdd2f56554f253290c53.mp3,https://d19azau1un4t7r.cloudfront.net/content/expression-pronunciation-audio/4144/EN_AU/sentence/5dac8303813785e33be41ce36e5a7cc86e53e0248424e1e53b1944e338233679.mp3,5
4145,46,46,3,the cheap one,EN_US,https://d19azau1un4t7r.cloudfront.net/content/expression-pronunciation-audio/4145/EN_US/expression/03177eebe493b01f23797d1fc05f0ba05ab94f5ec8a63d9ebd3d19219387a85a.mp3,https://d19azau1un4t7r.cloudfront.net/content/expression-pronunciation-audio/4145/EN_US/sentence/5a164f852e08eb4e12b831d024b1c9ccf7281ef2b2ccae2d7311f7c5bfd4b120.mp3,6
4145,46,46,3,the cheap one,EN_GB,https://d19azau1un4t7r.cloudfront.net/content/expression-pronunciation-audio/4145/EN_GB/expression/2f3db3f7f0476569ce7ea3867776591a5df0913844b06a35e565521c03bb5dd4.mp3,https://d19azau1un4t7r.cloudfront.net/content/expression-pronunciation-audio/4145/EN_GB/sentence/1a6a570a6c2f0342c0a7acc3c9b0a513ffb95807cd0ed5d980d4e5ab80ab05fa.mp3,6
4145,46,46,3,the cheap one,EN_AU,https://d19azau1un4t7r.cloudfront.net/content/expression-pronunciation-audio/4145/EN_AU/expression/34273c5cc6ea56ee037f0b8e24fa4ff434256c2cb4f3415208deee345c3662ae.mp3,https://d19azau1un4t7r.cloudfront.net/content/expression-pronunciation-audio/4145/EN_AU/sentence/ea369bd8a2bbbad54cb33121ce4186345726487d364a522b4d6fc80951276dde.mp3,6
4146,46,46,4,What time do you close?,EN_US,https://d19azau1un4t7r.cloudfront.net/content/expression-pronunciation-audio/4146/EN_US/expression/192a0fb2596a4429534e87a793753c86e422f7be1b75fa79c21dec92cb2b8fe6.mp3,https://d19azau1un4t7r.cloudfront.net/content/expression-pronunciation-audio/4146/EN_US/sentence/15f84dfb5547beb43388b12f5d2b63b08815dd5cf45fe7c3afb1fb4310c2697a.mp3,6
4146,46,46,4,What time do you close?,EN_GB,https://d19azau1un4t7r.cloudfront.net/content/expression-pronunciation-audio/4146/EN_GB/expression/0231b666cbb4826261a7480c88a29b357cd28b93bbc452201d47bad605ae5bcf.mp3,https://d19azau1un4t7r.cloudfront.net/content/expression-pronunciation-audio/4146/EN_GB/sentence/cfa38ac8d9847cc3f8b3a0cdd363eb4bd5a5cb2204b70ce12041e41c9ed74fbd.mp3,6
4146,46,46,4,What time do you close?,EN_AU,https://d19azau1un4t7r.cloudfront.net/content/expression-pronunciation-audio/4146/EN_AU/expression/8e94337716be2b8a88aa877864b19f33e8226d2a77d865828f162c5c84762643.mp3,https://d19azau1un4t7r.cloudfront.net/content/expression-pronunciation-audio/4146/EN_AU/sentence/03edd49ee54a05157dc69069cd310b014b52c483a96c646b62f640634528a388.mp3,6
4147,46,46,5,about this big,EN_US,https://d19azau1un4t7r.cloudfront.net/content/expression-pronunciation-audio/4147/EN_US/expression/e5d4bea6ee43594219a4e51dc665423e516c81d1717a2f2206a1f3f3aed55bd8.mp3,https://d19azau1un4t7r.cloudfront.net/content/expression-pronunciation-audio/4147/EN_US/sentence/bc874bc8f81385aa3a59e0b7c996588396577acf3c1e372ffc15dbf4778bc12b.mp3,10
4147,46,46,5,about this big,EN_GB,https://d19azau1un4t7r.cloudfront.net/content/expression-pronunciation-audio/4147/EN_GB/expression/1f369a7de1319860ee99f658071981b8013f72b78469c80b044eed6d199157d3.mp3,https://d19azau1un4t7r.cloudfront.net/content/expression-pronunciation-audio/4147/EN_GB/sentence/e8ee9d3d9aa4628876a270225410c72e0a2b2ec00f9c5b6a274b218d55297fa3.mp3,10
4147,46,46,5,about this big,EN_AU,https://d19azau1un4t7r.cloudfront.net/content/expression-pronunciation-audio/4147/EN_AU/expression/fceabeb0ac02476208efb2692fc3b544ce2851edc43e0586b2cdb7c6731a64ff.mp3,https://d19azau1un4t7r.cloudfront.net/content/expression-pronunciation-audio/4147/EN_AU/sentence/f1cbb339d9d2e1cb54f9c721789e65188c502f0361a09f4dc1b07d3a1cb4fc38.mp3,10
4148,46,46,6,ten minutes away,EN_US,https://d19azau1un4t7r.cloudfront.net/content/expression-pronunciation-audio/4148/EN_US/expression/4dc55ed4bb0ddb3369a17761a0e94d7239972de84f233796c3a901798d08bc65.mp3,https://d19azau1un4t7r.cloudfront.net/content/expression-pronunciation-audio/4148/EN_US/sentence/809bf7885648bf1b54a344dbcd7fa3e6241a01b46d12a025fd7442072dcf2d56.mp3,11
4148,46,46,6,ten minutes away,EN_GB,https://d19azau1un4t7r.cloudfront.net/content/expression-pronunciation-audio/4148/EN_GB/expression/c49eb046eaef43e5fe433ec7c25526c57a18196dfd6a73ba4e5021d61261e378.mp3,https://d19azau1un4t7r.cloudfront.net/content/expression-pronunciation-audio/4148/EN_GB/sentence/08b3bc827f0d6cecf107e2b043c0ad979f67eb7f43b8f5221c8fdd82875c27a0.mp3,11
4148,46,46,6,ten minutes away,EN_AU,https://d19azau1un4t7r.cloudfront.net/content/expression-pronunciation-audio/4148/EN_AU/expression/4ca7884ead8aa290b2f054574a2a6ec41858e8cd007fcca348cf7ca2fbbe5a07.mp3,https://d19azau1un4t7r.cloudfront.net/content/expression-pronunciation-audio/4148/EN_AU/sentence/e85b667be813283111e8510cc006d2a3aec315f9fe1b9ae215f8ada83fdf3763.mp3,11
4149,46,46,7,collect my bag,EN_US,https://d19azau1un4t7r.cloudfront.net/content/expression-pronunciation-audio/4149/EN_US/expression/a7976a1c668664bee41c05ae0a9fa526d11b21c4633e79fe8b5ef6bd99e9c308.mp3,https://d19azau1un4t7r.cloudfront.net/content/expression-pronunciation-audio/4149/EN_US/sentence/953d2aa5bf122b1c4afbc01f7139b5557803f5e2409e9ce72fc19575221d272b.mp3,10
4149,46,46,7,collect my bag,EN_GB,https://d19azau1un4t7r.cloudfront.net/content/expression-pronunciation-audio/4149/EN_GB/expression/2c63cb587c033cc6a6bc12fc6f72029aac29d3573a03eb5c7dad3c6e3e33f2f9.mp3,https://d19azau1un4t7r.cloudfront.net/content/expression-pronunciation-audio/4149/EN_GB/sentence/3219418512147f437ef135fc362b8a9f0561f615a0fea22334f215312a9e398b.mp3,10
4149,46,46,7,collect my bag,EN_AU,https://d19azau1un4t7r.cloudfront.net/content/expression-pronunciation-audio/4149/EN_AU/expression/b94fe42ce7afd44a56be0f6a979d64b624450f8952bf419291d0562ebbff87e1.mp3,https://d19azau1un4t7r.cloudfront.net/content/expression-pronunciation-audio/4149/EN_AU/sentence/99b0deed7cd88937bd6331483d4633a3b96f75ac8384a48a9cf62a5185c38337.mp3,10
4150,46,46,8,open until ~,EN_US,,https://d19azau1un4t7r.cloudfront.net/content/expression-pronunciation-audio/4150/EN_US/sentence/a29cee4d59f70f6d17953fdf729b3974dfeec8a46187ae641d96426c8214af18.mp3,7
4150,46,46,8,open until ~,EN_GB,,https://d19azau1un4t7r.cloudfront.net/content/expression-pronunciation-audio/4150/EN_GB/sentence/4ad5ccef65de97320f09d89df166112dc55cfcfec6d971826902637ee5af35d8.mp3,7
4150,46,46,8,open until ~,EN_AU,,https://d19azau1un4t7r.cloudfront.net/content/expression-pronunciation-audio/4150/EN_AU/sentence/47b82c1b6a27cc22199ac772693f93dd64f21cd9f4e077d6d74a80cc9f13ddd3.mp3,7
4151,46,46,9,leave ~ with,EN_US,,https://d19azau1un4t7r.cloudfront.net/content/expression-pronunciation-audio/4151/EN_US/sentence/f9c74d4106a898bc434b0073f87c0ccc782ad1aa3408174e4819521a008d1ec9.mp3,10
4151,46,46,9,leave ~ with,EN_GB,,https://d19azau1un4t7r.cloudfront.net/content/expression-pronunciation-audio/4151/EN_GB/sentence/0540b2524d2569d3fc7a081c601cc8f29f244b0b0930dd25cbc4b49992026b90.mp3,10
4151,46,46,9,leave ~ with,EN_AU,,https://d19azau1un4t7r.cloudfront.net/content/expression-pronunciation-audio/4151/EN_AU/sentence/ab88f69c66bec26e5951668bdb931e02e7813235b14716c34b70f8d606c8e13a.mp3,10
4152,46,46,10,come back for,EN_US,https://d19azau1un4t7r.cloudfront.net/content/expression-pronunciation-audio/4152/EN_US/expression/0fc987bd5b4674d0fe42ce42639ceb31948ee30764d64a26e90c7bccf71d8f44.mp3,https://d19azau1un4t7r.cloudfront.net/content/expression-pronunciation-audio/4152/EN_US/sentence/2f3a42fcdcacb2a9b53f4ee2d75c6f35a42a48e958beba6639bb2f0748196041.mp3,7
4152,46,46,10,come back for,EN_GB,https://d19azau1un4t7r.cloudfront.net/content/expression-pronunciation-audio/4152/EN_GB/expression/868e391cbbb7e9599094a9ff35aeba30f8851414c58da2f1b09b046061153727.mp3,https://d19azau1un4t7r.cloudfront.net/content/expression-pronunciation-audio/4152/EN_GB/sentence/6e56f021dea540cb664c481b5adb79b6a1433bc44d7e4a8681b533d59c1400b6.mp3,7
4152,46,46,10,come back for,EN_AU,https://d19azau1un4t7r.cloudfront.net/content/expression-pronunciation-audio/4152/EN_AU/expression/73fcfea2d248cdd5b4ff7f20576f1a2418a65d6ae4a89ad5e65cae1637c9864d.mp3,https://d19azau1un4t7r.cloudfront.net/content/expression-pronunciation-audio/4152/EN_AU/sentence/a9d9ca31e40c733d634dd947b62373526992e5fcd8bef503ac214e5943353818.mp3,7
4153,46,46,11,worth the walk,EN_US,https://d19azau1un4t7r.cloudfront.net/content/expression-pronunciation-audio/4153/EN_US/expression/70a9394cee9ea4bc1e78694ed0518a7076d392f10307354019d6ebc50473e573.mp3,https://d19azau1un4t7r.cloudfront.net/content/expression-pronunciation-audio/4153/EN_US/sentence/31d0b97b920c61d7616b6c8aa06b972fdcdccbb1bf63d9bf501c630b03dd1c2a.mp3,8
4153,46,46,11,worth the walk,EN_GB,https://d19azau1un4t7r.cloudfront.net/content/expression-pronunciation-audio/4153/EN_GB/expression/1c07a6dfbb9b61c94d81a0f3c6d3ae53dd807bf4ba2dd7add19f8923dc0b6854.mp3,https://d19azau1un4t7r.cloudfront.net/content/expression-pronunciation-audio/4153/EN_GB/sentence/d976182b917442052fd83b2ba318ec604c55fed2ea814f25493b3f30362cae35.mp3,8
4153,46,46,11,worth the walk,EN_AU,https://d19azau1un4t7r.cloudfront.net/content/expression-pronunciation-audio/4153/EN_AU/expression/ab0a85981385a654abee4cec9866c0fed14d25aaf5e824fa95fffbbbdc9ca9bc.mp3,https://d19azau1un4t7r.cloudfront.net/content/expression-pronunciation-audio/4153/EN_AU/sentence/3bbec8a53b2994be53db92181f00c923c4f55e46b595b4ca9f46abba47bd4c35.mp3,8
4154,56,56,1,I'll call them,EN_US,https://d19azau1un4t7r.cloudfront.net/content/expression-pronunciation-audio/4154/EN_US/expression/3f6ae6662f7ca3f25bf8d40402ed7a48d14f77ef33ed07f7a14b035582db323a.mp3,https://d19azau1un4t7r.cloudfront.net/content/expression-pronunciation-audio/4154/EN_US/sentence/c8f69bb8a7445925cad4cd35fd0a8faf1db89a9eb53af977f4a580c3c4695a57.mp3,6
4154,56,56,1,I'll call them,EN_GB,https://d19azau1un4t7r.cloudfront.net/content/expression-pronunciation-audio/4154/EN_GB/expression/8c68703ab6f5e9c1b244561031a591f065e12b145e8275b1b20639f9f2be90df.mp3,https://d19azau1un4t7r.cloudfront.net/content/expression-pronunciation-audio/4154/EN_GB/sentence/4fb66616e3a968179912385137bd9c0edc34d60aa16be03a7d4d3a0483a89c16.mp3,6
4154,56,56,1,I'll call them,EN_AU,https://d19azau1un4t7r.cloudfront.net/content/expression-pronunciation-audio/4154/EN_AU/expression/664269aa5d7ff4b08a825be868ae1ab63d122fd401a6726d74dae021415e5984.mp3,https://d19azau1un4t7r.cloudfront.net/content/expression-pronunciation-audio/4154/EN_AU/sentence/ed32cf2b77c2d1c0bfc679de08aeff38ccf4924a69342a0db4bc05971da622ab.mp3,6
4155,56,56,2,I want my money back,EN_US,https://d19azau1un4t7r.cloudfront.net/content/expression-pronunciation-audio/4155/EN_US/expression/3c330f367620f45cf8871cdcb9d615e49b0b23219ad25df04557b034842b4460.mp3,https://d19azau1un4t7r.cloudfront.net/content/expression-pronunciation-audio/4155/EN_US/sentence/334e53ff42cc4e173de43d615eea4e28de975c1d6cf4c663ec1a7dd9e77e2db5.mp3,6
4155,56,56,2,I want my money back,EN_GB,https://d19azau1un4t7r.cloudfront.net/content/expression-pronunciation-audio/4155/EN_GB/expression/e739a5d08e8ebedd7ad1b5080b41bfce6e8de2e5c97686077a70bf40142af3c2.mp3,https://d19azau1un4t7r.cloudfront.net/content/expression-pronunciation-audio/4155/EN_GB/sentence/ddc442c73044c55d2b76b6f6587ca4bf8e4326a1e738e60405b49e84f23e7d29.mp3,6
4155,56,56,2,I want my money back,EN_AU,https://d19azau1un4t7r.cloudfront.net/content/expression-pronunciation-audio/4155/EN_AU/expression/b74309cb31af1634637af62576c2a25c0d96fdb3403c362d51bfd5574e52560f.mp3,https://d19azau1un4t7r.cloudfront.net/content/expression-pronunciation-audio/4155/EN_AU/sentence/b3e61c699cd7739ff1ace73704d3dac65d1a34e357ca83fb67a5003e5fbca3e4.mp3,6
4156,56,56,3,That's too long,EN_US,https://d19azau1un4t7r.cloudfront.net/content/expression-pronunciation-audio/4156/EN_US/expression/585ff0736690f89ece12a1ec31009751be3a77372f563f909aa7c2e9d20dd2da.mp3,https://d19azau1un4t7r.cloudfront.net/content/expression-pronunciation-audio/4156/EN_US/sentence/c4deeccdc733506ae45022dffc45ac41538f0f379a4bffa01ff957b6d8e2d858.mp3,5
4156,56,56,3,That's too long,EN_GB,https://d19azau1un4t7r.cloudfront.net/content/expression-pronunciation-audio/4156/EN_GB/expression/20157436bb0c9e2ac7cd5e8a895da980538971e3f0c5560997e9a6d97e018c91.mp3,https://d19azau1un4t7r.cloudfront.net/content/expression-pronunciation-audio/4156/EN_GB/sentence/8ba523eb987fa37fc2e77753b677de9112aa938ed3b0067229734bec5ddff019.mp3,5
4156,56,56,3,That's too long,EN_AU,https://d19azau1un4t7r.cloudfront.net/content/expression-pronunciation-audio/4156/EN_AU/expression/d19fe1e0654428f917844ce98b153bc61ee829c0d071dacd38393276a59c5be3.mp3,https://d19azau1un4t7r.cloudfront.net/content/expression-pronunciation-audio/4156/EN_AU/sentence/36adb71edb375ea34f252a1f90efb5c173dcf735ab070b042c9d92f419bfc87d.mp3,5
4157,56,56,4,play a game,EN_US,https://d19azau1un4t7r.cloudfront.net/content/expression-pronunciation-audio/4157/EN_US/expression/4f2d14efa020de0fdb6481387619f5966bf809ab0e7280fbb1e9e1021cdc0740.mp3,https://d19azau1un4t7r.cloudfront.net/content/expression-pronunciation-audio/4157/EN_US/sentence/294bd8170d27e9809c9e4ff2bf2451a96bd50cc24f96b5d05b66f5ead2920c44.mp3,7
4157,56,56,4,play a game,EN_GB,https://d19azau1un4t7r.cloudfront.net/content/expression-pronunciation-audio/4157/EN_GB/expression/8dcd936bc4b559c86432628ae663d636397820a070ace4820ce41d41d8505e4f.mp3,https://d19azau1un4t7r.cloudfront.net/content/expression-pronunciation-audio/4157/EN_GB/sentence/aa1f7c9bbda4b3f824c9f7e04d5f860702d5bed8099ae1af636d4b82077c12d6.mp3,7
4157,56,56,4,play a game,EN_AU,https://d19azau1un4t7r.cloudfront.net/content/expression-pronunciation-audio/4157/EN_AU/expression/92822cca7687290125c2dc92d16abda736783686713b0351466e0c9bb854433d.mp3,https://d19azau1un4t7r.cloudfront.net/content/expression-pronunciation-audio/4157/EN_AU/sentence/b5d150ac0d6f55c20cc295b076ddff5a4e218e4b8d53d6e1d4b050546ba67b55.mp3,7
4158,56,56,5,the wrong order,EN_US,https://d19azau1un4t7r.cloudfront.net/content/expression-pronunciation-audio/4158/EN_US/expression/846a78590e225eacf9ae0b3cd333c371587a3b02a2772e14359e7a0ca2d4be5f.mp3,https://d19azau1un4t7r.cloudfront.net/content/expression-pronunciation-audio/4158/EN_US/sentence/5be2ea8c0de924858e756a35fd7e7a49f50c192881a192a0ac6bc7be9cc3ce3f.mp3,9
4158,56,56,5,the wrong order,EN_GB,https://d19azau1un4t7r.cloudfront.net/content/expression-pronunciation-audio/4158/EN_GB/expression/2f20ca7f936968d35aa06c0d9cd51703b1fe1c63a0228900c0e73e5a6477605c.mp3,https://d19azau1un4t7r.cloudfront.net/content/expression-pronunciation-audio/4158/EN_GB/sentence/bac4f8631e2e8ec49f2a7eded3db5e19ca7ab275f9ca9096f0470a50e24dccec.mp3,9
4158,56,56,5,the wrong order,EN_AU,https://d19azau1un4t7r.cloudfront.net/content/expression-pronunciation-audio/4158/EN_AU/expression/85eb88e3f44844254fef5ac271debc9f5f53b66106f1813ad01079535c2ffbdd.mp3,https://d19azau1un4t7r.cloudfront.net/content/expression-pronunciation-audio/4158/EN_AU/sentence/9cf64f0951d6c0aa2377147669555637316bbbe2061c4f105f856392a63e2e7f.mp3,9
4159,56,56,6,call customer service,EN_US,https://d19azau1un4t7r.cloudfront.net/content/expression-pronunciation-audio/4159/EN_US/expression/979fb0b698b34561674fa6dacc636693c59edfa491b6e91ee7e6eab64bcd61c2.mp3,https://d19azau1un4t7r.cloudfront.net/content/expression-pronunciation-audio/4159/EN_US/sentence/03ae9d7d0d7fdcce99317cd19cf30df61b92e3002cc2ac77c7a26fadf9cbcd13.mp3,9
4159,56,56,6,call customer service,EN_GB,https://d19azau1un4t7r.cloudfront.net/content/expression-pronunciation-audio/4159/EN_GB/expression/297ea22578fb8591c1028dd077d4c0ae132cc307ea49bb84bda7cf83343b4fe3.mp3,https://d19azau1un4t7r.cloudfront.net/content/expression-pronunciation-audio/4159/EN_GB/sentence/5cdeb7cad4353d3541062a2aee31565f434e76b7865c4449595560caea1ccab1.mp3,9
4159,56,56,6,call customer service,EN_AU,https://d19azau1un4t7r.cloudfront.net/content/expression-pronunciation-audio/4159/EN_AU/expression/66df20e2d46a0802936371f2c8f288bdd9e6f9e144c773a04ee1bcd1ce865e78.mp3,https://d19azau1un4t7r.cloudfront.net/content/expression-pronunciation-audio/4159/EN_AU/sentence/f207ed2f05ddb4e99548dcc7154e29aaefb9ebe56b3ba98db252c66125a56f03.mp3,9
4160,56,56,7,sounds better,EN_US,https://d19azau1un4t7r.cloudfront.net/content/expression-pronunciation-audio/4160/EN_US/expression/d96ff31f7cae66b65495f4d45e69358457ce03b18f8ec9370202800306ae9784.mp3,https://d19azau1un4t7r.cloudfront.net/content/expression-pronunciation-audio/4160/EN_US/sentence/ed074e697ff80b6fab887af2cb00d0ae5b5085249131dd98ba00f61214b23ae8.mp3,8
4160,56,56,7,sounds better,EN_GB,https://d19azau1un4t7r.cloudfront.net/content/expression-pronunciation-audio/4160/EN_GB/expression/2e0356d1d78e31a7ce2106742dbd539c624f63bc21f0f8b628c3c9c2bde529bb.mp3,https://d19azau1un4t7r.cloudfront.net/content/expression-pronunciation-audio/4160/EN_GB/sentence/5cf36085afc2411449eeea790f006fbacb05ebc35ba87e09390b7bd6a0be18fa.mp3,8
4160,56,56,7,sounds better,EN_AU,https://d19azau1un4t7r.cloudfront.net/content/expression-pronunciation-audio/4160/EN_AU/expression/85051ef232bb09bea85234779384036cbedb9218dc1f760f1f15b7033197c3d9.mp3,https://d19azau1un4t7r.cloudfront.net/content/expression-pronunciation-audio/4160/EN_AU/sentence/be1bdbb14265f1905bc26ec2a565ccd94ce622d74b5451563c5ed10ca7f5f103.mp3,8
4161,56,56,8,put on some music,EN_US,https://d19azau1un4t7r.cloudfront.net/content/expression-pronunciation-audio/4161/EN_US/expression/edeaaa0fbd6586fa4517b0d86805832ad77d69eb906f2b398caae6483eff40aa.mp3,https://d19azau1un4t7r.cloudfront.net/content/expression-pronunciation-audio/4161/EN_US/sentence/61661561a1c80389bfe985f399c61520ab2853872f293349659db74235debb99.mp3,9
4161,56,56,8,put on some music,EN_GB,https://d19azau1un4t7r.cloudfront.net/content/expression-pronunciation-audio/4161/EN_GB/expression/c784088d7e2d336d5b037bcc3f55d73d1212d9b4df6e735e6c2d66519e42da93.mp3,https://d19azau1un4t7r.cloudfront.net/content/expression-pronunciation-audio/4161/EN_GB/sentence/df58e8775d9bbd47554a5ad0840613e084b380e8aa837ad6e8da02d858fbab8c.mp3,9
4161,56,56,8,put on some music,EN_AU,https://d19azau1un4t7r.cloudfront.net/content/expression-pronunciation-audio/4161/EN_AU/expression/3b23fbc9d6aee22703f4f511d69e4ba6fa268f2cea0c67e02d61e9ac7cbacff3.mp3,https://d19azau1un4t7r.cloudfront.net/content/expression-pronunciation-audio/4161/EN_AU/sentence/10910e2fe5992a0075c0652d92e1712521f0a7ff8e12792292a88613f64731d1.mp3,9
4162,56,56,9,worth the wait,EN_US,https://d19azau1un4t7r.cloudfront.net/content/expression-pronunciation-audio/4162/EN_US/expression/c5e6b85de5f2cbb9272236a450bae33d547b4a2dcc5e97992ce0267a0662b46c.mp3,https://d19azau1un4t7r.cloudfront.net/content/expression-pronunciation-audio/4162/EN_US/sentence/e6cf0ebb5a443314a78380a7703b91bfb7d1843a59da471ef65b2b15ab44a6d5.mp3,10
4162,56,56,9,worth the wait,EN_GB,https://d19azau1un4t7r.cloudfront.net/content/expression-pronunciation-audio/4162/EN_GB/expression/0110a4c2bebbc56bbcd8c454d1836df054fde9a05c89985d393ee3040619eb20.mp3,https://d19azau1un4t7r.cloudfront.net/content/expression-pronunciation-audio/4162/EN_GB/sentence/d05f75fc7e172138fb9ab7db765b0fd214da941cfdda53bc3c2dc8299246834b.mp3,10
4162,56,56,9,worth the wait,EN_AU,https://d19azau1un4t7r.cloudfront.net/content/expression-pronunciation-audio/4162/EN_AU/expression/49405d7f897bba7e03b3fb920ca8477c82b4828840b48cfae4e353a4c82e6d97.mp3,https://d19azau1un4t7r.cloudfront.net/content/expression-pronunciation-audio/4162/EN_AU/sentence/ca2499056732d787cae8332c17e00632e6f3cc4a342265a4f7ea75d3479d851d.mp3,10
4163,56,56,10,tide us over,EN_US,https://d19azau1un4t7r.cloudfront.net/content/expression-pronunciation-audio/4163/EN_US/expression/71bcd5d656dfb23bd91aaef10b2dab8eec84e34b1102c62600fb8c08277ebaa8.mp3,https://d19azau1un4t7r.cloudfront.net/content/expression-pronunciation-audio/4163/EN_US/sentence/4d22a63fc18d0ec2c79650beab9dfef35e1c10d5cdcbe7dfa2e1845f9d37f496.mp3,13
4163,56,56,10,tide us over,EN_GB,https://d19azau1un4t7r.cloudfront.net/content/expression-pronunciation-audio/4163/EN_GB/expression/d2bf499720dde45d8a4ded0e7e93cc76f35df915b35f0af582f47f08dcebdaa1.mp3,https://d19azau1un4t7r.cloudfront.net/content/expression-pronunciation-audio/4163/EN_GB/sentence/494569b4938eadaf948a687e0e5598e1871718d843d7b87d200c06dee1956ee2.mp3,13
4163,56,56,10,tide us over,EN_AU,https://d19azau1un4t7r.cloudfront.net/content/expression-pronunciation-audio/4163/EN_AU/expression/7b58235719a17e49769bf8da2d4bb29629927a0b6ccb8f54b2cd4d6c37973a9b.mp3,https://d19azau1un4t7r.cloudfront.net/content/expression-pronunciation-audio/4163/EN_AU/sentence/504b3b66b85f0546d9db16cd1805b8a9dfeaec576e365d76923dbfa22ad46425.mp3,13
4164,56,56,11,a mistake on their end,EN_US,https://d19azau1un4t7r.cloudfront.net/content/expression-pronunciation-audio/4164/EN_US/expression/3619533ac50bcb40ddfbbc1e64161feb954777f9271bcaac91887210de90db50.mp3,https://d19azau1un4t7r.cloudfront.net/content/expression-pronunciation-audio/4164/EN_US/sentence/be3ea1d63b77773f75ff39cba717c5f6a2a7d72da80d708998b3940ee35008e8.mp3,13
4164,56,56,11,a mistake on their end,EN_GB,https://d19azau1un4t7r.cloudfront.net/content/expression-pronunciation-audio/4164/EN_GB/expression/2d8584a680ff4bdd2a2bf753a6c8d86afcb5083e8eb53e7e3aa4f825a89f94e2.mp3,https://d19azau1un4t7r.cloudfront.net/content/expression-pronunciation-audio/4164/EN_GB/sentence/e5260fd8fd7ebccaf8dcd888d84ee8a8bbd068a57663ec3a5b1b422704e5d411.mp3,13
4164,56,56,11,a mistake on their end,EN_AU,https://d19azau1un4t7r.cloudfront.net/content/expression-pronunciation-audio/4164/EN_AU/expression/77dd916e8587a125494e5232e67ab974a1d40ec1be72640af29f48bcaa9ade29.mp3,https://d19azau1un4t7r.cloudfront.net/content/expression-pronunciation-audio/4164/EN_AU/sentence/6ae53239b7080154090a6fcf5cf76b312a5bd9e145de921350a26f74cbbd6979.mp3,13
4165,70,70,1,my flight to ~,EN_US,,https://d19azau1un4t7r.cloudfront.net/content/expression-pronunciation-audio/4165/EN_US/sentence/80e367c1d1fd007f5b124bdaa8e52aa2f8f301ba3bd149bdd196f46f8eb5f01d.mp3,7
4165,70,70,1,my flight to ~,EN_GB,,https://d19azau1un4t7r.cloudfront.net/content/expression-pronunciation-audio/4165/EN_GB/sentence/d25695dfe84f6d848186dd96b0fd04085df2d0ea06f982f9ac4b742040077f69.mp3,7
4165,70,70,1,my flight to ~,EN_AU,,https://d19azau1un4t7r.cloudfront.net/content/expression-pronunciation-audio/4165/EN_AU/sentence/636364cbcffea965c558dca4dfe6bfa08c1c44b19310da847979568cead04685.mp3,7
4166,70,70,2,on my passport,EN_US,https://d19azau1un4t7r.cloudfront.net/content/expression-pronunciation-audio/4166/EN_US/expression/4778c24fff9a8558f438f9a3c813ee4cb76429e21a178253751940e84642870e.mp3,https://d19azau1un4t7r.cloudfront.net/content/expression-pronunciation-audio/4166/EN_US/sentence/6872470426b273ff6e50a4a8fab209fb27ae9ba3dd791ba6e67994a8e37810a3.mp3,8
4166,70,70,2,on my passport,EN_GB,https://d19azau1un4t7r.cloudfront.net/content/expression-pronunciation-audio/4166/EN_GB/expression/0bf8ff30abcc26e74ea435c7c542fdb20ceb2fa905636bf3c0db05aa19ff2a0b.mp3,https://d19azau1un4t7r.cloudfront.net/content/expression-pronunciation-audio/4166/EN_GB/sentence/26dfd05016308d9d3c581c9835470ee3190d63f3d141fe1f35983340794a275f.mp3,8
4166,70,70,2,on my passport,EN_AU,https://d19azau1un4t7r.cloudfront.net/content/expression-pronunciation-audio/4166/EN_AU/expression/782a78dda73ec7cb89d402c3c89e8e4c4cb4d8f3de247ab6fbd9490083d7b99c.mp3,https://d19azau1un4t7r.cloudfront.net/content/expression-pronunciation-audio/4166/EN_AU/sentence/ff9c27090e5ecad44fe43a3fd25491a751c1ece162a9203ed79301afcaae1139.mp3,8
4167,70,70,3,a cheaper seat,EN_US,https://d19azau1un4t7r.cloudfront.net/content/expression-pronunciation-audio/4167/EN_US/expression/0b3d86f6a801f9de24387857c5d1558afe4194091a9c72da394b49070fe0ebdb.mp3,https://d19azau1un4t7r.cloudfront.net/content/expression-pronunciation-audio/4167/EN_US/sentence/bf8f8a2870549e98bbd7560bf8c34bd19eea4228f9716882a7d453caaabe5c22.mp3,6
4167,70,70,3,a cheaper seat,EN_GB,https://d19azau1un4t7r.cloudfront.net/content/expression-pronunciation-audio/4167/EN_GB/expression/f781235565b136b1db3c304e871d1a2a12f02db9b8d01aacd0b54739bc46e19e.mp3,https://d19azau1un4t7r.cloudfront.net/content/expression-pronunciation-audio/4167/EN_GB/sentence/eb6b547244053661adaaea21d2e9dc2595865c43995f39bdac06c090c648bee2.mp3,6
4167,70,70,3,a cheaper seat,EN_AU,https://d19azau1un4t7r.cloudfront.net/content/expression-pronunciation-audio/4167/EN_AU/expression/17a7affa91a5b922aed594ed5f78fe76f3069be78ccf24eec920c9bde24be9c7.mp3,https://d19azau1un4t7r.cloudfront.net/content/expression-pronunciation-audio/4167/EN_AU/sentence/bbe65ec88b50d2aafc41303e380faa740a113c95ece2ff196557df3a6f14c52e.mp3,6
4168,70,70,4,the later flight,EN_US,https://d19azau1un4t7r.cloudfront.net/content/expression-pronunciation-audio/4168/EN_US/expression/88001194f945de6ff9281cede5bb4a973d6135afe6185d1198763e83ba7c6889.mp3,https://d19azau1un4t7r.cloudfront.net/content/expression-pronunciation-audio/4168/EN_US/sentence/52517c4d350449d2f37a3bac4643c97fc3a2c0735e0dff76c0978b07976ca163.mp3,6
4168,70,70,4,the later flight,EN_GB,https://d19azau1un4t7r.cloudfront.net/content/expression-pronunciation-audio/4168/EN_GB/expression/1486f2459774fd082d9763d74e12b6a3bc1997d288aa2e3b5681d9fde94ab739.mp3,https://d19azau1un4t7r.cloudfront.net/content/expression-pronunciation-audio/4168/EN_GB/sentence/fe71cdbe47fd7c749eec27544be2500885f22b5992bdad90c80bdcffd11d7401.mp3,6
4168,70,70,4,the later flight,EN_AU,https://d19azau1un4t7r.cloudfront.net/content/expression-pronunciation-audio/4168/EN_AU/expression/d14619d804c82d84f1cfd95871534e4074dcd9166a1619da9481647a0cd7bf9d.mp3,https://d19azau1un4t7r.cloudfront.net/content/expression-pronunciation-audio/4168/EN_AU/sentence/860b284889f9e9812c3beba932e06bbad217a0162395ca91e0bc57b577c880ba.mp3,6
4169,70,70,5,It's spelled ~,EN_US,,https://d19azau1un4t7r.cloudfront.net/content/expression-pronunciation-audio/4169/EN_US/sentence/a1103431c73ba38cdec8d3214b88f144e1d3889a905221a53ebfb22062c9d44b.mp3,12
4169,70,70,5,It's spelled ~,EN_GB,,https://d19azau1un4t7r.cloudfront.net/content/expression-pronunciation-audio/4169/EN_GB/sentence/b0aa72410e91337cba50108e69b1205c8f9041920346e1238e5111e464fba50b.mp3,12
4169,70,70,5,It's spelled ~,EN_AU,,https://d19azau1un4t7r.cloudfront.net/content/expression-pronunciation-audio/4169/EN_AU/sentence/4d158621d8dc3c36969cbbcb8286d27abdd82580c8945dc6f4a9817a6bba2d20.mp3,12
4170,70,70,6,one letter is wrong,EN_US,https://d19azau1un4t7r.cloudfront.net/content/expression-pronunciation-audio/4170/EN_US/expression/db8fa22dc337119e0fcba021195bb2bb55bb434a51df90364a00bbd2efe566e9.mp3,https://d19azau1un4t7r.cloudfront.net/content/expression-pronunciation-audio/4170/EN_US/sentence/164396b61c0de4a349a2e260c5765a85d076fba5ff8ba54dbd502e5bb06ade8c.mp3,13
4170,70,70,6,one letter is wrong,EN_GB,https://d19azau1un4t7r.cloudfront.net/content/expression-pronunciation-audio/4170/EN_GB/expression/1a3dac87b93586745b4e6cfc681f50a238fd82e95bceaa020a637bc2e0e2c7ac.mp3,https://d19azau1un4t7r.cloudfront.net/content/expression-pronunciation-audio/4170/EN_GB/sentence/07518c57ca145ca027d860e4e30c28143ec1c6eb604eac379e8d032880de7e9e.mp3,13
4170,70,70,6,one letter is wrong,EN_AU,https://d19azau1un4t7r.cloudfront.net/content/expression-pronunciation-audio/4170/EN_AU/expression/fe5a95eabdaab2981aeae5c7f7ef3a8bb184c65dcbbe93ee6d26928f661aa5aa.mp3,https://d19azau1un4t7r.cloudfront.net/content/expression-pronunciation-audio/4170/EN_AU/sentence/519284fe071b32528b8c64bb57df7c0082d1a3a37ff68efe45f143949ff6cedb.mp3,13
4171,70,70,7,out of my budget,EN_US,https://d19azau1un4t7r.cloudfront.net/content/expression-pronunciation-audio/4171/EN_US/expression/55fb8d658813efcb2f72e57e5238b6f072abb0626c4cf4980d3f1ecd0b648cc9.mp3,https://d19azau1un4t7r.cloudfront.net/content/expression-pronunciation-audio/4171/EN_US/sentence/a2ebc699e1b6fff0fa92b63fbc4fff10441c2765db4fa72e74b9fa1d6157623b.mp3,10
4171,70,70,7,out of my budget,EN_GB,https://d19azau1un4t7r.cloudfront.net/content/expression-pronunciation-audio/4171/EN_GB/expression/ceed14f42cb068c8a039fdac950ed33c31acf276cce2073be6eba440e3ed996a.mp3,https://d19azau1un4t7r.cloudfront.net/content/expression-pronunciation-audio/4171/EN_GB/sentence/ecd2be6075f9d14b001b2770faac3ce83275fb2cc270bf43a062322fcc68ebfb.mp3,10
4171,70,70,7,out of my budget,EN_AU,https://d19azau1un4t7r.cloudfront.net/content/expression-pronunciation-audio/4171/EN_AU/expression/28800ed5f7c6ac792f2eeb61fada73c78cc40a635fcc790573a05615ebb5668c.mp3,https://d19azau1un4t7r.cloudfront.net/content/expression-pronunciation-audio/4171/EN_AU/sentence/54480d1a59cf80446a540d22978faf33400b2365d10c8dae6cf209e7aee4761f.mp3,10
4172,70,70,8,I'll go with ~,EN_US,,https://d19azau1un4t7r.cloudfront.net/content/expression-pronunciation-audio/4172/EN_US/sentence/c9c945f1876471d41230cd809acdce993eddebd11383924515a4ebd1d974dede.mp3,9
4172,70,70,8,I'll go with ~,EN_GB,,https://d19azau1un4t7r.cloudfront.net/content/expression-pronunciation-audio/4172/EN_GB/sentence/0111c0cf3d389b55fe1203256320f08fea28b3b45106a676f446746f10a9ffed.mp3,9
4172,70,70,8,I'll go with ~,EN_AU,,https://d19azau1un4t7r.cloudfront.net/content/expression-pronunciation-audio/4172/EN_AU/sentence/cbe9fb2ea9f44242ada15744c0880f27d9af0fafe040fbb39c8a4abcb18ad3b3.mp3,9
4173,70,70,9,typo,EN_US,https://d19azau1un4t7r.cloudfront.net/content/expression-pronunciation-audio/4173/EN_US/expression/591f62183bf712916aedaaf8771920a080d5eab1a8d11ea44d9a1e394f40ef96.mp3,https://d19azau1un4t7r.cloudfront.net/content/expression-pronunciation-audio/4173/EN_US/sentence/5d4a8286749028ba6d9adda836e5ab1667a183526bc79839a171a18bdc8d966d.mp3,14
4173,70,70,9,typo,EN_GB,https://d19azau1un4t7r.cloudfront.net/content/expression-pronunciation-audio/4173/EN_GB/expression/c62b2902ae1fba26afbf7c0ad4e0b88cd000b79595649229c333df25264061d0.mp3,https://d19azau1un4t7r.cloudfront.net/content/expression-pronunciation-audio/4173/EN_GB/sentence/c8dd37a35f10cb895024f177b3c428144cebaf82421059e3f571be035e285f78.mp3,14
4173,70,70,9,typo,EN_AU,https://d19azau1un4t7r.cloudfront.net/content/expression-pronunciation-audio/4173/EN_AU/expression/6382bd40c51cf5e86a42d64ef9f434cdd364a6f0000556fc5a2c66e7819201aa.mp3,https://d19azau1un4t7r.cloudfront.net/content/expression-pronunciation-audio/4173/EN_AU/sentence/243151163af5ba53630465394cf7210cc890eeeb79f11fcc334d31a3ed23349a.mp3,14
4174,70,70,10,match,EN_US,https://d19azau1un4t7r.cloudfront.net/content/expression-pronunciation-audio/4174/EN_US/expression/bf481a292089ec64cbe2ba8299fe483af911d64eb3150e38f0e71658dd5d582f.mp3,https://d19azau1un4t7r.cloudfront.net/content/expression-pronunciation-audio/4174/EN_US/sentence/f346382d15572b6217de095ee7974d138fbf7212affef96c70d99278edd162b3.mp3,10
4174,70,70,10,match,EN_GB,https://d19azau1un4t7r.cloudfront.net/content/expression-pronunciation-audio/4174/EN_GB/expression/ca68176857bfbed0b5d219837b38c4031c7bacfa0cc3acbec57819fda4b6d1e0.mp3,https://d19azau1un4t7r.cloudfront.net/content/expression-pronunciation-audio/4174/EN_GB/sentence/2e640535f5006169be2ca7feb67a0b101e59ab0889048b3993ee716885be804e.mp3,10
4174,70,70,10,match,EN_AU,https://d19azau1un4t7r.cloudfront.net/content/expression-pronunciation-audio/4174/EN_AU/expression/7be6d5dcb64652795fbd1892504489fe775f1bb58dff11910eb58a15517d6d85.mp3,https://d19azau1un4t7r.cloudfront.net/content/expression-pronunciation-audio/4174/EN_AU/sentence/fdd172a9448cd6c521af5f493dc04067c042a9c15266e03d8d7b1ad1125a8a6f.mp3,10
4175,70,70,11,wait it out,EN_US,https://d19azau1un4t7r.cloudfront.net/content/expression-pronunciation-audio/4175/EN_US/expression/06c44f255d154eb7e10eaadb6a39bcceb11fcde1d3a27aac5b714193706b36fe.mp3,https://d19azau1un4t7r.cloudfront.net/content/expression-pronunciation-audio/4175/EN_US/sentence/a2a8e8e563c15743946b4ca8b02501e7477843c78cba3c05977fa3ac86a3f1cc.mp3,12
4175,70,70,11,wait it out,EN_GB,https://d19azau1un4t7r.cloudfront.net/content/expression-pronunciation-audio/4175/EN_GB/expression/640903ab6849767371442e09c99800d0c2bbb76ef8a267dff8fd441464b61d1b.mp3,https://d19azau1un4t7r.cloudfront.net/content/expression-pronunciation-audio/4175/EN_GB/sentence/05c8514aa8bffd44a172e7b9111a330da0b0115b1a865a3f39918c4157059d0b.mp3,12
4175,70,70,11,wait it out,EN_AU,https://d19azau1un4t7r.cloudfront.net/content/expression-pronunciation-audio/4175/EN_AU/expression/3721fc11e7861f856ef2d84b0b94c62fbefe8c8e477f75bd717d40cf8d349a68.mp3,https://d19azau1un4t7r.cloudfront.net/content/expression-pronunciation-audio/4175/EN_AU/sentence/4cdd86063abf13c972af2a0f348ed463015e5ef41cb0e9d2faf3c55c442a32ca.mp3,12
4176,48,48,1,I know a good place,EN_US,https://d19azau1un4t7r.cloudfront.net/content/expression-pronunciation-audio/4176/EN_US/expression/f87fb6d09e736c53c77e5415cfbac665b67d1e65904fc1b0f680e2385def66c4.mp3,https://d19azau1un4t7r.cloudfront.net/content/expression-pronunciation-audio/4176/EN_US/sentence/140339441a83374f95242db593065623605d560403af35540a9a88c77ba12bee.mp3,8
4176,48,48,1,I know a good place,EN_GB,https://d19azau1un4t7r.cloudfront.net/content/expression-pronunciation-audio/4176/EN_GB/expression/15eb841303c471cf352be17bf2c69856944c60ebc6780dd04ae5e40b3e62f8a4.mp3,https://d19azau1un4t7r.cloudfront.net/content/expression-pronunciation-audio/4176/EN_GB/sentence/de5ae4e58755d8fe9d8b502c4a892129d783390b3465c01b41c637a6b72cb941.mp3,8
4176,48,48,1,I know a good place,EN_AU,https://d19azau1un4t7r.cloudfront.net/content/expression-pronunciation-audio/4176/EN_AU/expression/872eb80136e54c079353ea7a71cd1c486c6988fa4ad70810e34fd892796b03e0.mp3,https://d19azau1un4t7r.cloudfront.net/content/expression-pronunciation-audio/4176/EN_AU/sentence/f25a1cec98c82635b3fce460c734b40d83990c7a342cf416b30cb36454bebaba.mp3,8
4177,48,48,2,some snacks,EN_US,https://d19azau1un4t7r.cloudfront.net/content/expression-pronunciation-audio/4177/EN_US/expression/2d521490d8dcdf4412e4650af546a2fe9ef4d98ee008fe93f873269311120aaf.mp3,https://d19azau1un4t7r.cloudfront.net/content/expression-pronunciation-audio/4177/EN_US/sentence/1b7e5b763e58dd169e747121f3f62aa0f20e7c7a65dee1ca625a81ff429a14b6.mp3,7
4177,48,48,2,some snacks,EN_GB,https://d19azau1un4t7r.cloudfront.net/content/expression-pronunciation-audio/4177/EN_GB/expression/0dd1edc10f8249b8f4558f1b59ba94a66d3b486bfa48a45c17b5d22894388460.mp3,https://d19azau1un4t7r.cloudfront.net/content/expression-pronunciation-audio/4177/EN_GB/sentence/4e026041bf994eee30398bbb8707bec4b0b8ea25c8b0ac5dedb2dc0bbf0251e7.mp3,7
4177,48,48,2,some snacks,EN_AU,https://d19azau1un4t7r.cloudfront.net/content/expression-pronunciation-audio/4177/EN_AU/expression/cdd4075131090b9e4fcba530e780a00e0975fb59b863aae646279ab8fc95479a.mp3,https://d19azau1un4t7r.cloudfront.net/content/expression-pronunciation-audio/4177/EN_AU/sentence/1c51857f33808596488e1fda0c5ebafd0eed190b5de559916a893703d8073a1e.mp3,7
4178,48,48,3,watch a movie,EN_US,https://d19azau1un4t7r.cloudfront.net/content/expression-pronunciation-audio/4178/EN_US/expression/91639e206e521663d2d79b951d093620df396c3f03edf266a84137531bbe6413.mp3,https://d19azau1un4t7r.cloudfront.net/content/expression-pronunciation-audio/4178/EN_US/sentence/045d3f5b01de30b59593be9df7ad7c5481f73e60eb2708085cc4ae5f6f125847.mp3,7
4178,48,48,3,watch a movie,EN_GB,https://d19azau1un4t7r.cloudfront.net/content/expression-pronunciation-audio/4178/EN_GB/expression/368d25f563a035411bff259cc7a7324dbf70ab5ca61509051d8ab2a3912d392d.mp3,https://d19azau1un4t7r.cloudfront.net/content/expression-pronunciation-audio/4178/EN_GB/sentence/a1661297e7fb5269e6f044785da9d53b520e318e3c0396defcc27c65eb822808.mp3,7
4178,48,48,3,watch a movie,EN_AU,https://d19azau1un4t7r.cloudfront.net/content/expression-pronunciation-audio/4178/EN_AU/expression/3032518ad2c5442672b8693436f05bb53c6256b410b8776dc45612becf7f8e16.mp3,https://d19azau1un4t7r.cloudfront.net/content/expression-pronunciation-audio/4178/EN_AU/sentence/c01acdae6deda929fa79741bb60aa3624c2b7e89902160646795d842880005e8.mp3,7
4179,48,48,4,on a rainy day,EN_US,https://d19azau1un4t7r.cloudfront.net/content/expression-pronunciation-audio/4179/EN_US/expression/6c8095125e019c453cd7e03bdb3c83ca01f75c165329f38d5cbd9e37308421a9.mp3,https://d19azau1un4t7r.cloudfront.net/content/expression-pronunciation-audio/4179/EN_US/sentence/ad2cb0de78ef3feac42d3ccca05e826f612f5df44f31ba75b05a51aac0bdb45a.mp3,10
4179,48,48,4,on a rainy day,EN_GB,https://d19azau1un4t7r.cloudfront.net/content/expression-pronunciation-audio/4179/EN_GB/expression/d0d15a63dc5f0a99ca977c5bd971e5cccf521f6e5c5cd8045952b5d26cc30388.mp3,https://d19azau1un4t7r.cloudfront.net/content/expression-pronunciation-audio/4179/EN_GB/sentence/f912baf387a5efa9bbc37a68601af0403b42ce6581e43dae6224cd881081705d.mp3,10
4179,48,48,4,on a rainy day,EN_AU,https://d19azau1un4t7r.cloudfront.net/content/expression-pronunciation-audio/4179/EN_AU/expression/563174c5fbe20e2e383e33c41b0129fc7ac09afd5d1bea7446f461228aa84a09.mp3,https://d19azau1un4t7r.cloudfront.net/content/expression-pronunciation-audio/4179/EN_AU/sentence/0bfd5ecbc7a89a37283af4cfcbe3384124aa103dd3059810f2d6e03132839dd9.mp3,10
4180,48,48,5,a nice spot,EN_US,https://d19azau1un4t7r.cloudfront.net/content/expression-pronunciation-audio/4180/EN_US/expression/9bb225389b89eed2831a27d0ade80fe977e61ace663ebe85eaf50d7bbcace7b4.mp3,https://d19azau1un4t7r.cloudfront.net/content/expression-pronunciation-audio/4180/EN_US/sentence/0c8a07970611df838cc19627b8d75197d4d77488417d59f8ad007d11e705ff77.mp3,9
4180,48,48,5,a nice spot,EN_GB,https://d19azau1un4t7r.cloudfront.net/content/expression-pronunciation-audio/4180/EN_GB/expression/2617cb48574f47a60034100fef8f07afa3b36fbe55fec59a50b9149916a1ba04.mp3,https://d19azau1un4t7r.cloudfront.net/content/expression-pronunciation-audio/4180/EN_GB/sentence/23d7aee8b9e1f4ac444c707a204e18a27ddea44c16bbfa599ceec8fc139362a1.mp3,9
4180,48,48,5,a nice spot,EN_AU,https://d19azau1un4t7r.cloudfront.net/content/expression-pronunciation-audio/4180/EN_AU/expression/b584f027cef55196537d4460c5cc2113eb38ef1069bbb9ecdbf3d8502e75578e.mp3,https://d19azau1un4t7r.cloudfront.net/content/expression-pronunciation-audio/4180/EN_AU/sentence/aa715466f15ac6a9e8448e08ad1a8318b6c64177e53af4200c507b4020245d1d.mp3,9
4181,48,48,6,something to drink,EN_US,https://d19azau1un4t7r.cloudfront.net/content/expression-pronunciation-audio/4181/EN_US/expression/cf6bce63ebc3b8d47206254beff2c4b723bfb833b0ad17fe0df8128d63ad03d3.mp3,https://d19azau1un4t7r.cloudfront.net/content/expression-pronunciation-audio/4181/EN_US/sentence/d6b6736724dc0668c9f2b68f5e925b4800fbabf19dbb5c452c8df8c554453afa.mp3,10
4181,48,48,6,something to drink,EN_GB,https://d19azau1un4t7r.cloudfront.net/content/expression-pronunciation-audio/4181/EN_GB/expression/d264a867c2050ef1e0c0d1393ecd30e434083a91d3679d889b65e694b75ec69b.mp3,https://d19azau1un4t7r.cloudfront.net/content/expression-pronunciation-audio/4181/EN_GB/sentence/69559e3b03f99396caeca5a3dee00c5296335dcf3bbfc12034f7dad26689184a.mp3,10
4181,48,48,6,something to drink,EN_AU,https://d19azau1un4t7r.cloudfront.net/content/expression-pronunciation-audio/4181/EN_AU/expression/b3a68c60b7b25b07ea10adf48115e440f5e2265442e8aa4133a0b263e36bd2fd.mp3,https://d19azau1un4t7r.cloudfront.net/content/expression-pronunciation-audio/4181/EN_AU/sentence/0bd2bcfd744c916e22991ad2f39c00591b390045d67797ea600af51aaf6aa668.mp3,10
4182,48,48,7,check the forecast,EN_US,https://d19azau1un4t7r.cloudfront.net/content/expression-pronunciation-audio/4182/EN_US/expression/051351caaafec513d985b593719a182578028e675a142d0c5fe83cdc8efee832.mp3,https://d19azau1un4t7r.cloudfront.net/content/expression-pronunciation-audio/4182/EN_US/sentence/c7bcaad975c8a1fce59bc6055a13a1e6013948324d86252123e5244d391896fb.mp3,10
4182,48,48,7,check the forecast,EN_GB,https://d19azau1un4t7r.cloudfront.net/content/expression-pronunciation-audio/4182/EN_GB/expression/5b45e33ac8ebefa0008fecc9656672502ad4d1207255b1ff98294f7702d14cb0.mp3,https://d19azau1un4t7r.cloudfront.net/content/expression-pronunciation-audio/4182/EN_GB/sentence/7f9013f3555751124852260137bae709dbdfac0d682f7b25b1e6edc2f5b51db9.mp3,10
4182,48,48,7,check the forecast,EN_AU,https://d19azau1un4t7r.cloudfront.net/content/expression-pronunciation-audio/4182/EN_AU/expression/01b03d4e789bf5e9f27445facb24aadd0a06f933da431c11173d836442f13c9d.mp3,https://d19azau1un4t7r.cloudfront.net/content/expression-pronunciation-audio/4182/EN_AU/sentence/546ba332ec04dfa7e15ede32868ea2051d18201a003a79a11c8e2cb9054754ef.mp3,10
4183,48,48,8,some other day,EN_US,https://d19azau1un4t7r.cloudfront.net/content/expression-pronunciation-audio/4183/EN_US/expression/82967026b72e18c6c7fe3d052cf1686eef7fd8eb593d57f9a3493ba768cc12e9.mp3,https://d19azau1un4t7r.cloudfront.net/content/expression-pronunciation-audio/4183/EN_US/sentence/bc06d34b021a8c1ba5ddde149c89ab4c0607764d1d9ed5a26f9d373bdcbedd19.mp3,10
4183,48,48,8,some other day,EN_GB,https://d19azau1un4t7r.cloudfront.net/content/expression-pronunciation-audio/4183/EN_GB/expression/dec64dad15dd31c9a40e8820e2e1ae86678f17712d72ff88dc337401b5b0fd6f.mp3,https://d19azau1un4t7r.cloudfront.net/content/expression-pronunciation-audio/4183/EN_GB/sentence/bd8a0b53634ba1cfefb96ceb5a92c17ddccaeb5989a1df4865b0bb31463169a2.mp3,10
4183,48,48,8,some other day,EN_AU,https://d19azau1un4t7r.cloudfront.net/content/expression-pronunciation-audio/4183/EN_AU/expression/88ca2c12888a38421c7e46c36e7fa2c35972112b70f2da97e2e569bebb3bf33f.mp3,https://d19azau1un4t7r.cloudfront.net/content/expression-pronunciation-audio/4183/EN_AU/sentence/2b7928c641328da7c4efdca31fb7c7ddc63eb30313ed041c307a7c485bccbb98.mp3,10
4184,48,48,9,pack,EN_US,https://d19azau1un4t7r.cloudfront.net/content/expression-pronunciation-audio/4184/EN_US/expression/f912e12a954e5794da35e4f4bff28b159adc71eacb65d2f9dd93bef2473ce046.mp3,https://d19azau1un4t7r.cloudfront.net/content/expression-pronunciation-audio/4184/EN_US/sentence/de579f7063ed080fc0a47a3ab188f359a4831b36b5ca19cf911241497f176304.mp3,8
4184,48,48,9,pack,EN_GB,https://d19azau1un4t7r.cloudfront.net/content/expression-pronunciation-audio/4184/EN_GB/expression/bb5221951e5421dc4ff092a8b01431f699a579dac00b4d4770e8147eed936ae1.mp3,https://d19azau1un4t7r.cloudfront.net/content/expression-pronunciation-audio/4184/EN_GB/sentence/2623d892e6dcd6234c5d0467b92a6b0b71b4b7cfb8676340e2c21ee22ed98114.mp3,8
4184,48,48,9,pack,EN_AU,https://d19azau1un4t7r.cloudfront.net/content/expression-pronunciation-audio/4184/EN_AU/expression/5ab0c2e7b66d3a914a8e19b73f07e4e6f423154c61d7671900a7977fdd675028.mp3,https://d19azau1un4t7r.cloudfront.net/content/expression-pronunciation-audio/4184/EN_AU/sentence/a67cb77080f5b7df673419bb8c67d131e1fecca39a8d8dc9ec81bf21064c683d.mp3,8
4185,48,48,10,just in case,EN_US,https://d19azau1un4t7r.cloudfront.net/content/expression-pronunciation-audio/4185/EN_US/expression/cf5d5348429107c591401cf374bfe8f952f5111e58e829ddc62a624cc90f9d17.mp3,https://d19azau1un4t7r.cloudfront.net/content/expression-pronunciation-audio/4185/EN_US/sentence/3015248951c887f792076637f08a9b035db1ef0e638b33d4dfde4cba391b9305.mp3,8
4185,48,48,10,just in case,EN_GB,https://d19azau1un4t7r.cloudfront.net/content/expression-pronunciation-audio/4185/EN_GB/expression/18697fe0420c55c193201324fabc14889e2084e1a993f0c0dba077ad42da0bf9.mp3,https://d19azau1un4t7r.cloudfront.net/content/expression-pronunciation-audio/4185/EN_GB/sentence/ad8c8ef3e437582c9bfe15954d0a00235ea330bea7acdaed1757ee070f98091f.mp3,8
4185,48,48,10,just in case,EN_AU,https://d19azau1un4t7r.cloudfront.net/content/expression-pronunciation-audio/4185/EN_AU/expression/91d831844c670e855c84413da9fdaf4434e62728b9a894ec14aee0bf9b956365.mp3,https://d19azau1un4t7r.cloudfront.net/content/expression-pronunciation-audio/4185/EN_AU/sentence/9c6972fd0e179535da9ddb23e5f4d424cb8ed8710f51db76ecdfe0d503808ba5.mp3,8
4186,48,48,11,indoors,EN_US,https://d19azau1un4t7r.cloudfront.net/content/expression-pronunciation-audio/4186/EN_US/expression/b500381a2e017741d8c560e2d58aa27b31950320b881573f12837a0e5bb04469.mp3,https://d19azau1un4t7r.cloudfront.net/content/expression-pronunciation-audio/4186/EN_US/sentence/ff2f66e407fba6767e792046c846c5435ce9db882f5ecc55914c29694fcf29e3.mp3,11
4186,48,48,11,indoors,EN_GB,https://d19azau1un4t7r.cloudfront.net/content/expression-pronunciation-audio/4186/EN_GB/expression/5753f7f31fc51200fb21a4fb59234b680803c19e90a224158cbfc21fc2a1dc34.mp3,https://d19azau1un4t7r.cloudfront.net/content/expression-pronunciation-audio/4186/EN_GB/sentence/79725ed8874af8c7ea0c47a2238f4f96bb2198cdd227fabd8c87af7197eaf7a1.mp3,11
4186,48,48,11,indoors,EN_AU,https://d19azau1un4t7r.cloudfront.net/content/expression-pronunciation-audio/4186/EN_AU/expression/e0206d64d622cea3502bdf77f19b94025dd2a596f614990fe72890d1a085a4fc.mp3,https://d19azau1un4t7r.cloudfront.net/content/expression-pronunciation-audio/4186/EN_AU/sentence/78ec556d362aa090ede2f4f7cd92d3859d01419f814d6d823f89847e98346c93.mp3,11
4187,45,45,1,play soccer,EN_US,https://d19azau1un4t7r.cloudfront.net/content/expression-pronunciation-audio/4187/EN_US/expression/bb19b460c1597da01d5617798863f2623e32450231715347f35689e9216a14b7.mp3,https://d19azau1un4t7r.cloudfront.net/content/expression-pronunciation-audio/4187/EN_US/sentence/b967f3543644defdb4c588888f33b6e3f6a62a07300c400b466f1908a80d6852.mp3,6
4187,45,45,1,play soccer,EN_GB,https://d19azau1un4t7r.cloudfront.net/content/expression-pronunciation-audio/4187/EN_GB/expression/9de4a63273501a6c7eb44f3a5f5635702776bae5ca6c654e97eb518be14a90f6.mp3,https://d19azau1un4t7r.cloudfront.net/content/expression-pronunciation-audio/4187/EN_GB/sentence/425bb2a8da81cf4405b5aeb85e0f3d34e72630b1311af59a37987e027674cf01.mp3,6
4187,45,45,1,play soccer,EN_AU,https://d19azau1un4t7r.cloudfront.net/content/expression-pronunciation-audio/4187/EN_AU/expression/90acbcd3522c2e2f32e0ba1da2a530cabf9dcb1c6446cd2065a7e9c82c15fbdc.mp3,https://d19azau1un4t7r.cloudfront.net/content/expression-pronunciation-audio/4187/EN_AU/sentence/6ddce949fce6aa691b0552caea8fee14722fdce7bb4d137b92eb980175722e55.mp3,6
4188,45,45,2,get strong,EN_US,https://d19azau1un4t7r.cloudfront.net/content/expression-pronunciation-audio/4188/EN_US/expression/ec77fb81593c7bb81ec93d63227db7a200fba4fbd8290cb5f1d842b9150e803c.mp3,https://d19azau1un4t7r.cloudfront.net/content/expression-pronunciation-audio/4188/EN_US/sentence/25fdda3020a68e864db14a6dd6cadf01ebb931668ef4ff42b1398c70eda726ac.mp3,7
4188,45,45,2,get strong,EN_GB,https://d19azau1un4t7r.cloudfront.net/content/expression-pronunciation-audio/4188/EN_GB/expression/73285dd085e3c974c142a142a77dcf3f2fa3ba2321c9d6c48bca7128591e61a6.mp3,https://d19azau1un4t7r.cloudfront.net/content/expression-pronunciation-audio/4188/EN_GB/sentence/e11b05d7c2e92b333442c770b3b1945f2e3408396a264a4d5d77604a27349b6e.mp3,7
4188,45,45,2,get strong,EN_AU,https://d19azau1un4t7r.cloudfront.net/content/expression-pronunciation-audio/4188/EN_AU/expression/eb0eca3270c15bd6008e211bac19730c5a4b91c59eb8ba9de2e214c35a998b68.mp3,https://d19azau1un4t7r.cloudfront.net/content/expression-pronunciation-audio/4188/EN_AU/sentence/15f94c10dd14fc755b4a608c44f32655b4a5fb72c2bfaa128dfc88a87f273a47.mp3,7
4189,45,45,3,stay healthy,EN_US,https://d19azau1un4t7r.cloudfront.net/content/expression-pronunciation-audio/4189/EN_US/expression/213100447a94c3f64f0f6693e142edbed487290b04c734430182ef677343861c.mp3,https://d19azau1un4t7r.cloudfront.net/content/expression-pronunciation-audio/4189/EN_US/sentence/1061b7374e1eab86e20d6c9353fd9856995c28ccb047b7a6300a0f4d452484a1.mp3,5
4189,45,45,3,stay healthy,EN_GB,https://d19azau1un4t7r.cloudfront.net/content/expression-pronunciation-audio/4189/EN_GB/expression/247383837dbd5dbcf0235c794713f814e4a3b69f5b935d7611c7d097500a8459.mp3,https://d19azau1un4t7r.cloudfront.net/content/expression-pronunciation-audio/4189/EN_GB/sentence/b4f8b3b4b46c16dc74a2941d53f8f82ae907d55271b8cd0f1c6c72f591447d69.mp3,5
4189,45,45,3,stay healthy,EN_AU,https://d19azau1un4t7r.cloudfront.net/content/expression-pronunciation-audio/4189/EN_AU/expression/c43e327da77fbf6511954c91336a9578230bed19fad17f639357096ed7ff284a.mp3,https://d19azau1un4t7r.cloudfront.net/content/expression-pronunciation-audio/4189/EN_AU/sentence/e387e13263006ed2ebe4ec57d5fb227d0d6d67e186f2007c812da36c93c91f0d.mp3,5
4190,45,45,4,in the park,EN_US,https://d19azau1un4t7r.cloudfront.net/content/expression-pronunciation-audio/4190/EN_US/expression/8234e855155198d45f7b9a43eb1added2a5512861ee83721006852e8e071e9d8.mp3,https://d19azau1un4t7r.cloudfront.net/content/expression-pronunciation-audio/4190/EN_US/sentence/3b582c8ea81b326d86547eb48ce6350b3beba2920c0c6f914ec9fca3e828e6ce.mp3,8
4190,45,45,4,in the park,EN_GB,https://d19azau1un4t7r.cloudfront.net/content/expression-pronunciation-audio/4190/EN_GB/expression/0f42911087b92c256aba333aefaa5296137d8d3198b2c05b93d148abd533f4ef.mp3,https://d19azau1un4t7r.cloudfront.net/content/expression-pronunciation-audio/4190/EN_GB/sentence/560d57a17a6b3e43c483eacfd49431f9e00401e63ce1375e7259528b28964032.mp3,8
4190,45,45,4,in the park,EN_AU,https://d19azau1un4t7r.cloudfront.net/content/expression-pronunciation-audio/4190/EN_AU/expression/72735bf4113d6d9554b2002d02eeee2f056bbd7d68765e6cecd586610dc8ea4c.mp3,https://d19azau1un4t7r.cloudfront.net/content/expression-pronunciation-audio/4190/EN_AU/sentence/a9cd014ba4e52cb340329448c76a8afdf2d5bbc5ae017cdabdd0a577b5abca17.mp3,8
4191,45,45,5,prefer ~ to ~,EN_US,,https://d19azau1un4t7r.cloudfront.net/content/expression-pronunciation-audio/4191/EN_US/sentence/20047903e5c84d05864c50cd3c9c0b9d846c517f301f42e6b4f18284fbc69b6f.mp3,11
4191,45,45,5,prefer ~ to ~,EN_GB,,https://d19azau1un4t7r.cloudfront.net/content/expression-pronunciation-audio/4191/EN_GB/sentence/cc108ef74930e0e52ed8fc6fa5ea0f2a6066c55d45cf1870247b00a497ea524e.mp3,11
4191,45,45,5,prefer ~ to ~,EN_AU,,https://d19azau1un4t7r.cloudfront.net/content/expression-pronunciation-audio/4191/EN_AU/sentence/b77fe41413f686e6f9184a9d3a4e9717c9c6922c5acd4c56d87a4f87b3b096d4.mp3,11
4192,45,45,6,have more energy,EN_US,https://d19azau1un4t7r.cloudfront.net/content/expression-pronunciation-audio/4192/EN_US/expression/cf038538a0a46e1a62d45756b2394f31f01e46f257bb6e46ff2668f5d5ee5174.mp3,https://d19azau1un4t7r.cloudfront.net/content/expression-pronunciation-audio/4192/EN_US/sentence/f79988d66fa9ff94049e17678e59aaa027bd0e9feb7e5989f4c6895db687dba1.mp3,10
4192,45,45,6,have more energy,EN_GB,https://d19azau1un4t7r.cloudfront.net/content/expression-pronunciation-audio/4192/EN_GB/expression/4da7c3b0265b56e61bde99daf0faf021af757a48a2ff9f0f56504c6a4a6df126.mp3,https://d19azau1un4t7r.cloudfront.net/content/expression-pronunciation-audio/4192/EN_GB/sentence/7a305c5d152c8ac14200f2f4ff05274a98804aa6fa92dee04176d3e6e054fbb9.mp3,10
4192,45,45,6,have more energy,EN_AU,https://d19azau1un4t7r.cloudfront.net/content/expression-pronunciation-audio/4192/EN_AU/expression/3f6ed1d0589bfeb1129e536ae869cd7441f32e3118e8da11383605669fff2408.mp3,https://d19azau1un4t7r.cloudfront.net/content/expression-pronunciation-audio/4192/EN_AU/sentence/a352d884e529169c653ae2eeca3662f43e9110f1b7a1f714ec8c0269a9cb7c95.mp3,10
4193,45,45,7,try something new,EN_US,https://d19azau1un4t7r.cloudfront.net/content/expression-pronunciation-audio/4193/EN_US/expression/2324f552b40ae4d7f1594a29ca90f4dc8f2164d2ad633a5f7416d6f8c86e1432.mp3,https://d19azau1un4t7r.cloudfront.net/content/expression-pronunciation-audio/4193/EN_US/sentence/0425d18fb78925c57c2e1803daf01d0d071a65b598a92bfc693cede89e999cac.mp3,11
4193,45,45,7,try something new,EN_GB,https://d19azau1un4t7r.cloudfront.net/content/expression-pronunciation-audio/4193/EN_GB/expression/16eff9b6927bab20bf3525b70cf15615d391e0a1bcf279045c705bf8f4dd9526.mp3,https://d19azau1un4t7r.cloudfront.net/content/expression-pronunciation-audio/4193/EN_GB/sentence/fbc86aa2cd4c1cd18cb7839d385b88f00aa9f10225d6ff58d98d8e012e858e30.mp3,11
4193,45,45,7,try something new,EN_AU,https://d19azau1un4t7r.cloudfront.net/content/expression-pronunciation-audio/4193/EN_AU/expression/1c1aa6cc0211573eaa3109b19b5ef5a2cbe0464100ae124330273530a313e829.mp3,https://d19azau1un4t7r.cloudfront.net/content/expression-pronunciation-audio/4193/EN_AU/sentence/9043fd994accda90fbe12dbad09d6b4794caee627105460278469eabdf90301d.mp3,11
4194,45,45,8,meet in front of ~,EN_US,,https://d19azau1un4t7r.cloudfront.net/content/expression-pronunciation-audio/4194/EN_US/sentence/54c027c2c91ce8f14f9436dcc646b8ac9ddb920ae6266207ec17d0c00326bf7c.mp3,9
4194,45,45,8,meet in front of ~,EN_GB,,https://d19azau1un4t7r.cloudfront.net/content/expression-pronunciation-audio/4194/EN_GB/sentence/7249a98b0317259c718139fc1348cf77134a7385a50c4e1f43731e20cbc40521.mp3,9
4194,45,45,8,meet in front of ~,EN_AU,,https://d19azau1un4t7r.cloudfront.net/content/expression-pronunciation-audio/4194/EN_AU/sentence/b948344c01128b242d90c8bb892ace08772f89aba7a74ef891a649410af6b9a2.mp3,9
4195,45,45,9,get in shape,EN_US,https://d19azau1un4t7r.cloudfront.net/content/expression-pronunciation-audio/4195/EN_US/expression/beb6afe5a21323e179469141f0ea624224e0e0f9df49be16c3cd71247514cd2e.mp3,https://d19azau1un4t7r.cloudfront.net/content/expression-pronunciation-audio/4195/EN_US/sentence/ab22b451869f1d3d88b8698db7658d566f11cfdef6006f4aa316a0a5308ce96d.mp3,9
4195,45,45,9,get in shape,EN_GB,https://d19azau1un4t7r.cloudfront.net/content/expression-pronunciation-audio/4195/EN_GB/expression/7d3787018d73c57352eccd0f6727699c0a0812b8f9dacfe01e8ff822a3deb336.mp3,https://d19azau1un4t7r.cloudfront.net/content/expression-pronunciation-audio/4195/EN_GB/sentence/5767520e8f0c35ee6a26fa57ac3f17f2edc9cf694318f0f5db6965bab2497fa6.mp3,9
4195,45,45,9,get in shape,EN_AU,https://d19azau1un4t7r.cloudfront.net/content/expression-pronunciation-audio/4195/EN_AU/expression/cdbbdb02228d3482c9c65929309d288a75261e9ac5f5848f75db72cf06b09bca.mp3,https://d19azau1un4t7r.cloudfront.net/content/expression-pronunciation-audio/4195/EN_AU/sentence/c53378c5cb888c4a89bd113456767d9b6d814e160e9af5fec7053e71099e70ae.mp3,9
4196,45,45,10,hit the gym,EN_US,https://d19azau1un4t7r.cloudfront.net/content/expression-pronunciation-audio/4196/EN_US/expression/9b28d446393b2e083f25033c2b70db9daeea4ba239ddd092a6d7f66228797bd4.mp3,https://d19azau1un4t7r.cloudfront.net/content/expression-pronunciation-audio/4196/EN_US/sentence/232c2bcb125c5ec3c3ba476e0ddbdf5e82086a4cc74b032924a8a172141d74d5.mp3,7
4196,45,45,10,hit the gym,EN_GB,https://d19azau1un4t7r.cloudfront.net/content/expression-pronunciation-audio/4196/EN_GB/expression/e5ddc4fc4535c34c4e55ba0301445485448b59058700b08163f1606e793aaefd.mp3,https://d19azau1un4t7r.cloudfront.net/content/expression-pronunciation-audio/4196/EN_GB/sentence/1701ce84c037b2de190380a8e0be04668979b12710c670f4fb2d439667cb2339.mp3,7
4196,45,45,10,hit the gym,EN_AU,https://d19azau1un4t7r.cloudfront.net/content/expression-pronunciation-audio/4196/EN_AU/expression/a73d182aeb34e56ce6a8198f3759d92751a2872cdb1aa0c0cdb9cf51bcceef65.mp3,https://d19azau1un4t7r.cloudfront.net/content/expression-pronunciation-audio/4196/EN_AU/sentence/a5ac184852a9240bedb38cfb6af28a3d0bc9489b6555bf0f8fc45b3ae73eb6a0.mp3,7
4197,45,45,11,build muscle,EN_US,https://d19azau1un4t7r.cloudfront.net/content/expression-pronunciation-audio/4197/EN_US/expression/253fcfd317061e955c53add24258ac0cf9afd03e20d56c2dcafb91e9df0ab51d.mp3,https://d19azau1un4t7r.cloudfront.net/content/expression-pronunciation-audio/4197/EN_US/sentence/c06963ca8ae2c1617fcba504490a0589b148006dd556fc902c5950afa6c2fa6f.mp3,10
4197,45,45,11,build muscle,EN_GB,https://d19azau1un4t7r.cloudfront.net/content/expression-pronunciation-audio/4197/EN_GB/expression/269b98f2bf44a77357ba30858bfeca1432eebce5d183fa8181207c23a72f30cc.mp3,https://d19azau1un4t7r.cloudfront.net/content/expression-pronunciation-audio/4197/EN_GB/sentence/b483f19a5778aabdb12b1439713730a80ebbfd70578fcf690be20341606914cd.mp3,10
4197,45,45,11,build muscle,EN_AU,https://d19azau1un4t7r.cloudfront.net/content/expression-pronunciation-audio/4197/EN_AU/expression/8df90357dbb256f64a67138bb061c0bf61fb0997795339a603b6057c92c56699.mp3,https://d19azau1un4t7r.cloudfront.net/content/expression-pronunciation-audio/4197/EN_AU/sentence/4fda0374491c267847871eb208a63d47bb3228e1685c43561a6402f5b4515b8d.mp3,10
4198,60,60,1,I like ~ the most,EN_US,,https://d19azau1un4t7r.cloudfront.net/content/expression-pronunciation-audio/4198/EN_US/sentence/e2277f65f2f0efa822e638e920bddc8b913e948ceb2be499c7de7464e615d7e6.mp3,6
4198,60,60,1,I like ~ the most,EN_GB,,https://d19azau1un4t7r.cloudfront.net/content/expression-pronunciation-audio/4198/EN_GB/sentence/95ad6d22f65bd279b10c74c8e931b60f83fb448b6afcbe030dd088a143739744.mp3,6
4198,60,60,1,I like ~ the most,EN_AU,,https://d19azau1un4t7r.cloudfront.net/content/expression-pronunciation-audio/4198/EN_AU/sentence/96ca859953c853714e38bbb979c880f33f9de3707d9de589675c1603b9bd8efb.mp3,6
4199,60,60,2,before sunset,EN_US,https://d19azau1un4t7r.cloudfront.net/content/expression-pronunciation-audio/4199/EN_US/expression/a6e2c6c66613ae30d900794e96d2af7a343ad0ef2821947131786371a17449c9.mp3,https://d19azau1un4t7r.cloudfront.net/content/expression-pronunciation-audio/4199/EN_US/sentence/6071086a200450e1b643aa553a16b09f53bb52097bd65fc7d5e7a1f815e28c8b.mp3,5
4199,60,60,2,before sunset,EN_GB,https://d19azau1un4t7r.cloudfront.net/content/expression-pronunciation-audio/4199/EN_GB/expression/0f3243aa188069dd35a5c253fb430c349df392a66e700a44d1c7b8776bb0eaac.mp3,https://d19azau1un4t7r.cloudfront.net/content/expression-pronunciation-audio/4199/EN_GB/sentence/8ffcabccfb0a5b6042c85d7a94a8afa54ba4a15eeede9f124c467ee543cc342a.mp3,5
4199,60,60,2,before sunset,EN_AU,https://d19azau1un4t7r.cloudfront.net/content/expression-pronunciation-audio/4199/EN_AU/expression/882cfde02e9bc67834afbbfe86b5af5103654a43d8210988cd7335ffc9d13657.mp3,https://d19azau1un4t7r.cloudfront.net/content/expression-pronunciation-audio/4199/EN_AU/sentence/a335959b8e9d49a6361c619efe333483500c5758f1c3d87f104889ac58525336.mp3,5
4200,60,60,3,near the river,EN_US,https://d19azau1un4t7r.cloudfront.net/content/expression-pronunciation-audio/4200/EN_US/expression/942839cec711574e15233884a59eb4c855171232464fcacd5803cb57a8dfa9a7.mp3,https://d19azau1un4t7r.cloudfront.net/content/expression-pronunciation-audio/4200/EN_US/sentence/a26ec6042d82d764dfea768be8e5436b1f4cc84fa98b5548e61a9a935a0f28a8.mp3,7
4200,60,60,3,near the river,EN_GB,https://d19azau1un4t7r.cloudfront.net/content/expression-pronunciation-audio/4200/EN_GB/expression/60bcb998c440d23a862b81f7b54c4175068fe38dc4e23a0652cf2aee227ee821.mp3,https://d19azau1un4t7r.cloudfront.net/content/expression-pronunciation-audio/4200/EN_GB/sentence/8611c8b2b65e54b9befe4367cb1618e6cc7a931add7140eb0d3e6f40215a1e4d.mp3,7
4200,60,60,3,near the river,EN_AU,https://d19azau1un4t7r.cloudfront.net/content/expression-pronunciation-audio/4200/EN_AU/expression/390b87909c983574ede3e1c640ea2cc4c4b1f0c5267be784402c124bb71a4ff0.mp3,https://d19azau1un4t7r.cloudfront.net/content/expression-pronunciation-audio/4200/EN_AU/sentence/f10b3162ee919414b68d2ff9437251eb84f162bfac0f5f786e801d2e8bac1136.mp3,7
4201,60,60,4,I use my phone,EN_US,https://d19azau1un4t7r.cloudfront.net/content/expression-pronunciation-audio/4201/EN_US/expression/767e58d63f7a3ff94e3492d796fd7ec06f9bf1a81d8597fea03e353b95be9b8d.mp3,https://d19azau1un4t7r.cloudfront.net/content/expression-pronunciation-audio/4201/EN_US/sentence/b9fcb9d1aaf9f4fdbb209441e0bbfcf322f9a8372834ada4c4230bcf4c7fe93c.mp3,6
4201,60,60,4,I use my phone,EN_GB,https://d19azau1un4t7r.cloudfront.net/content/expression-pronunciation-audio/4201/EN_GB/expression/8fe6c97a9109dbd07ef33618c83a7f7f7729939f64fdedce294fb18edc1c9845.mp3,https://d19azau1un4t7r.cloudfront.net/content/expression-pronunciation-audio/4201/EN_GB/sentence/d14f0ae0bf5bcfd634e563b0604713a1e50f3eafe518c8b61785e30d2d2b8da7.mp3,6
4201,60,60,4,I use my phone,EN_AU,https://d19azau1un4t7r.cloudfront.net/content/expression-pronunciation-audio/4201/EN_AU/expression/9c452faee0dabeb538d6b899bbcf957fa0d660d4c8fbc83555592cb29f241178.mp3,https://d19azau1un4t7r.cloudfront.net/content/expression-pronunciation-audio/4201/EN_AU/sentence/2f618429425135f8a43948c9a05a20b0622388849a51a1aeee2d53b85d19d316.mp3,6
4202,60,60,5,wide open spaces,EN_US,https://d19azau1un4t7r.cloudfront.net/content/expression-pronunciation-audio/4202/EN_US/expression/2bf5d10638115de51a689b2654054760062613634c0a48ec53ccb5dfb9ab3833.mp3,https://d19azau1un4t7r.cloudfront.net/content/expression-pronunciation-audio/4202/EN_US/sentence/899f58e9d4cc47753efb4c7990b04cbdd1f4652737ffb5a06d6619968da233e8.mp3,9
4202,60,60,5,wide open spaces,EN_GB,https://d19azau1un4t7r.cloudfront.net/content/expression-pronunciation-audio/4202/EN_GB/expression/b8d93c58e235a4ca4762d4e2d275df98a675781198c124a75edd46521aeb3ce5.mp3,https://d19azau1un4t7r.cloudfront.net/content/expression-pronunciation-audio/4202/EN_GB/sentence/040a40887369631483582f1b4f9a06963f7bc0b58af6441b0b2271c72d980547.mp3,9
4202,60,60,5,wide open spaces,EN_AU,https://d19azau1un4t7r.cloudfront.net/content/expression-pronunciation-audio/4202/EN_AU/expression/b88272985cadaac9109b05f22c29bbb9a702b9e9cfaf514d52ec20baddb663ae.mp3,https://d19azau1un4t7r.cloudfront.net/content/expression-pronunciation-audio/4202/EN_AU/sentence/0fadbda2325327d781dc1aa5dad64bd777765935b377d2897f8376bd8b1e9c83.mp3,9
4203,60,60,6,the best time to ~,EN_US,,https://d19azau1un4t7r.cloudfront.net/content/expression-pronunciation-audio/4203/EN_US/sentence/7993d668645e9d8dc06d77093c9a67b057feec10d85a3e2168e7ecb9895bf7f3.mp3,13
4203,60,60,6,the best time to ~,EN_GB,,https://d19azau1un4t7r.cloudfront.net/content/expression-pronunciation-audio/4203/EN_GB/sentence/a3d927b6f3f54f92490000dcc1ef57a23a5d290699ee6486dc44d9e95388faa2.mp3,13
4203,60,60,6,the best time to ~,EN_AU,,https://d19azau1un4t7r.cloudfront.net/content/expression-pronunciation-audio/4203/EN_AU/sentence/20d922b6e54d430ecee1a4809b86951767ca114e1d9e070c4611887d5eb7437b.mp3,13
4204,60,60,7,the view from ~,EN_US,,https://d19azau1un4t7r.cloudfront.net/content/expression-pronunciation-audio/4204/EN_US/sentence/073e19c2c2009a044b769f498901f185847a9ae404ae8db91ed80ab4e2f5c431.mp3,10
4204,60,60,7,the view from ~,EN_GB,,https://d19azau1un4t7r.cloudfront.net/content/expression-pronunciation-audio/4204/EN_GB/sentence/398e21e83035868f2c88e8f13b95c5fb001a960f0e5f494d9be47cb1863d09df.mp3,10
4204,60,60,7,the view from ~,EN_AU,,https://d19azau1un4t7r.cloudfront.net/content/expression-pronunciation-audio/4204/EN_AU/sentence/64e313325ebccc62d277466b79baa33fd5b3f212473b48e958d9530f8329b6b9.mp3,10
4205,60,60,8,Yours is better,EN_US,https://d19azau1un4t7r.cloudfront.net/content/expression-pronunciation-audio/4205/EN_US/expression/60d45a61439b6328a1dabeba3b8fad39dc485bca77cdb2417b40dd26b59fe0e0.mp3,https://d19azau1un4t7r.cloudfront.net/content/expression-pronunciation-audio/4205/EN_US/sentence/2397e3f46ddcfe2acae0372cc0fef9d25da0746501b0501bb577a6f78b3a6593.mp3,9
4205,60,60,8,Yours is better,EN_GB,https://d19azau1un4t7r.cloudfront.net/content/expression-pronunciation-audio/4205/EN_GB/expression/cd553b6d6761fd1275fcb1f34438d0e95f34870e8c0cefd4f2235c9e23a6711f.mp3,https://d19azau1un4t7r.cloudfront.net/content/expression-pronunciation-audio/4205/EN_GB/sentence/bd3850ed3a45e35f75752fb7dba382940d771441c2d448c8a8ce74223cd404f3.mp3,9
4205,60,60,8,Yours is better,EN_AU,https://d19azau1un4t7r.cloudfront.net/content/expression-pronunciation-audio/4205/EN_AU/expression/85927758a37c931d243164680c54ec186dd70a95f3ada3c9e726d271d2bad743.mp3,https://d19azau1un4t7r.cloudfront.net/content/expression-pronunciation-audio/4205/EN_AU/sentence/ac1fe833ce4f3f7925a2994d7d85f92eb7d2a362a961cfed6e5a814fb2c9cde0.mp3,9
4206,60,60,9,divide up,EN_US,https://d19azau1un4t7r.cloudfront.net/content/expression-pronunciation-audio/4206/EN_US/expression/06f2068f6ed63831c153e5a7f4ab602472c35c3ff68090136dfaea1af5353f11.mp3,https://d19azau1un4t7r.cloudfront.net/content/expression-pronunciation-audio/4206/EN_US/sentence/72a8d9a715a4ca4e0c627fe99c5af6900f1fd164fe8ca5b7758e6313c330a775.mp3,12
4206,60,60,9,divide up,EN_GB,https://d19azau1un4t7r.cloudfront.net/content/expression-pronunciation-audio/4206/EN_GB/expression/f6b70955c60c29b8e28802d164f753504196305215219a344b4815a9815fe1b1.mp3,https://d19azau1un4t7r.cloudfront.net/content/expression-pronunciation-audio/4206/EN_GB/sentence/bb380ddd777e827ca0365d93a77f636a8840f55cef3345182b130ca618268bdd.mp3,12
4206,60,60,9,divide up,EN_AU,https://d19azau1un4t7r.cloudfront.net/content/expression-pronunciation-audio/4206/EN_AU/expression/322264e8d57efbd3a859efd177d2dc99014f293c1437bcc396bc7270ccf4a0e2.mp3,https://d19azau1un4t7r.cloudfront.net/content/expression-pronunciation-audio/4206/EN_AU/sentence/8282a580c8d4d1f0c454e53abae6dfe4289c51d2b3a40298943a3db7cc2a5704.mp3,12
4207,60,60,10,golden hour,EN_US,https://d19azau1un4t7r.cloudfront.net/content/expression-pronunciation-audio/4207/EN_US/expression/ccf1fa82a349bbcea8e4dc095f950da829a9a8ac918eecfdc161d8eca606040c.mp3,https://d19azau1un4t7r.cloudfront.net/content/expression-pronunciation-audio/4207/EN_US/sentence/39573faac397dee01024c4fb1ca7bfdc752fb7b44089f727448ffe3dd350b300.mp3,8
4207,60,60,10,golden hour,EN_GB,https://d19azau1un4t7r.cloudfront.net/content/expression-pronunciation-audio/4207/EN_GB/expression/553d3f9cc5efbfede80a7990bcdfbc1d3c12c73938122e4998ff84d9ca2cf29a.mp3,https://d19azau1un4t7r.cloudfront.net/content/expression-pronunciation-audio/4207/EN_GB/sentence/9190dc6abb0fa9dea3a9d1625b3236cd5a0dcb59c3bb39ee58a5c90320873033.mp3,8
4207,60,60,10,golden hour,EN_AU,https://d19azau1un4t7r.cloudfront.net/content/expression-pronunciation-audio/4207/EN_AU/expression/7fb15ddbe953fcf45cd7c19d611caba28ac29488e8c6352630c3093a2d599d98.mp3,https://d19azau1un4t7r.cloudfront.net/content/expression-pronunciation-audio/4207/EN_AU/sentence/994a788d1e8f062200021a72c89a5bed356a3267bd495f918c5f8aa8ae0fffeb.mp3,8
4208,60,60,11,breathtaking,EN_US,https://d19azau1un4t7r.cloudfront.net/content/expression-pronunciation-audio/4208/EN_US/expression/7703b95780c8f75d4da14e427a6d68d09e09011793052cd1cad3ed8e1f1864ee.mp3,https://d19azau1un4t7r.cloudfront.net/content/expression-pronunciation-audio/4208/EN_US/sentence/6964011e6ed2e7d6d15cde313a892f726e14232627f4c386b955cf7ddb10dde0.mp3,9
4208,60,60,11,breathtaking,EN_GB,https://d19azau1un4t7r.cloudfront.net/content/expression-pronunciation-audio/4208/EN_GB/expression/6e95b703f583d0f01e913221f825f6eb3dcdcc58d8e1f109b900904ecafdddfd.mp3,https://d19azau1un4t7r.cloudfront.net/content/expression-pronunciation-audio/4208/EN_GB/sentence/1c9158c7605bf1a46da3d0136ed75ebd1de2cec8a51b0f3ad6594d18d39d27c2.mp3,9
4208,60,60,11,breathtaking,EN_AU,https://d19azau1un4t7r.cloudfront.net/content/expression-pronunciation-audio/4208/EN_AU/expression/78e8d676e25f41be3d143557a761415a7d48093f94a614d044fce525072bacb7.mp3,https://d19azau1un4t7r.cloudfront.net/content/expression-pronunciation-audio/4208/EN_AU/sentence/f119503e893cb1f0dc788efde5c28c82b92084e303ebc6bc1887bcdc781bf9d5.mp3,9
4209,59,59,1,Can I add ~?,EN_US,,https://d19azau1un4t7r.cloudfront.net/content/expression-pronunciation-audio/4209/EN_US/sentence/825ddb4d6673bdb0ef79ea8af4b6faa43f2a8400ba4526a71d41644b3a332694.mp3,7
4209,59,59,1,Can I add ~?,EN_GB,,https://d19azau1un4t7r.cloudfront.net/content/expression-pronunciation-audio/4209/EN_GB/sentence/50df0ff304cb564746dd541b7b362713ffecaae18c8cf466dca7b9e31ce92f82.mp3,7
4209,59,59,1,Can I add ~?,EN_AU,,https://d19azau1un4t7r.cloudfront.net/content/expression-pronunciation-audio/4209/EN_AU/sentence/b286f5a3f4aa85a7960fb80222b15ddac4119f4a04486775d81c22f8804dee01.mp3,7
4210,59,59,2,without the coupon,EN_US,https://d19azau1un4t7r.cloudfront.net/content/expression-pronunciation-audio/4210/EN_US/expression/f5ba369b434c3895f90e1f61e9c2d0d4e7f14a260a553d522a60bfe786fe6d53.mp3,https://d19azau1un4t7r.cloudfront.net/content/expression-pronunciation-audio/4210/EN_US/sentence/6962f6784979a4366d8de4d95b6e2eb1aba3de9ef7a5b7f62c547e0e88aa590e.mp3,6
4210,59,59,2,without the coupon,EN_GB,https://d19azau1un4t7r.cloudfront.net/content/expression-pronunciation-audio/4210/EN_GB/expression/7d4f28aa0fb46fa1969788aab365400b9f98756756373b45fc496e96241e8f83.mp3,https://d19azau1un4t7r.cloudfront.net/content/expression-pronunciation-audio/4210/EN_GB/sentence/69b78523234d49336bf8ba744edbcfb027dc25a962a39864fbf089df9e05a240.mp3,6
4210,59,59,2,without the coupon,EN_AU,https://d19azau1un4t7r.cloudfront.net/content/expression-pronunciation-audio/4210/EN_AU/expression/b2b3cacbed9380a58da92d75dce4930c83d3f63ad8c7cd37b84bc665246a7316.mp3,https://d19azau1un4t7r.cloudfront.net/content/expression-pronunciation-audio/4210/EN_AU/sentence/bd61b72e723502115e950d82391684fe3cda27414da7e90943bf9cf849a03060.mp3,6
4211,59,59,3,one more item,EN_US,https://d19azau1un4t7r.cloudfront.net/content/expression-pronunciation-audio/4211/EN_US/expression/a7ac8878a10145339643bc9abc512905e3deb7f36cac1a21e2fba779fe402191.mp3,https://d19azau1un4t7r.cloudfront.net/content/expression-pronunciation-audio/4211/EN_US/sentence/63d7269025d0bfc1d2123aeb3a0b25dbaa0058d5c724a0164e75b42ac407c873.mp3,6
4211,59,59,3,one more item,EN_GB,https://d19azau1un4t7r.cloudfront.net/content/expression-pronunciation-audio/4211/EN_GB/expression/72fdaf78e6d6b0bdf2779d356bdc9117ee1f601a1c9d706b17bd97a731dff270.mp3,https://d19azau1un4t7r.cloudfront.net/content/expression-pronunciation-audio/4211/EN_GB/sentence/e7dfbad3dd21c8bf1a226fbe432ef728bcee916bbe7e81520bd07a78c1d81634.mp3,6
4211,59,59,3,one more item,EN_AU,https://d19azau1un4t7r.cloudfront.net/content/expression-pronunciation-audio/4211/EN_AU/expression/9176fcff3015812fa44a48c2ecebb09ba636b3a7f421179f2c297c7e784a75cf.mp3,https://d19azau1un4t7r.cloudfront.net/content/expression-pronunciation-audio/4211/EN_AU/sentence/b6dde15f05b7c99657de1e41f26dbc93f4f8bbccc4f2ee7f364dd163fe7f2c61.mp3,6
4212,59,59,4,my phone number,EN_US,https://d19azau1un4t7r.cloudfront.net/content/expression-pronunciation-audio/4212/EN_US/expression/42e9b6fe272d1001955e8f8c427bc5722e907e5783e20fdaf99496874353ac6a.mp3,https://d19azau1un4t7r.cloudfront.net/content/expression-pronunciation-audio/4212/EN_US/sentence/55f7e8dec3a7a1c1f5a0d876fd4662ce843804cc2cc26cb3cc0e33f9ec3af7b6.mp3,6
4212,59,59,4,my phone number,EN_GB,https://d19azau1un4t7r.cloudfront.net/content/expression-pronunciation-audio/4212/EN_GB/expression/661bcf53622e53322cffdcad797a3d92675cab6c1047f28f7d5c005dd7ed1174.mp3,https://d19azau1un4t7r.cloudfront.net/content/expression-pronunciation-audio/4212/EN_GB/sentence/e246027ad8fdf92d50998f8001c408ff145a66d83195196eab05f94215f5531b.mp3,6
4212,59,59,4,my phone number,EN_AU,https://d19azau1un4t7r.cloudfront.net/content/expression-pronunciation-audio/4212/EN_AU/expression/3a98384c396ec3810de0b0009baf63dd223ce314c10fdc5d788646e38302a3d4.mp3,https://d19azau1un4t7r.cloudfront.net/content/expression-pronunciation-audio/4212/EN_AU/sentence/91eb0dbce2b294f7ce146091633abb096b3d88b3f86cf045c19abb522a66a259.mp3,6
4213,59,59,5,How much more do I need?,EN_US,https://d19azau1un4t7r.cloudfront.net/content/expression-pronunciation-audio/4213/EN_US/expression/571dd9b1ad692fce8e73346882b43049dd1397e6578ac76871a52b5636c55142.mp3,https://d19azau1un4t7r.cloudfront.net/content/expression-pronunciation-audio/4213/EN_US/sentence/c0acf11b50853c75040c08b09bc04018491cd363e59d532c3065e7434a5a40fa.mp3,10
4213,59,59,5,How much more do I need?,EN_GB,https://d19azau1un4t7r.cloudfront.net/content/expression-pronunciation-audio/4213/EN_GB/expression/adf937057171ab5fa93bd8fede3e57d258595f1a8f3e98cc619d7c31083c5df5.mp3,https://d19azau1un4t7r.cloudfront.net/content/expression-pronunciation-audio/4213/EN_GB/sentence/38f0ea58d503b3db53b6fca765975184b6a0596d27da1252959954467ee5786c.mp3,10
4213,59,59,5,How much more do I need?,EN_AU,https://d19azau1un4t7r.cloudfront.net/content/expression-pronunciation-audio/4213/EN_AU/expression/d6793d60c473b2a38c523f0ef2b960ede21469f7b43e22296ceb3af95acefde7.mp3,https://d19azau1un4t7r.cloudfront.net/content/expression-pronunciation-audio/4213/EN_AU/sentence/89962d3585aa06ef7471e3d61c79502fbc12868432f641ef548da5cae84534c2.mp3,10
4214,59,59,6,pay full price,EN_US,https://d19azau1un4t7r.cloudfront.net/content/expression-pronunciation-audio/4214/EN_US/expression/54227a4fa0ba4849db88d6a6de78169df8edb79e53feaf6f65f23b04986e166a.mp3,https://d19azau1un4t7r.cloudfront.net/content/expression-pronunciation-audio/4214/EN_US/sentence/7275d8dfffdd39b1a83c93fcfc27b162e32ab16b5d52da8ea93949b71a165121.mp3,11
4214,59,59,6,pay full price,EN_GB,https://d19azau1un4t7r.cloudfront.net/content/expression-pronunciation-audio/4214/EN_GB/expression/e1f76cc532acfbc43398a698925183ddd310596910f11a65975dd04e7fcca152.mp3,https://d19azau1un4t7r.cloudfront.net/content/expression-pronunciation-audio/4214/EN_GB/sentence/50084a685f365ca0acddb2c0d57554661991a7961630e015e63ce07c9bd06ff0.mp3,11
4214,59,59,6,pay full price,EN_AU,https://d19azau1un4t7r.cloudfront.net/content/expression-pronunciation-audio/4214/EN_AU/expression/c4919c0f0d2dd3590a8b1e38d51f7e5fb053bb77a156c4e216e5068435092fbd.mp3,https://d19azau1un4t7r.cloudfront.net/content/expression-pronunciation-audio/4214/EN_AU/sentence/bd401e72a0a06b209eec7514ffab0b0ab4f0c84a9d4f6a52f3158c19bed6a4a8.mp3,11
4215,59,59,7,It's a good deal,EN_US,https://d19azau1un4t7r.cloudfront.net/content/expression-pronunciation-audio/4215/EN_US/expression/436d4e7d032cd95f59ce37a421ab401c7b384fc88b6ebad5d2c3cc879995861d.mp3,https://d19azau1un4t7r.cloudfront.net/content/expression-pronunciation-audio/4215/EN_US/sentence/4869ebc749b252514624814731f2e3ff39513a6ea2ce87992239e94f7694c3d2.mp3,11
4215,59,59,7,It's a good deal,EN_GB,https://d19azau1un4t7r.cloudfront.net/content/expression-pronunciation-audio/4215/EN_GB/expression/c3486016cb88b58ea220abcd785fc19dc3afc45880de988395ff2a5e229383a8.mp3,https://d19azau1un4t7r.cloudfront.net/content/expression-pronunciation-audio/4215/EN_GB/sentence/3e1ad3485718f533e258e8563d789a10cf6f759a660ec166e18bf5c5c95b3018.mp3,11
4215,59,59,7,It's a good deal,EN_AU,https://d19azau1un4t7r.cloudfront.net/content/expression-pronunciation-audio/4215/EN_AU/expression/84b3680b0270bad6e55a1efc69369d346521dd171944f1d4fd8108c66c21541f.mp3,https://d19azau1un4t7r.cloudfront.net/content/expression-pronunciation-audio/4215/EN_AU/sentence/a6c4d166833c5068f10556f294232560fd441c09aae71ed9edf82555c69defd6.mp3,11
4216,59,59,8,earn points,EN_US,https://d19azau1un4t7r.cloudfront.net/content/expression-pronunciation-audio/4216/EN_US/expression/7013d140ef71718d6e7fcfeabe395020411935a3a06a33aa7e01ac128c2e8ff8.mp3,https://d19azau1un4t7r.cloudfront.net/content/expression-pronunciation-audio/4216/EN_US/sentence/60f5cbb351d02bc8c46377699c14c3e0447800c2a6ec974e3454edfea6bde243.mp3,10
4216,59,59,8,earn points,EN_GB,https://d19azau1un4t7r.cloudfront.net/content/expression-pronunciation-audio/4216/EN_GB/expression/c9b5b7946f876fe80aed9f1701952ed50ec54b000304032ad9efb21bb5ea8f2a.mp3,https://d19azau1un4t7r.cloudfront.net/content/expression-pronunciation-audio/4216/EN_GB/sentence/89ddb32194ca1e03ddea5e81af3c53eb0f79f333bd9d60c87ea0fe1c87f5ffb0.mp3,10
4216,59,59,8,earn points,EN_AU,https://d19azau1un4t7r.cloudfront.net/content/expression-pronunciation-audio/4216/EN_AU/expression/11184f14d646848f217c761080e3c64d0930110b19c47df12612610d951f87f1.mp3,https://d19azau1un4t7r.cloudfront.net/content/expression-pronunciation-audio/4216/EN_AU/sentence/5477c82924bb9ce25e0ae1dbe3230c8ac70067a9c02dcb91cbae8f824ea35e29.mp3,10
4217,59,59,9,ring up,EN_US,https://d19azau1un4t7r.cloudfront.net/content/expression-pronunciation-audio/4217/EN_US/expression/08011c09bee5b2be71330e3bd2220f6fdcb2b00c1d7ec9de23b3367f0494fa4f.mp3,https://d19azau1un4t7r.cloudfront.net/content/expression-pronunciation-audio/4217/EN_US/sentence/dd1ffac970ee243c07263225e30bdc300926ff58d8ec45864addc695b6ea8a2f.mp3,12
4217,59,59,9,ring up,EN_GB,https://d19azau1un4t7r.cloudfront.net/content/expression-pronunciation-audio/4217/EN_GB/expression/9b1e4a1a01be28a8742b72039f4ea206a5112bef005372cf130a9fe0d0f42e86.mp3,https://d19azau1un4t7r.cloudfront.net/content/expression-pronunciation-audio/4217/EN_GB/sentence/0d8e9c00046556569055af4ab6681fc26b29479736fa2cb6da3a576cdd92327c.mp3,12
4217,59,59,9,ring up,EN_AU,https://d19azau1un4t7r.cloudfront.net/content/expression-pronunciation-audio/4217/EN_AU/expression/78d32af2db4ebb7fb4c72ddb016bcddebc6110c62cdc27a86395f0ad4787f60b.mp3,https://d19azau1un4t7r.cloudfront.net/content/expression-pronunciation-audio/4217/EN_AU/sentence/b7e6ea2625d4cde99f5c1ae6e53fb845dce354f7fd3e49850947964f04a43599.mp3,12
4218,59,59,10,meet the minimum,EN_US,https://d19azau1un4t7r.cloudfront.net/content/expression-pronunciation-audio/4218/EN_US/expression/5730ca58f2b76487290cd32219193fa52537cab6569bfa83bd67b389b41740f0.mp3,https://d19azau1un4t7r.cloudfront.net/content/expression-pronunciation-audio/4218/EN_US/sentence/166844f28746b30046def2ccf2af53bcc7229a85bed30fc9801573345d04729c.mp3,8
4218,59,59,10,meet the minimum,EN_GB,https://d19azau1un4t7r.cloudfront.net/content/expression-pronunciation-audio/4218/EN_GB/expression/081ae97478f8f7f1461b712b6e6e1a0e30c13909710b9cf8c9c012605461503a.mp3,https://d19azau1un4t7r.cloudfront.net/content/expression-pronunciation-audio/4218/EN_GB/sentence/3a8c50f67bda876b04978a3db9fdb185f45497c9ab022a474425068ffb2b072f.mp3,8
4218,59,59,10,meet the minimum,EN_AU,https://d19azau1un4t7r.cloudfront.net/content/expression-pronunciation-audio/4218/EN_AU/expression/820a0745706e033a9aa540281cc92dcc807337abddaaf47c43c0ce8273f0f350.mp3,https://d19azau1un4t7r.cloudfront.net/content/expression-pronunciation-audio/4218/EN_AU/sentence/9f4fb0cd3653a8852f438ecb8ff3587b235d3ddae77518ab9fee3a3c00be277e.mp3,8
4219,59,59,11,be short,EN_US,https://d19azau1un4t7r.cloudfront.net/content/expression-pronunciation-audio/4219/EN_US/expression/e831565cfc8c253fed1d8890818468da7a45b8661113a6bb2cba8c7f1ef810f0.mp3,https://d19azau1un4t7r.cloudfront.net/content/expression-pronunciation-audio/4219/EN_US/sentence/1b2bacfe47935483824f452f223259bc4d52288d35cab3956018934e43d0e6ba.mp3,7
4219,59,59,11,be short,EN_GB,https://d19azau1un4t7r.cloudfront.net/content/expression-pronunciation-audio/4219/EN_GB/expression/e91eda819bb0f01efba0f0414401038e144655ca2fb92d4b8047fa2e5214c297.mp3,https://d19azau1un4t7r.cloudfront.net/content/expression-pronunciation-audio/4219/EN_GB/sentence/5ba03eddf69c6c5ec1151efe8bf1a998cc4cb5a8ab379ff6c393ba5eab3189ce.mp3,7
4219,59,59,11,be short,EN_AU,https://d19azau1un4t7r.cloudfront.net/content/expression-pronunciation-audio/4219/EN_AU/expression/ae1ae903bf5327ec9d4b07e110017021801a8a4464c2c8cea49e8c9b82f71698.mp3,https://d19azau1un4t7r.cloudfront.net/content/expression-pronunciation-audio/4219/EN_AU/sentence/31c9b5037ec0c700a8e5f742278a92a6e0cd193995ea43a89622b5f5cc4e15a9.mp3,7
4220,51,51,1,The machine stopped,EN_US,https://d19azau1un4t7r.cloudfront.net/content/expression-pronunciation-audio/4220/EN_US/expression/48ae0aa556232334d84eb67e0991676dd4f4bdda13e74675d7d13b7dedcf3a8c.mp3,https://d19azau1un4t7r.cloudfront.net/content/expression-pronunciation-audio/4220/EN_US/sentence/107eade485dfc2c41a6f58d4e1c370c6aa72d5ff6e7e20b7d389904d1caf254f.mp3,6
4220,51,51,1,The machine stopped,EN_GB,https://d19azau1un4t7r.cloudfront.net/content/expression-pronunciation-audio/4220/EN_GB/expression/db8d0f80626dcc5f38d1f8eff61a2cb5a282350ec55408e555db2b5f6da8c52a.mp3,https://d19azau1un4t7r.cloudfront.net/content/expression-pronunciation-audio/4220/EN_GB/sentence/daae1a9b639d00a1a2a5dd0f679fd9296c8b4a9b0a59e09ea2c015da3261d500.mp3,6
4220,51,51,1,The machine stopped,EN_AU,https://d19azau1un4t7r.cloudfront.net/content/expression-pronunciation-audio/4220/EN_AU/expression/df79847df73042029cc573ba6d5c6fb35c700ea9d7462b48923e6bc0e5e38c9a.mp3,https://d19azau1un4t7r.cloudfront.net/content/expression-pronunciation-audio/4220/EN_AU/sentence/4a19f056ddec0d33e904b4e4c41f93a0922eccc18b99fb5d27e2354371c9f762.mp3,6
4221,51,51,2,press the button,EN_US,https://d19azau1un4t7r.cloudfront.net/content/expression-pronunciation-audio/4221/EN_US/expression/816106a7cfecbf79811d8395e9b1f2614e8d86f1ff31117c7156734efca17623.mp3,https://d19azau1un4t7r.cloudfront.net/content/expression-pronunciation-audio/4221/EN_US/sentence/ad9d8fb0b87f2bf27a3e29526fa467038e27b4798542852ed7a89154af6990fd.mp3,6
4221,51,51,2,press the button,EN_GB,https://d19azau1un4t7r.cloudfront.net/content/expression-pronunciation-audio/4221/EN_GB/expression/bd5952ff9d66b82027525389b8b36d2d08c11294a4585c4ab79e18eec20d8443.mp3,https://d19azau1un4t7r.cloudfront.net/content/expression-pronunciation-audio/4221/EN_GB/sentence/7fbfb029f5d9f8f1b2996fa2d9a3cafb6f0f72e2ab2765643dac26d0cf7f6367.mp3,6
4221,51,51,2,press the button,EN_AU,https://d19azau1un4t7r.cloudfront.net/content/expression-pronunciation-audio/4221/EN_AU/expression/9fd9662b090d7ff66e603e96eeb2580b14c7273c6d8d1a25f84b5e3c6d1b6c3f.mp3,https://d19azau1un4t7r.cloudfront.net/content/expression-pronunciation-audio/4221/EN_AU/sentence/76e121c8cb10df715eb3725ffe10ba7e7c8375ffdf062fadc08da7cb1e8d3fbb.mp3,6
4222,51,51,3,That's all,EN_US,https://d19azau1un4t7r.cloudfront.net/content/expression-pronunciation-audio/4222/EN_US/expression/1978eb644741d20739847f48ab2fe69bd3b102cd597854e7bae7e88a78f70c59.mp3,https://d19azau1un4t7r.cloudfront.net/content/expression-pronunciation-audio/4222/EN_US/sentence/05396336a3574a0d8b76918a9f814d2f2a69e269fe306071ef7067880b710fc8.mp3,5
4222,51,51,3,That's all,EN_GB,https://d19azau1un4t7r.cloudfront.net/content/expression-pronunciation-audio/4222/EN_GB/expression/d6184a7e74473a6d179d17fe0f3ff755b75c7e925140928af8c20fac0b3f0dd2.mp3,https://d19azau1un4t7r.cloudfront.net/content/expression-pronunciation-audio/4222/EN_GB/sentence/96f9cc89d193576b3878889c1076d5c110e2bd7757867897dea61dd9815e1a71.mp3,5
4222,51,51,3,That's all,EN_AU,https://d19azau1un4t7r.cloudfront.net/content/expression-pronunciation-audio/4222/EN_AU/expression/987a9449837380e550267fe0e904db02edbf64982e7c5907bbb8699a59f2d92d.mp3,https://d19azau1un4t7r.cloudfront.net/content/expression-pronunciation-audio/4222/EN_AU/sentence/170c90b426c74073d3af53761165e0d14dd19e34c560aba3530fe02626a53ae6.mp3,5
4223,51,51,4,I'll be back,EN_US,https://d19azau1un4t7r.cloudfront.net/content/expression-pronunciation-audio/4223/EN_US/expression/c86dffaacbd9cc18066f0bcf084ec180b908a3ca2f77fb3c1c55b2f52728f01c.mp3,https://d19azau1un4t7r.cloudfront.net/content/expression-pronunciation-audio/4223/EN_US/sentence/500d79d62e4d950f69a872888889c65f737fd86e734342a990ea02660554a468.mp3,6
4223,51,51,4,I'll be back,EN_GB,https://d19azau1un4t7r.cloudfront.net/content/expression-pronunciation-audio/4223/EN_GB/expression/0245ae5f897f8917f12331d20b2039fe85ec4dbd969f1b9716b08a6a6d7bd924.mp3,https://d19azau1un4t7r.cloudfront.net/content/expression-pronunciation-audio/4223/EN_GB/sentence/4aa31a55d1242c7d904d6b0b782731097b4ff01d07c72607102121be65ded8a3.mp3,6
4223,51,51,4,I'll be back,EN_AU,https://d19azau1un4t7r.cloudfront.net/content/expression-pronunciation-audio/4223/EN_AU/expression/f27699821aaa549c120874f68ed7007da1fe88e6abdfb513da5c67253fe85fb3.mp3,https://d19azau1un4t7r.cloudfront.net/content/expression-pronunciation-audio/4223/EN_AU/sentence/4c2a732090ae785cf5124c6779fac94ead5fd68b0b57c518bbe4fde6cf65ce73.mp3,6
4224,51,51,5,scan the barcode,EN_US,https://d19azau1un4t7r.cloudfront.net/content/expression-pronunciation-audio/4224/EN_US/expression/ddc54b131ba63d5b41d1800f54df75f65000a61904c8831bd9725b61f59b6e6d.mp3,https://d19azau1un4t7r.cloudfront.net/content/expression-pronunciation-audio/4224/EN_US/sentence/ef2b89e9ba500bf142074f2383f271c8a0f566e7bdeba4c7ccaf7a79488b5288.mp3,12
4224,51,51,5,scan the barcode,EN_GB,https://d19azau1un4t7r.cloudfront.net/content/expression-pronunciation-audio/4224/EN_GB/expression/b917fbc81c1b4e37b648e92429a78b551764a889dcb6d81a49fe2c277c2ea38d.mp3,https://d19azau1un4t7r.cloudfront.net/content/expression-pronunciation-audio/4224/EN_GB/sentence/07cc1276f30c6a5369dd94bcd23fc6015c9b379f660a2dce881dc99a2f926936.mp3,12
4224,51,51,5,scan the barcode,EN_AU,https://d19azau1un4t7r.cloudfront.net/content/expression-pronunciation-audio/4224/EN_AU/expression/ea6b3d0e1d28e54e2f170b1344dd297dc6eebbefc7fe8e36f3855f89c5ea3b56.mp3,https://d19azau1un4t7r.cloudfront.net/content/expression-pronunciation-audio/4224/EN_AU/sentence/c4a5b312b6542f319ef021ba5b21caf34592872eec052e59e9f694bdb6cfd3b3.mp3,12
4225,51,51,6,halfway through,EN_US,https://d19azau1un4t7r.cloudfront.net/content/expression-pronunciation-audio/4225/EN_US/expression/7139dec774e2eb9a4f5780aead302890e43eeca7bdbd8732a80098df27f210be.mp3,https://d19azau1un4t7r.cloudfront.net/content/expression-pronunciation-audio/4225/EN_US/sentence/135be9c404f830d16307a1c776d23fbddfa2f57d9980739847f646621be61256.mp3,10
4225,51,51,6,halfway through,EN_GB,https://d19azau1un4t7r.cloudfront.net/content/expression-pronunciation-audio/4225/EN_GB/expression/cb791f585db262682819b897fb8218175795b29946b546d905773eabf3f7d1fa.mp3,https://d19azau1un4t7r.cloudfront.net/content/expression-pronunciation-audio/4225/EN_GB/sentence/0d59e4cfe2321b8a50e6a533de856a19f3ea98b31d595ee14739f7e21002ad6b.mp3,10
4225,51,51,6,halfway through,EN_AU,https://d19azau1un4t7r.cloudfront.net/content/expression-pronunciation-audio/4225/EN_AU/expression/cef2a45fc0ff596b5330519a69d81c08280c2ca895cabd72c4ad384d3a231721.mp3,https://d19azau1un4t7r.cloudfront.net/content/expression-pronunciation-audio/4225/EN_AU/sentence/6b3085663cd0570f039bcfc2c2657ea80f195cd714bd30c0f33f7bc6dd109683.mp3,10
4226,51,51,7,Could you check it?,EN_US,https://d19azau1un4t7r.cloudfront.net/content/expression-pronunciation-audio/4226/EN_US/expression/3a67556217364fc81e340c87e19fa21d3c925c6a9aad6bc6a5be751c5b8f5903.mp3,https://d19azau1un4t7r.cloudfront.net/content/expression-pronunciation-audio/4226/EN_US/sentence/403124bc37de3592bf77a155257d7ff59a7edac31ada08905174a9581f1b59da.mp3,11
4226,51,51,7,Could you check it?,EN_GB,https://d19azau1un4t7r.cloudfront.net/content/expression-pronunciation-audio/4226/EN_GB/expression/f8e6ddec88fd37b5cdb732bec6ea4002346fb84b43bddec1a908891ce79719c4.mp3,https://d19azau1un4t7r.cloudfront.net/content/expression-pronunciation-audio/4226/EN_GB/sentence/584342f21af95848063e7551043257f5f6a87b0d1eb0d5734ec0478311b76a28.mp3,11
4226,51,51,7,Could you check it?,EN_AU,https://d19azau1un4t7r.cloudfront.net/content/expression-pronunciation-audio/4226/EN_AU/expression/26773d0ce247c64692770938482998ba32c17579f53b670482b3e3c953ade6c8.mp3,https://d19azau1un4t7r.cloudfront.net/content/expression-pronunciation-audio/4226/EN_AU/sentence/d8c248be99675d3147bc1ba7f25625c32aa997ebe20148f7f22abc5588c6ec54.mp3,11
4227,51,51,8,the fruit section,EN_US,https://d19azau1un4t7r.cloudfront.net/content/expression-pronunciation-audio/4227/EN_US/expression/8b4fc20396ecd695c7bf6a8fcac1b321ba73bee39c718a7a4ecc5e774e68a719.mp3,https://d19azau1un4t7r.cloudfront.net/content/expression-pronunciation-audio/4227/EN_US/sentence/2a3ab4b721b9501a76e889549acaf9952938b9f3180405286f3a3a83c9a5bd3f.mp3,11
4227,51,51,8,the fruit section,EN_GB,https://d19azau1un4t7r.cloudfront.net/content/expression-pronunciation-audio/4227/EN_GB/expression/d81e085bb8912cb6c5c4eae6a993af9e66b69da60e1216a5e13e9ecb90e21226.mp3,https://d19azau1un4t7r.cloudfront.net/content/expression-pronunciation-audio/4227/EN_GB/sentence/efddea61ccd7f28dad3026ff050c1e7d09a7d37948866cae79dc4b94128ab551.mp3,11
4227,51,51,8,the fruit section,EN_AU,https://d19azau1un4t7r.cloudfront.net/content/expression-pronunciation-audio/4227/EN_AU/expression/4a4f351198ca55c37794d3b8a9b3a4352c9758238d717f0ca70b0896a16d0b68.mp3,https://d19azau1un4t7r.cloudfront.net/content/expression-pronunciation-audio/4227/EN_AU/sentence/2afc3fff83b7c325df2917bc2df4fbc90ad9f9cda1b8f884f7a2ab4d211ac11d.mp3,11
4228,51,51,9,freeze,EN_US,https://d19azau1un4t7r.cloudfront.net/content/expression-pronunciation-audio/4228/EN_US/expression/46b941347b41ac57ca0c34c3ef223d9fdcd1d4f56b4cb797fe930342d02e1eff.mp3,https://d19azau1un4t7r.cloudfront.net/content/expression-pronunciation-audio/4228/EN_US/sentence/4341b49794f615ea20e0d413035caaca0814179dcbf1b9b8bdbab34093a96c88.mp3,9
4228,51,51,9,freeze,EN_GB,https://d19azau1un4t7r.cloudfront.net/content/expression-pronunciation-audio/4228/EN_GB/expression/b914ce07f0ce6505146064f6cf914cc6c80db10a144c4a759a1a2476abafb684.mp3,https://d19azau1un4t7r.cloudfront.net/content/expression-pronunciation-audio/4228/EN_GB/sentence/8e4994d3fef000f5eb4f41b0a8976b8cd398766970a252261f268cdc24cefe35.mp3,9
4228,51,51,9,freeze,EN_AU,https://d19azau1un4t7r.cloudfront.net/content/expression-pronunciation-audio/4228/EN_AU/expression/f7f29f8d8b6bbeb7bf12451ded24942b6df7e0b764932f54bf952ac077be3154.mp3,https://d19azau1un4t7r.cloudfront.net/content/expression-pronunciation-audio/4228/EN_AU/sentence/70aff105ee3f9f1875d88395d5ff5dd037b648aebf0c58976abf141999632d16.mp3,9
4229,51,51,10,won't take long,EN_US,https://d19azau1un4t7r.cloudfront.net/content/expression-pronunciation-audio/4229/EN_US/expression/7b2d70bc45d08ff1aecf9d97c533dcc084f9389babbbb0b5449d168c0f6b657c.mp3,https://d19azau1un4t7r.cloudfront.net/content/expression-pronunciation-audio/4229/EN_US/sentence/0076cf30f03d1bcfeced453bd4061107e39ba09d9149d9747f77ad522a1076bc.mp3,9
4229,51,51,10,won't take long,EN_GB,https://d19azau1un4t7r.cloudfront.net/content/expression-pronunciation-audio/4229/EN_GB/expression/8f04f0f10d117691061e1d64263fd2570ce1c4f6d3f209d38e2c94c714df9ee7.mp3,https://d19azau1un4t7r.cloudfront.net/content/expression-pronunciation-audio/4229/EN_GB/sentence/0f58957c93557582cad303438e01dc3496f9c48070f66c43f1b0f0696866eaea.mp3,9
4229,51,51,10,won't take long,EN_AU,https://d19azau1un4t7r.cloudfront.net/content/expression-pronunciation-audio/4229/EN_AU/expression/a921c53145dc3ab7e254bb1f5ccc08e8b2183be6b96ff7c819b2170b0d954460.mp3,https://d19azau1un4t7r.cloudfront.net/content/expression-pronunciation-audio/4229/EN_AU/sentence/c054eccf5b8c5ecb6bb4769c897c5e32144f0573c7fb789f25a1bd50c43cb449.mp3,9
4230,43,43,1,the action one,EN_US,https://d19azau1un4t7r.cloudfront.net/content/expression-pronunciation-audio/4230/EN_US/expression/8a56be0f874f14e7f67a4192a7ba6b315ad9176b40a119716b84b4e4165309f4.mp3,https://d19azau1un4t7r.cloudfront.net/content/expression-pronunciation-audio/4230/EN_US/sentence/2638680c8a9e00ca19cf8cf18d88a82f416c5db9c551235c58afbddee06c163c.mp3,4
4230,43,43,1,the action one,EN_GB,https://d19azau1un4t7r.cloudfront.net/content/expression-pronunciation-audio/4230/EN_GB/expression/786bb7c5cf2d9fb684955a0c3258aaddc7a0e3855768fbbb50d35e88f374872b.mp3,https://d19azau1un4t7r.cloudfront.net/content/expression-pronunciation-audio/4230/EN_GB/sentence/3c4123703f7a054482eca56b87dbf4c88758ab0c81e5556b4296746326924ab0.mp3,4
4230,43,43,1,the action one,EN_AU,https://d19azau1un4t7r.cloudfront.net/content/expression-pronunciation-audio/4230/EN_AU/expression/e2e214b397868c945094d4aa58ab0d57c4bc1142d10d970bc951d2a0b91608fe.mp3,https://d19azau1un4t7r.cloudfront.net/content/expression-pronunciation-audio/4230/EN_AU/sentence/cfe464c589765cc972d36e38c795f7e92f9027c3f1b690889c43d9ae89282ca1.mp3,4
4231,43,43,2,just one ticket,EN_US,https://d19azau1un4t7r.cloudfront.net/content/expression-pronunciation-audio/4231/EN_US/expression/fa9b4dc3dd0ee1989b81945e13e50501b1871008797d62a4a50f69e2e11d97d1.mp3,https://d19azau1un4t7r.cloudfront.net/content/expression-pronunciation-audio/4231/EN_US/sentence/346acf687a993d85c8e0a7017ca835b6a00011645bfffa7d0479e03488105691.mp3,4
4231,43,43,2,just one ticket,EN_GB,https://d19azau1un4t7r.cloudfront.net/content/expression-pronunciation-audio/4231/EN_GB/expression/0d4c6b427c8309ce255099522004accf9b87e52ed0290668d9427f62209a1e90.mp3,https://d19azau1un4t7r.cloudfront.net/content/expression-pronunciation-audio/4231/EN_GB/sentence/fcc1d4f190522e1bfac99800f45b990302dc99f9d27fb296fc3c15c5dec655e2.mp3,4
4231,43,43,2,just one ticket,EN_AU,https://d19azau1un4t7r.cloudfront.net/content/expression-pronunciation-audio/4231/EN_AU/expression/ce2ad6330bec646ace454bca7185dfb4db168d165b5b6e88f83677c0384b8ffa.mp3,https://d19azau1un4t7r.cloudfront.net/content/expression-pronunciation-audio/4231/EN_AU/sentence/2da1a2309ae78b02a58e7a4adcac783b8f8b1d1f5dca1af034aaf78cd3ad9de0.mp3,4
4232,43,43,3,at nine o'clock,EN_US,https://d19azau1un4t7r.cloudfront.net/content/expression-pronunciation-audio/4232/EN_US/expression/e75a997b11089f805a4998d81c17bf0fa1704daa35ca23820621bca8d9d9e32e.mp3,https://d19azau1un4t7r.cloudfront.net/content/expression-pronunciation-audio/4232/EN_US/sentence/ebf056957fe37e3d312caa8c5129a1ae9e7946b0012a332ce32c01055ce7f74b.mp3,4
4232,43,43,3,at nine o'clock,EN_GB,https://d19azau1un4t7r.cloudfront.net/content/expression-pronunciation-audio/4232/EN_GB/expression/801c1924ba484aa66ce93013583accb6d99fea309d532c2f916566d2ccab9b96.mp3,https://d19azau1un4t7r.cloudfront.net/content/expression-pronunciation-audio/4232/EN_GB/sentence/ee8614728b55036e30abb6bec11eb0af9277b101396d8ec98b9c233224fb5a78.mp3,4
4232,43,43,3,at nine o'clock,EN_AU,https://d19azau1un4t7r.cloudfront.net/content/expression-pronunciation-audio/4232/EN_AU/expression/bcac091362ec926dfa015a4c2534e0b468e1493ef07d0a248c2f5e8c608214e0.mp3,https://d19azau1un4t7r.cloudfront.net/content/expression-pronunciation-audio/4232/EN_AU/sentence/805d9015e12fab6b347044f5a23f4deee7d1f67170efa870da9fd019347ef849.mp3,4
4233,43,43,4,I always eat ~,EN_US,,https://d19azau1un4t7r.cloudfront.net/content/expression-pronunciation-audio/4233/EN_US/sentence/e98ee8d293572981be4a7165752b01ab9c9c0909da6b97a9f1bf5da9d1619b85.mp3,6
4233,43,43,4,I always eat ~,EN_GB,,https://d19azau1un4t7r.cloudfront.net/content/expression-pronunciation-audio/4233/EN_GB/sentence/94456393f671d9622fe00038ec46340a5be68fa3026e4221b0bc00ab8771de8d.mp3,6
4233,43,43,4,I always eat ~,EN_AU,,https://d19azau1un4t7r.cloudfront.net/content/expression-pronunciation-audio/4233/EN_AU/sentence/df5a3272544ab298452b57ccb80cd3193bface17e6747638ea8a3221e02a1890.mp3,6
4234,43,43,5,Which one is more popular?,EN_US,https://d19azau1un4t7r.cloudfront.net/content/expression-pronunciation-audio/4234/EN_US/expression/7e6d770c9a860dbaed73d4b4f9425cd9c15806cbff5d5ded928c2c3a4587b2db.mp3,https://d19azau1un4t7r.cloudfront.net/content/expression-pronunciation-audio/4234/EN_US/sentence/e8913d23f41669608a38502145c67161129248e4371d93867803d6ae3efe81d6.mp3,8
4234,43,43,5,Which one is more popular?,EN_GB,https://d19azau1un4t7r.cloudfront.net/content/expression-pronunciation-audio/4234/EN_GB/expression/4f7cd0889a49e5a02a0707facfccd7fe7db99db2f788898ce0f18bfa37b82c5d.mp3,https://d19azau1un4t7r.cloudfront.net/content/expression-pronunciation-audio/4234/EN_GB/sentence/2a7b3323167b91d3829774651bdc63f31a0f8b4724ccef50cb1b53e492da40a1.mp3,8
4234,43,43,5,Which one is more popular?,EN_AU,https://d19azau1un4t7r.cloudfront.net/content/expression-pronunciation-audio/4234/EN_AU/expression/b0dafddea48fa42a633977a614913f73ef6a077a1402d151ef9db17b6f6c51b0.mp3,https://d19azau1un4t7r.cloudfront.net/content/expression-pronunciation-audio/4234/EN_AU/sentence/856af1bea4e1e1ad91cc71d3c47d2a365382982e68c528658a905d22720253ff.mp3,8
4235,43,43,6,the later show,EN_US,https://d19azau1un4t7r.cloudfront.net/content/expression-pronunciation-audio/4235/EN_US/expression/c62f172c0d25299f3ecdf0b9dd674e74baa64c9413938d2f0cdaf43fc2fd3e88.mp3,https://d19azau1un4t7r.cloudfront.net/content/expression-pronunciation-audio/4235/EN_US/sentence/71958a34c0069bd2cad8fa57159e3745e2d5aabf9d4ed39def75e778ca77d3c0.mp3,7
4235,43,43,6,the later show,EN_GB,https://d19azau1un4t7r.cloudfront.net/content/expression-pronunciation-audio/4235/EN_GB/expression/72d92df41078efb7d961f0f3bc07be8a59dac1d2167979fe1ba9283fdf91d2e6.mp3,https://d19azau1un4t7r.cloudfront.net/content/expression-pronunciation-audio/4235/EN_GB/sentence/a267087cef246c26e2e0dbee667e1bd66a094316b20c5f03f73c2f9ba421dc5a.mp3,7
4235,43,43,6,the later show,EN_AU,https://d19azau1un4t7r.cloudfront.net/content/expression-pronunciation-audio/4235/EN_AU/expression/0a6a63605c47057086840598a1f9c7f5a479a3b5ac29466c7c539daf58d5f71a.mp3,https://d19azau1un4t7r.cloudfront.net/content/expression-pronunciation-audio/4235/EN_AU/sentence/6303663a3410ef9c3da385805a26cf49c8ca79889adf912dd3ead8bc62fea8cb.mp3,7
4236,43,43,7,a better seat,EN_US,https://d19azau1un4t7r.cloudfront.net/content/expression-pronunciation-audio/4236/EN_US/expression/0607110c885be920d5a9cf3c1eb2d9b38eb50ac3f6611b70181a7219fe1c3166.mp3,https://d19azau1un4t7r.cloudfront.net/content/expression-pronunciation-audio/4236/EN_US/sentence/42028894d43bf04e2325f7bb4679918983ef1c3241e3d6f9bf69ca3dcf97e022.mp3,9
4236,43,43,7,a better seat,EN_GB,https://d19azau1un4t7r.cloudfront.net/content/expression-pronunciation-audio/4236/EN_GB/expression/6a715c8d2e53f64a9ca460901e186734c5fe7f8bfe54c05a16ab1e6420033bd0.mp3,https://d19azau1un4t7r.cloudfront.net/content/expression-pronunciation-audio/4236/EN_GB/sentence/c46f30be6bbca2e442f9f92a318dede3884c70f5c71593d30cc797ea6613f1b9.mp3,9
4236,43,43,7,a better seat,EN_AU,https://d19azau1un4t7r.cloudfront.net/content/expression-pronunciation-audio/4236/EN_AU/expression/f0be2f18297658d61aed9b1a5461f3d30b465c467d145d216c5c09d826804006.mp3,https://d19azau1un4t7r.cloudfront.net/content/expression-pronunciation-audio/4236/EN_AU/sentence/0e73225d04821799ed2118da86e80fb0f9d13e2b55ad89ac22bb36c45e4ce3f0.mp3,9
4237,43,43,8,grab a snack,EN_US,https://d19azau1un4t7r.cloudfront.net/content/expression-pronunciation-audio/4237/EN_US/expression/eef0147d1fbf5c268b631fe853dd7cc281bcc1c6abf91f8fc0a18773fd8e52fa.mp3,https://d19azau1un4t7r.cloudfront.net/content/expression-pronunciation-audio/4237/EN_US/sentence/b477e20ffd3b1aa27826c3c88b25c099c0182520d06d0d803b7829c84963ccd6.mp3,9
4237,43,43,8,grab a snack,EN_GB,https://d19azau1un4t7r.cloudfront.net/content/expression-pronunciation-audio/4237/EN_GB/expression/9cd5e9d3d9ec6dece48ec068612d24753c16665ad6db3f28e07201b10d585bb4.mp3,https://d19azau1un4t7r.cloudfront.net/content/expression-pronunciation-audio/4237/EN_GB/sentence/2687730694569e46a880211c66e5570859e7c5c3abe5633697df42743ebe4589.mp3,9
4237,43,43,8,grab a snack,EN_AU,https://d19azau1un4t7r.cloudfront.net/content/expression-pronunciation-audio/4237/EN_AU/expression/7f88bc8a16ffeb15dba43d4c246b3ec468e75f0fb224732fd1f401607b79cf81.mp3,https://d19azau1un4t7r.cloudfront.net/content/expression-pronunciation-audio/4237/EN_AU/sentence/314f6584c5853be0cba4f699eb13645563bf2a583d6e7995fcedf7adcda8d01b.mp3,9
4238,43,43,9,catch a movie,EN_US,https://d19azau1un4t7r.cloudfront.net/content/expression-pronunciation-audio/4238/EN_US/expression/abe9c1264d6ffa9d927b5a608cb074ea40e293ef95e59e5daa4d0d1635366b0a.mp3,https://d19azau1un4t7r.cloudfront.net/content/expression-pronunciation-audio/4238/EN_US/sentence/07fee55ef9784d6173af5fd180c84a80b685be18fc368fdf7a5bf3e4ccc47e59.mp3,8
4238,43,43,9,catch a movie,EN_GB,https://d19azau1un4t7r.cloudfront.net/content/expression-pronunciation-audio/4238/EN_GB/expression/1b505f483b342261171b800865c17b7d158cc523c405eb3deb764d4abbd4bc25.mp3,https://d19azau1un4t7r.cloudfront.net/content/expression-pronunciation-audio/4238/EN_GB/sentence/f62f5d02623369bb61f1e8da21094a0b9b86cb07f63486c9773d99391f43f4dc.mp3,8
4238,43,43,9,catch a movie,EN_AU,https://d19azau1un4t7r.cloudfront.net/content/expression-pronunciation-audio/4238/EN_AU/expression/2f6ef46ea6123edbb1ea31040382af14469dd61d039a1c46222a7f827e5da67c.mp3,https://d19azau1un4t7r.cloudfront.net/content/expression-pronunciation-audio/4238/EN_AU/sentence/c4428c2de46544fe22dfc3867b548bc4e1b81cc6ab4d920c6b0efc2bb7e66c31.mp3,8
4239,43,43,10,toward the back,EN_US,https://d19azau1un4t7r.cloudfront.net/content/expression-pronunciation-audio/4239/EN_US/expression/a155c630b369249e3ed4ea1f6275f5ea679be2c206b08f3e1a80a95ca08b78fc.mp3,https://d19azau1un4t7r.cloudfront.net/content/expression-pronunciation-audio/4239/EN_US/sentence/30be9b0a6d3a249e63a1150037c6232c633a51908bb93df671e55bb1e67a283d.mp3,11
4239,43,43,10,toward the back,EN_GB,https://d19azau1un4t7r.cloudfront.net/content/expression-pronunciation-audio/4239/EN_GB/expression/2b996e35a5ecd87b56415c016ccad3a9c21c5a088de21943b14f601b195ba862.mp3,https://d19azau1un4t7r.cloudfront.net/content/expression-pronunciation-audio/4239/EN_GB/sentence/bba79c3a3e22d0e39e603c5648bc26568af7b3e006c0777357d00ce39e5187c3.mp3,11
4239,43,43,10,toward the back,EN_AU,https://d19azau1un4t7r.cloudfront.net/content/expression-pronunciation-audio/4239/EN_AU/expression/0f2505284087a4a969dbf9f1024e74c8dc557bd5fe1bedcf35c990e8e0e44204.mp3,https://d19azau1un4t7r.cloudfront.net/content/expression-pronunciation-audio/4239/EN_AU/sentence/48d57b41798253e14a35dd404da1552d5af825de56ba413da63e2c068fdedfa2.mp3,11
4240,43,43,11,Is it any good?,EN_US,https://d19azau1un4t7r.cloudfront.net/content/expression-pronunciation-audio/4240/EN_US/expression/d3e84752dff71c98d2ff7d668a42d6109e736b643917af984aa2d02ca9833756.mp3,https://d19azau1un4t7r.cloudfront.net/content/expression-pronunciation-audio/4240/EN_US/sentence/678e2d4dd60b57741cc31c9cc0dd5b0d1cf79908b682f6244cbdd7351c970810.mp3,11
4240,43,43,11,Is it any good?,EN_GB,https://d19azau1un4t7r.cloudfront.net/content/expression-pronunciation-audio/4240/EN_GB/expression/6b50d1e1578da41148712bd2510a27da1a05a000c5371164f3ceda0819e6b02a.mp3,https://d19azau1un4t7r.cloudfront.net/content/expression-pronunciation-audio/4240/EN_GB/sentence/6b89b542e2745c965dd1c95944f1edf13811e533f093eb76fd4389ba396dcfd9.mp3,11
4240,43,43,11,Is it any good?,EN_AU,https://d19azau1un4t7r.cloudfront.net/content/expression-pronunciation-audio/4240/EN_AU/expression/1b067553112c7f0273d7c79d73861963c3a5232d7b82280640d208f598f0aa2e.mp3,https://d19azau1un4t7r.cloudfront.net/content/expression-pronunciation-audio/4240/EN_AU/sentence/50740f94815aa57d94f743b1d26e3c514ea3f167882c31700f75d6c644aa4ff5.mp3,11
4241,57,57,1,the home team,EN_US,https://d19azau1un4t7r.cloudfront.net/content/expression-pronunciation-audio/4241/EN_US/expression/11c9a7f6b00bb9f5e1c75aa74426f51fd8bf86246c8876afe77e769d88e689ec.mp3,https://d19azau1un4t7r.cloudfront.net/content/expression-pronunciation-audio/4241/EN_US/sentence/b11687c24ce31665860d4e651dce25bb120d841de92323ca1b75d35a94a3b80c.mp3,5
4241,57,57,1,the home team,EN_GB,https://d19azau1un4t7r.cloudfront.net/content/expression-pronunciation-audio/4241/EN_GB/expression/4d13420fbf766e6821d6f207287bc86a097f3458cba9925489bba2190c7ea898.mp3,https://d19azau1un4t7r.cloudfront.net/content/expression-pronunciation-audio/4241/EN_GB/sentence/10b2cbaf2e7833d4996307e93b8a38c63ebdf95b9aaab78d97b0ac5bcaf6af5d.mp3,5
4241,57,57,1,the home team,EN_AU,https://d19azau1un4t7r.cloudfront.net/content/expression-pronunciation-audio/4241/EN_AU/expression/cf5098a3759c762b28dc4138a74b61150ce2cc62bf458df2e2562b1bd0c249d6.mp3,https://d19azau1un4t7r.cloudfront.net/content/expression-pronunciation-audio/4241/EN_AU/sentence/7155cfec66fa0033a42c7d3d4bf71f47789643ab8f53c0ac876b226c71111302.mp3,5
4242,57,57,2,the big screen,EN_US,https://d19azau1un4t7r.cloudfront.net/content/expression-pronunciation-audio/4242/EN_US/expression/3548a665716c4d3c7ba7bec301f07e497cfea391d92ca2fabadf3a43fcac6ef3.mp3,https://d19azau1un4t7r.cloudfront.net/content/expression-pronunciation-audio/4242/EN_US/sentence/4e283bb75c6b80125338792f63c221ae353fe9b00c221bf3a10cf6c1ec91bd45.mp3,5
4242,57,57,2,the big screen,EN_GB,https://d19azau1un4t7r.cloudfront.net/content/expression-pronunciation-audio/4242/EN_GB/expression/a84b022a10ed8030fd0ec6a673d01c90725a817a12822411ba43434b15631669.mp3,https://d19azau1un4t7r.cloudfront.net/content/expression-pronunciation-audio/4242/EN_GB/sentence/158f08a17b9be4fd13661b4a996d658f7d2d1b01e2097003cc183a7f1e370688.mp3,5
4242,57,57,2,the big screen,EN_AU,https://d19azau1un4t7r.cloudfront.net/content/expression-pronunciation-audio/4242/EN_AU/expression/c8f8ab128b97c61349368c8ef08690a5fda02bdd5ec615c3e77ab040104e8aa4.mp3,https://d19azau1un4t7r.cloudfront.net/content/expression-pronunciation-audio/4242/EN_AU/sentence/5fd3852d1a4a191b7d4ca2e35a843167a1a570bbac9bf0532ef5ce7f70b70d62.mp3,5
4243,57,57,3,I will try one,EN_US,https://d19azau1un4t7r.cloudfront.net/content/expression-pronunciation-audio/4243/EN_US/expression/2c477396ca3143cd4db7ad2feeb509ebd2e49514f138b03635339d0558f39e97.mp3,https://d19azau1un4t7r.cloudfront.net/content/expression-pronunciation-audio/4243/EN_US/sentence/9d5124321694987c1ff37362435dc28a9730d03d20d03b83ad2e475aab327848.mp3,5
4243,57,57,3,I will try one,EN_GB,https://d19azau1un4t7r.cloudfront.net/content/expression-pronunciation-audio/4243/EN_GB/expression/ef434ee22739a637871e1a13523a98b6e6a6d86b4eccf9a04cace088ec25d7ae.mp3,https://d19azau1un4t7r.cloudfront.net/content/expression-pronunciation-audio/4243/EN_GB/sentence/1a6364e7eb167a24ef95c666ee059dbc51aeacbeddfa39d71088fb5b9751b968.mp3,5
4243,57,57,3,I will try one,EN_AU,https://d19azau1un4t7r.cloudfront.net/content/expression-pronunciation-audio/4243/EN_AU/expression/e83fc117101290bf93b089b0c44fd31f1cc0fae2acab4dd63f58f3b498d400dd.mp3,https://d19azau1un4t7r.cloudfront.net/content/expression-pronunciation-audio/4243/EN_AU/sentence/2a3a277444f2df21da62222341f0fc8af2af3091ca644fae3af7e715248e3734.mp3,5
4244,57,57,4,one for me,EN_US,https://d19azau1un4t7r.cloudfront.net/content/expression-pronunciation-audio/4244/EN_US/expression/45406f325c90802b3038c9d8236a70d7ec2c7ca5ec51f007b0ea8e170c4adca8.mp3,https://d19azau1un4t7r.cloudfront.net/content/expression-pronunciation-audio/4244/EN_US/sentence/8aad5ea4eae6dc065c182ec39bd878f93e680f69c2b5c7c50c6c0bee1f7e02b0.mp3,5
4244,57,57,4,one for me,EN_GB,https://d19azau1un4t7r.cloudfront.net/content/expression-pronunciation-audio/4244/EN_GB/expression/6221afcbe6bfbb74e073fdcb336e2f0eefb15446c776e78ee883bddc0b0b823c.mp3,https://d19azau1un4t7r.cloudfront.net/content/expression-pronunciation-audio/4244/EN_GB/sentence/bc998d1ca7f68c809bac67aaeddcece7464b4b79e10b08fdfc8ca6fcf7b77248.mp3,5
4244,57,57,4,one for me,EN_AU,https://d19azau1un4t7r.cloudfront.net/content/expression-pronunciation-audio/4244/EN_AU/expression/2486a244d279f8b198217c2ae02849592091a1dab2b6e8d001a22c585dc0de38.mp3,https://d19azau1un4t7r.cloudfront.net/content/expression-pronunciation-audio/4244/EN_AU/sentence/46dc6f05dedcc2c0168fc841e2d381fc59e52ce54361f4f573d65207bedc59bf.mp3,5
4245,57,57,5,I hope ~ wins,EN_US,,https://d19azau1un4t7r.cloudfront.net/content/expression-pronunciation-audio/4245/EN_US/sentence/2cbf04c8b1a7a5ea35763d344a83fad547e55bf9a00a4cbc9715324740073e4c.mp3,11
4245,57,57,5,I hope ~ wins,EN_GB,,https://d19azau1un4t7r.cloudfront.net/content/expression-pronunciation-audio/4245/EN_GB/sentence/d12a91e881bf6fa1a942dd30275c30972d088b7964ac39d93187a5d47230f3aa.mp3,11
4245,57,57,5,I hope ~ wins,EN_AU,,https://d19azau1un4t7r.cloudfront.net/content/expression-pronunciation-audio/4245/EN_AU/sentence/8ef4b3d026e6a15f7feea1ecbcb8b608d12d1d5d5fcdd2c1b5bc3addb20b53e5.mp3,11
4246,57,57,6,What happens when ~?,EN_US,,https://d19azau1un4t7r.cloudfront.net/content/expression-pronunciation-audio/4246/EN_US/sentence/1c2daca62f33cc88b8dc8aa052a10d41e7236386a761bfa94a3d3b7f684295d0.mp3,8
4246,57,57,6,What happens when ~?,EN_GB,,https://d19azau1un4t7r.cloudfront.net/content/expression-pronunciation-audio/4246/EN_GB/sentence/1efa61154d1a2425610fe93af2c1d2952b14656d6484b879491ee705de4cc02d.mp3,8
4246,57,57,6,What happens when ~?,EN_AU,,https://d19azau1un4t7r.cloudfront.net/content/expression-pronunciation-audio/4246/EN_AU/sentence/f8fefb7317c3d1945cdf58982d3da2297f6262436752f1d5a7203b96ed7783bb.mp3,8
4247,57,57,7,the food stand,EN_US,https://d19azau1un4t7r.cloudfront.net/content/expression-pronunciation-audio/4247/EN_US/expression/6dc17bb1157e1e81a98fc884dd6bf748163ce652581f31fb321897adc8841a7d.mp3,https://d19azau1un4t7r.cloudfront.net/content/expression-pronunciation-audio/4247/EN_US/sentence/b03eca26e22d14a9e10a2131e564b88423fb95c721101ccaecd11c12e2b264cf.mp3,10
4247,57,57,7,the food stand,EN_GB,https://d19azau1un4t7r.cloudfront.net/content/expression-pronunciation-audio/4247/EN_GB/expression/e6d14558891327793521cc8c75ee0bcb59d6df95a4b7096ea2c565a983689192.mp3,https://d19azau1un4t7r.cloudfront.net/content/expression-pronunciation-audio/4247/EN_GB/sentence/147730440e41dcb5a63e876d476c1b170e4189b38c53bd20896c2726940df44a.mp3,10
4247,57,57,7,the food stand,EN_AU,https://d19azau1un4t7r.cloudfront.net/content/expression-pronunciation-audio/4247/EN_AU/expression/c175c7c4120f252e95570e3ed7d570cfcbaac021805ed36fab574d9cd3770658.mp3,https://d19azau1un4t7r.cloudfront.net/content/expression-pronunciation-audio/4247/EN_AU/sentence/812abf5d1ea62fcc7f892329bd679f2811ca8b2ddf715a3fcf6cd2740fcf3578.mp3,10
4248,57,57,8,worth trying,EN_US,https://d19azau1un4t7r.cloudfront.net/content/expression-pronunciation-audio/4248/EN_US/expression/15074f97a72396c4ef8a42b8948b0ebad45e8795f7c49407c3248d9597586c8b.mp3,https://d19azau1un4t7r.cloudfront.net/content/expression-pronunciation-audio/4248/EN_US/sentence/66b4c8f9b65c54a8dd22eea13410bfdf599c39377112cfd96944fa9ea1d119de.mp3,9
4248,57,57,8,worth trying,EN_GB,https://d19azau1un4t7r.cloudfront.net/content/expression-pronunciation-audio/4248/EN_GB/expression/ea0560f5b644393815067b36cc270678f520be9232a465b41a77e4851e823558.mp3,https://d19azau1un4t7r.cloudfront.net/content/expression-pronunciation-audio/4248/EN_GB/sentence/27a2a050a9a9e6afe6044bf0c62827835607ca4c0d1bd61be1559ffd7d885ec1.mp3,9
4248,57,57,8,worth trying,EN_AU,https://d19azau1un4t7r.cloudfront.net/content/expression-pronunciation-audio/4248/EN_AU/expression/3df73a18d5901bdf2c98d77b6358ed529c372aabb4167bbc987c73ba95ed1d03.mp3,https://d19azau1un4t7r.cloudfront.net/content/expression-pronunciation-audio/4248/EN_AU/sentence/7602eb8bfde5884283ab10521e9a516dd167c01b9244f0bfacd7076e05768d1d.mp3,9
4249,57,57,9,support a team,EN_US,https://d19azau1un4t7r.cloudfront.net/content/expression-pronunciation-audio/4249/EN_US/expression/50598af3dafe9df897c39433053642187d63efa33df61ed6dbbb0b47da9586d5.mp3,https://d19azau1un4t7r.cloudfront.net/content/expression-pronunciation-audio/4249/EN_US/sentence/02e793eb788a5799f6da7047f3d71b2ed96ea9bc78923a7a2f85170bf8c7a888.mp3,11
4249,57,57,9,support a team,EN_GB,https://d19azau1un4t7r.cloudfront.net/content/expression-pronunciation-audio/4249/EN_GB/expression/8e1fccf40b1f7a50d6116b875fe384f32593fa21ce7f3aa6b6fa74e5b8a4c4f4.mp3,https://d19azau1un4t7r.cloudfront.net/content/expression-pronunciation-audio/4249/EN_GB/sentence/c4faf05b87eb0d0a229fc29949621118da606afe6a6077574b4c1c220b4bc310.mp3,11
4249,57,57,9,support a team,EN_AU,https://d19azau1un4t7r.cloudfront.net/content/expression-pronunciation-audio/4249/EN_AU/expression/7cce3a7a9acf847764896e25bfa8a562efa992678d7a94e98005fd87beac2e8a.mp3,https://d19azau1un4t7r.cloudfront.net/content/expression-pronunciation-audio/4249/EN_AU/sentence/88f4a3b2d995eb1753d9b750e7287f0c50bd173de377c0a597d950b64724dce3.mp3,11
4250,57,57,10,sing along,EN_US,https://d19azau1un4t7r.cloudfront.net/content/expression-pronunciation-audio/4250/EN_US/expression/c7e4e2b234c4b76ebc0b3f166378f9ab336e0ec37503b3920a05b73d908a8f90.mp3,https://d19azau1un4t7r.cloudfront.net/content/expression-pronunciation-audio/4250/EN_US/sentence/9bc1d4f73278f46beac193294dfcee9d09dc2a12b00ec7526da107e355d3e295.mp3,10
4250,57,57,10,sing along,EN_GB,https://d19azau1un4t7r.cloudfront.net/content/expression-pronunciation-audio/4250/EN_GB/expression/8a7c56fa0e382a2806f9fa0fe43a454ce2023a30c57321ca22ca31c996c0699f.mp3,https://d19azau1un4t7r.cloudfront.net/content/expression-pronunciation-audio/4250/EN_GB/sentence/ea9354342396a9bcc5e0a110952a6d293ecf5eaae3c82d10957e82b1b9bef926.mp3,10
4250,57,57,10,sing along,EN_AU,https://d19azau1un4t7r.cloudfront.net/content/expression-pronunciation-audio/4250/EN_AU/expression/802c489b33a6663041dfe4b09c534b940b983c9db5a802b3c2182b267a677e13.mp3,https://d19azau1un4t7r.cloudfront.net/content/expression-pronunciation-audio/4250/EN_AU/sentence/88467fec50f584a11fdc815b1e15c91ff46621453ac937a38f24ea723a09adc3.mp3,10
4251,57,57,11,a local specialty,EN_US,https://d19azau1un4t7r.cloudfront.net/content/expression-pronunciation-audio/4251/EN_US/expression/24c712dc21148f2859e152984f99cf243c581492f0077257c1cf4aea7b8581e4.mp3,https://d19azau1un4t7r.cloudfront.net/content/expression-pronunciation-audio/4251/EN_US/sentence/e83fd9a656edad66f813a31d7dccc6942a062ba1c4b26682cc803f2d6eef600e.mp3,12
4251,57,57,11,a local specialty,EN_GB,https://d19azau1un4t7r.cloudfront.net/content/expression-pronunciation-audio/4251/EN_GB/expression/7613283fd62e405afcfc9cc456780c899d162e4bb3978b6d2bcadb2a6cd3bf31.mp3,https://d19azau1un4t7r.cloudfront.net/content/expression-pronunciation-audio/4251/EN_GB/sentence/311c8d5a40257808d0a664d979480dce33effe2a86a13fc7f8ff99c7dcc4a19b.mp3,12
4251,57,57,11,a local specialty,EN_AU,https://d19azau1un4t7r.cloudfront.net/content/expression-pronunciation-audio/4251/EN_AU/expression/1cafd26ca43e73431e1cf1f7a12b29a9254d412484eba4ff664a544178556135.mp3,https://d19azau1un4t7r.cloudfront.net/content/expression-pronunciation-audio/4251/EN_AU/sentence/8634e35b60d4a4f74a4c803d571b486d25c45d4e2799a8d0a13455539fd8af63.mp3,12
4252,68,68,1,It's a gift,EN_US,https://d19azau1un4t7r.cloudfront.net/content/expression-pronunciation-audio/4252/EN_US/expression/44ca61e43f898486cdc6afd785c7e936eb32b0e3418f47288e5c8b15d6c20040.mp3,https://d19azau1un4t7r.cloudfront.net/content/expression-pronunciation-audio/4252/EN_US/sentence/8a9247cae855aed6775c79cdc4f94d9e5d4682bacc244e494932db513aee3b39.mp3,6
4252,68,68,1,It's a gift,EN_GB,https://d19azau1un4t7r.cloudfront.net/content/expression-pronunciation-audio/4252/EN_GB/expression/8562d7e1652d20c0aae28896c17e2289e8d8bad32c527e2c8aa817efa9d334e2.mp3,https://d19azau1un4t7r.cloudfront.net/content/expression-pronunciation-audio/4252/EN_GB/sentence/f9613eb10f3a6a0a2a63e38da01bb3e6239084e03b89d926b5502831f41b4180.mp3,6
4252,68,68,1,It's a gift,EN_AU,https://d19azau1un4t7r.cloudfront.net/content/expression-pronunciation-audio/4252/EN_AU/expression/6b5f0400c2734bc69eb4e87aef9c8cea63288b91258e39144418763ecf411a0b.mp3,https://d19azau1un4t7r.cloudfront.net/content/expression-pronunciation-audio/4252/EN_AU/sentence/77ede0941f847fe6176c7372b794d402780cb0582fb063be9385c21e5b40786e.mp3,6
4253,68,68,2,It can break,EN_US,https://d19azau1un4t7r.cloudfront.net/content/expression-pronunciation-audio/4253/EN_US/expression/fb207f2f8bf2b2aadbd7bf3f259414611eb8930236fc3955e55a6d5247a21b14.mp3,https://d19azau1un4t7r.cloudfront.net/content/expression-pronunciation-audio/4253/EN_US/sentence/dc335486aed586f1f07f2ccc05f539908f702a55df7403606ee56fef031819b9.mp3,5
4253,68,68,2,It can break,EN_GB,https://d19azau1un4t7r.cloudfront.net/content/expression-pronunciation-audio/4253/EN_GB/expression/2ce76db23c98774d9768816567c4a3310673c068e5c3a63db5d039d4ca88203e.mp3,https://d19azau1un4t7r.cloudfront.net/content/expression-pronunciation-audio/4253/EN_GB/sentence/16744ce860e37c7c7eb6003004f5d6d7cf5183fb7bce76e219f9e51ff2f3fd25.mp3,5
4253,68,68,2,It can break,EN_AU,https://d19azau1un4t7r.cloudfront.net/content/expression-pronunciation-audio/4253/EN_AU/expression/8ca79df091c4c226502356f71ffd2e504c7b95c805bbf819ccc5675321d83243.mp3,https://d19azau1un4t7r.cloudfront.net/content/expression-pronunciation-audio/4253/EN_AU/sentence/52127d69d45638225152fc0382189378fa4569b7ee30df858cc685c5d08aca8e.mp3,5
4254,68,68,3,I can wait,EN_US,https://d19azau1un4t7r.cloudfront.net/content/expression-pronunciation-audio/4254/EN_US/expression/5b1efcae5f1e69de9f5d4037a4779f35714c92e135546d02940e81ff0df61316.mp3,https://d19azau1un4t7r.cloudfront.net/content/expression-pronunciation-audio/4254/EN_US/sentence/ff21ec8a276d60dbcb0c392346b86e633f683d2ca80207cbb6ad375fe3beb0c1.mp3,6
4254,68,68,3,I can wait,EN_GB,https://d19azau1un4t7r.cloudfront.net/content/expression-pronunciation-audio/4254/EN_GB/expression/433369e21831131cdcb80981cdbe671f80c53356473f7a92271c850f8b6743b0.mp3,https://d19azau1un4t7r.cloudfront.net/content/expression-pronunciation-audio/4254/EN_GB/sentence/6823eabdec9526353b129b141f50c38e87f9a6154aa4391606b594bba8bbd273.mp3,6
4254,68,68,3,I can wait,EN_AU,https://d19azau1un4t7r.cloudfront.net/content/expression-pronunciation-audio/4254/EN_AU/expression/8b3a16ed895b24cbcef6f8aff36af6a7c15c66916d88fbd9b843462fde1bee03.mp3,https://d19azau1un4t7r.cloudfront.net/content/expression-pronunciation-audio/4254/EN_AU/sentence/cec00c791b95fea2b1593762a7acfef9a27b4d8bf867495f1093164e2d007769.mp3,6
4255,68,68,4,keep it safe,EN_US,https://d19azau1un4t7r.cloudfront.net/content/expression-pronunciation-audio/4255/EN_US/expression/d940cc95d1a1f7b9bf317edeedb9277738a51dcfb1980cd3d94975a96230dad1.mp3,https://d19azau1un4t7r.cloudfront.net/content/expression-pronunciation-audio/4255/EN_US/sentence/86ef11ec902170af5f775762e978dad566779f643f9409b019f3d637d60950a9.mp3,5
4255,68,68,4,keep it safe,EN_GB,https://d19azau1un4t7r.cloudfront.net/content/expression-pronunciation-audio/4255/EN_GB/expression/3463f189891a904e44d9b936e0f29e3fb40fd11b858f1872cb5afa8474f8231c.mp3,https://d19azau1un4t7r.cloudfront.net/content/expression-pronunciation-audio/4255/EN_GB/sentence/a629e3ae6b641b878974e292ecc6e342782804edd5bbb1a2abb310e206b5e5b4.mp3,5
4255,68,68,4,keep it safe,EN_AU,https://d19azau1un4t7r.cloudfront.net/content/expression-pronunciation-audio/4255/EN_AU/expression/1d8bdb16f867e27278838810654f06780005695b78e30041a65e15a68a3ef33d.mp3,https://d19azau1un4t7r.cloudfront.net/content/expression-pronunciation-audio/4255/EN_AU/sentence/246a66b57df233035632f69443596297dedb77956f1eace5ddc8dcca5bf394e3.mp3,5
4256,68,68,5,wrap it carefully,EN_US,https://d19azau1un4t7r.cloudfront.net/content/expression-pronunciation-audio/4256/EN_US/expression/1d4cc41edb660895d80a0d78a5642134063517df14e6eff0c5898e5a03709c18.mp3,https://d19azau1un4t7r.cloudfront.net/content/expression-pronunciation-audio/4256/EN_US/sentence/f774e04d62b18c571f72755a72aa5f1abf482f4aaec9010fd98d6b89a721b4fb.mp3,9
4256,68,68,5,wrap it carefully,EN_GB,https://d19azau1un4t7r.cloudfront.net/content/expression-pronunciation-audio/4256/EN_GB/expression/2e2673bdd5069601450f0f1fbc2c5ea4f6a097c687c90f2a6671c0e1ca8c15f5.mp3,https://d19azau1un4t7r.cloudfront.net/content/expression-pronunciation-audio/4256/EN_GB/sentence/5ec0fc271a651c988f8ae2512cc20d77b43c98da5b59da232ed5c9500ddf21c6.mp3,9
4256,68,68,5,wrap it carefully,EN_AU,https://d19azau1un4t7r.cloudfront.net/content/expression-pronunciation-audio/4256/EN_AU/expression/2a682965d88c9c59457f70e451cacf0a5bbbec44da6cf396c0755cebbc3612ef.mp3,https://d19azau1un4t7r.cloudfront.net/content/expression-pronunciation-audio/4256/EN_AU/sentence/41a495f64262426ab0ccd488433958aafdf49c79584031e4794e2b90f0f98c37.mp3,9
4257,68,68,6,It needs to get there by ~,EN_US,,https://d19azau1un4t7r.cloudfront.net/content/expression-pronunciation-audio/4257/EN_US/sentence/a7517cbafdca90a68beb2bb0b2297ba428f44ef87bd8679ba34139d2a24b32b9.mp3,11
4257,68,68,6,It needs to get there by ~,EN_GB,,https://d19azau1un4t7r.cloudfront.net/content/expression-pronunciation-audio/4257/EN_GB/sentence/974d644da95fde8a86e685b0aee49fb947639d98fdb32afb8b1da2ab3023c785.mp3,11
4257,68,68,6,It needs to get there by ~,EN_AU,,https://d19azau1un4t7r.cloudfront.net/content/expression-pronunciation-audio/4257/EN_AU/sentence/4af892192a32164017262d22993e568c5232b179fd69e7cbc017e1434a05e86d.mp3,11
4258,68,68,7,That's fast enough,EN_US,https://d19azau1un4t7r.cloudfront.net/content/expression-pronunciation-audio/4258/EN_US/expression/f6f92f8a6e189034074c9db1cda01d36017f0f64628e228e8ab551c55b9a8fce.mp3,https://d19azau1un4t7r.cloudfront.net/content/expression-pronunciation-audio/4258/EN_US/sentence/6d0ce5a5e1c134fe0ca20e839de2370c258b50c5121bf8ca024a2f8ae7faa4aa.mp3,7
4258,68,68,7,That's fast enough,EN_GB,https://d19azau1un4t7r.cloudfront.net/content/expression-pronunciation-audio/4258/EN_GB/expression/34525dc1c926b9c329a476c0c103812fdaf98e5f04d3c6ee92cdd73d64c9b923.mp3,https://d19azau1un4t7r.cloudfront.net/content/expression-pronunciation-audio/4258/EN_GB/sentence/52f06ec86ec34b4ce46b5b20f8fe4bccf7b1de4e4e4d0f9ea0146a64fd2650d7.mp3,7
4258,68,68,7,That's fast enough,EN_AU,https://d19azau1un4t7r.cloudfront.net/content/expression-pronunciation-audio/4258/EN_AU/expression/ff22b1ba07ec896174fc70c8048a0e9333bce4e126a2334d004025e61a0e9c30.mp3,https://d19azau1un4t7r.cloudfront.net/content/expression-pronunciation-audio/4258/EN_AU/sentence/27cb65c799ae31c4b0cf8338503799ace32a0e9ebec9690232c05452dd6e2f4c.mp3,7
4259,68,68,8,worth about ~,EN_US,,https://d19azau1un4t7r.cloudfront.net/content/expression-pronunciation-audio/4259/EN_US/sentence/c62087d96c1d45c17d516af7b7e84b889057fe26bd6163aa06bd37a07c3e0afb.mp3,8
4259,68,68,8,worth about ~,EN_GB,,https://d19azau1un4t7r.cloudfront.net/content/expression-pronunciation-audio/4259/EN_GB/sentence/f13d26f74a1850d1c1cb1d219c8201c897a6ef68ffdc4d26df6f47d2c56ce773.mp3,8
4259,68,68,8,worth about ~,EN_AU,,https://d19azau1un4t7r.cloudfront.net/content/expression-pronunciation-audio/4259/EN_AU/sentence/56055fad92180b7911c94e8c3b1e62d2f87bb4bdc731c8e6335dda0424f1ed64.mp3,8
4260,68,68,9,fragile,EN_US,https://d19azau1un4t7r.cloudfront.net/content/expression-pronunciation-audio/4260/EN_US/expression/f712f1444ece038276d72f82a33d8b2edd66f7892f29d7f1fcdb266d4dcdecc7.mp3,https://d19azau1un4t7r.cloudfront.net/content/expression-pronunciation-audio/4260/EN_US/sentence/5d09147be1b645968369ff33de75e96b81202115e8d464de23c721bedd0d25d8.mp3,8
4260,68,68,9,fragile,EN_GB,https://d19azau1un4t7r.cloudfront.net/content/expression-pronunciation-audio/4260/EN_GB/expression/82e07cdf44e327b0ac777ada3d96fa96e5a9e85c2b55b960b4008cc7879b498f.mp3,https://d19azau1un4t7r.cloudfront.net/content/expression-pronunciation-audio/4260/EN_GB/sentence/2acdddc6281d0ba59ea25bb49d724eaf6c50a3f1dbf5aedf5c07c90252086b3a.mp3,8
4260,68,68,9,fragile,EN_AU,https://d19azau1un4t7r.cloudfront.net/content/expression-pronunciation-audio/4260/EN_AU/expression/858c23a728eff61fa2952184f3a9d8c9579af92a45b906e3667c546570171deb.mp3,https://d19azau1un4t7r.cloudfront.net/content/expression-pronunciation-audio/4260/EN_AU/sentence/33aabb6a9df2ef96a59992aae7947c101e86e01344408563eb911852574440e0.mp3,8
4261,68,68,10,tracking number,EN_US,https://d19azau1un4t7r.cloudfront.net/content/expression-pronunciation-audio/4261/EN_US/expression/dfccf7110c01843c357ddaa38455d7cec6e79b9e4e38809b00b1c861d7cbc9c8.mp3,https://d19azau1un4t7r.cloudfront.net/content/expression-pronunciation-audio/4261/EN_US/sentence/0d05a545f25fac5f34e3e4067553d5943dbe2ab49e121a6d6130ceb2f247af14.mp3,9
4261,68,68,10,tracking number,EN_GB,https://d19azau1un4t7r.cloudfront.net/content/expression-pronunciation-audio/4261/EN_GB/expression/24cfb9c35207263d8e91ce8ce1a04ed41a4e07ca97b3d75adc05437d927f5b9a.mp3,https://d19azau1un4t7r.cloudfront.net/content/expression-pronunciation-audio/4261/EN_GB/sentence/9d0d3b7bfa73d245560cc43cd377384fed40372c2f6498f892291f9973e6c46f.mp3,9
4261,68,68,10,tracking number,EN_AU,https://d19azau1un4t7r.cloudfront.net/content/expression-pronunciation-audio/4261/EN_AU/expression/3deb10ade984908c2a7941fd4ebd53fda48458031fdcee579ea27f50d613cdf5.mp3,https://d19azau1un4t7r.cloudfront.net/content/expression-pronunciation-audio/4261/EN_AU/sentence/793c644a1e84b4e648bae2c60b9f6ef5bb70d1dfedcfe50b98c30adfdfdc0c71.mp3,9
4262,68,68,11,customs,EN_US,https://d19azau1un4t7r.cloudfront.net/content/expression-pronunciation-audio/4262/EN_US/expression/31fa8b32a98c7fa0d1d7d36d9217b60f5c02a1ac1070c0d6f6a4eac9f06647ff.mp3,https://d19azau1un4t7r.cloudfront.net/content/expression-pronunciation-audio/4262/EN_US/sentence/8b4ec153b2798588c60348f62b5ec59ecd76109ca093091233f2b9df64103d1b.mp3,9
4262,68,68,11,customs,EN_GB,https://d19azau1un4t7r.cloudfront.net/content/expression-pronunciation-audio/4262/EN_GB/expression/73a42eda5092fe229c9af816e84d0693fc565b046c5ed68a70ca387a17513982.mp3,https://d19azau1un4t7r.cloudfront.net/content/expression-pronunciation-audio/4262/EN_GB/sentence/300919a0f3e3435c5b564c00dd05bdcb734f080d8bb268379f13dd1c19b48797.mp3,9
4262,68,68,11,customs,EN_AU,https://d19azau1un4t7r.cloudfront.net/content/expression-pronunciation-audio/4262/EN_AU/expression/e9c0ef5fcb43d97e8712220009540b4547e229e9f85e2618b94b9da888db8e90.mp3,https://d19azau1un4t7r.cloudfront.net/content/expression-pronunciation-audio/4262/EN_AU/sentence/4b6f822b9601f10f4bba21ac500fa644f471d1cbcdba158eaca381d49241c7cd.mp3,9
4263,49,49,1,I usually drink ~,EN_US,,https://d19azau1un4t7r.cloudfront.net/content/expression-pronunciation-audio/4263/EN_US/sentence/41f65c470921c8694b3af1ac0f9fb186763ba822a478d2cd839fa0edd1c11727.mp3,5
4263,49,49,1,I usually drink ~,EN_GB,,https://d19azau1un4t7r.cloudfront.net/content/expression-pronunciation-audio/4263/EN_GB/sentence/1448164e9b56be266ed473453e10b1755c9b56b7215c5e7b5f70d82ab2d2a1db.mp3,5
4263,49,49,1,I usually drink ~,EN_AU,,https://d19azau1un4t7r.cloudfront.net/content/expression-pronunciation-audio/4263/EN_AU/sentence/f8d5480a1a75ec8b3bb32dacb46c3b255fa5161ae3358769c752f0c495061b08.mp3,5
4264,49,49,2,the small one,EN_US,https://d19azau1un4t7r.cloudfront.net/content/expression-pronunciation-audio/4264/EN_US/expression/a1b3f4256a7ea67aea6dd12805972b563ebd81e910e7cb22669fec648c44a97e.mp3,https://d19azau1un4t7r.cloudfront.net/content/expression-pronunciation-audio/4264/EN_US/sentence/d46c83b7e9cc91e7bd3c35b286c1c86ce71b234863097283c3ca6eedf2ded4cb.mp3,7
4264,49,49,2,the small one,EN_GB,https://d19azau1un4t7r.cloudfront.net/content/expression-pronunciation-audio/4264/EN_GB/expression/084d0ad0acdd8fbc0812cddb5481e22d9f71bf81d28a1fd814625187f916a3b8.mp3,https://d19azau1un4t7r.cloudfront.net/content/expression-pronunciation-audio/4264/EN_GB/sentence/f272fbc69fde5205d2c0c3580694daec73856e05c8289ca2b64babdfdea90fdc.mp3,7
4264,49,49,2,the small one,EN_AU,https://d19azau1un4t7r.cloudfront.net/content/expression-pronunciation-audio/4264/EN_AU/expression/6df280c67de6d7ebd7c258d9929b01d1c3abc278187aff3e04f3f1b313929f02.mp3,https://d19azau1un4t7r.cloudfront.net/content/expression-pronunciation-audio/4264/EN_AU/sentence/4ca7a24cd968a5e81501de8fdb6667b0e778dde8b50e7c40f6639b13225de572.mp3,7
4265,49,49,3,Here is my card,EN_US,https://d19azau1un4t7r.cloudfront.net/content/expression-pronunciation-audio/4265/EN_US/expression/3755d9ee365272ecac9565040620740031222fdd8263f0ea87c9e9a3f41003fe.mp3,https://d19azau1un4t7r.cloudfront.net/content/expression-pronunciation-audio/4265/EN_US/sentence/53fd02851be13a7c78293dafc91070dc8ffb9b86a2862b0375ae289f4bf68164.mp3,7
4265,49,49,3,Here is my card,EN_GB,https://d19azau1un4t7r.cloudfront.net/content/expression-pronunciation-audio/4265/EN_GB/expression/06b85971ed0fbcb6124a87b935aee71d167f57557903651306f7ad46e0aa7767.mp3,https://d19azau1un4t7r.cloudfront.net/content/expression-pronunciation-audio/4265/EN_GB/sentence/ebc1aedf206e7bb62b17853712ddef688876e832f28c7809ea97b50ffae60a0d.mp3,7
4265,49,49,3,Here is my card,EN_AU,https://d19azau1un4t7r.cloudfront.net/content/expression-pronunciation-audio/4265/EN_AU/expression/f6a96040bd26a97988c0b63fe2a2f3efc874a27726a4f81649f562668316b791.mp3,https://d19azau1un4t7r.cloudfront.net/content/expression-pronunciation-audio/4265/EN_AU/sentence/5ba6b5aa5e687137197e30b8fd36c831d8208ea3f1964e9603e4d5bfaac68886.mp3,7
4266,49,49,4,at the end,EN_US,https://d19azau1un4t7r.cloudfront.net/content/expression-pronunciation-audio/4266/EN_US/expression/c0a1eb003d3e2b61e1d9c01804ba854bcbb376db0b06ef8207495186883c9afd.mp3,https://d19azau1un4t7r.cloudfront.net/content/expression-pronunciation-audio/4266/EN_US/sentence/b6dc6151a0281c362c8714479098e4981a1ce39c09932dce6680535eb8a68eb3.mp3,6
4266,49,49,4,at the end,EN_GB,https://d19azau1un4t7r.cloudfront.net/content/expression-pronunciation-audio/4266/EN_GB/expression/b6db3c7056226523fb99bb0190ec93a843da57e5014cd87bac84cd732176319a.mp3,https://d19azau1un4t7r.cloudfront.net/content/expression-pronunciation-audio/4266/EN_GB/sentence/12751e164b397dfc64f997f45e1da0b2569bf7f1e7247db3be9fd8a31ae5e939.mp3,6
4266,49,49,4,at the end,EN_AU,https://d19azau1un4t7r.cloudfront.net/content/expression-pronunciation-audio/4266/EN_AU/expression/1e4a9fbd1011e644daedfe65e7f66f9e8555c6e7f20ec7a150ff29b09ff073a2.mp3,https://d19azau1un4t7r.cloudfront.net/content/expression-pronunciation-audio/4266/EN_AU/sentence/6bf2592547b83f46c800281736c71abbb863425597e5f052ea89228a9b5c2249.mp3,6
4267,49,49,5,back home,EN_US,https://d19azau1un4t7r.cloudfront.net/content/expression-pronunciation-audio/4267/EN_US/expression/d7ab1b716a6f36be2a3f1e4107220026c1adc2c0edaaa9ca33c2ca84ef7779a2.mp3,https://d19azau1un4t7r.cloudfront.net/content/expression-pronunciation-audio/4267/EN_US/sentence/41756410fbdee069afeae20821c2f976d8785021092b7b8219e00e417e1aa87f.mp3,8
4267,49,49,5,back home,EN_GB,https://d19azau1un4t7r.cloudfront.net/content/expression-pronunciation-audio/4267/EN_GB/expression/a3132c2a34cc604dff73ca41d7f949e628a3eb593681d85c23424211f08276af.mp3,https://d19azau1un4t7r.cloudfront.net/content/expression-pronunciation-audio/4267/EN_GB/sentence/cac00d92768683cc9b1bd2f4a389984dea549dcb6f36411e5fee2194f63fda88.mp3,8
4267,49,49,5,back home,EN_AU,https://d19azau1un4t7r.cloudfront.net/content/expression-pronunciation-audio/4267/EN_AU/expression/6fecac5e00fc63048a06f35f66d57b1ad174223f1dd199b0907ff0432b9fcca3.mp3,https://d19azau1un4t7r.cloudfront.net/content/expression-pronunciation-audio/4267/EN_AU/sentence/84622a3fe20c267bd0311f355bed06803e8b9f0eb0fd617a1db53aaa4290ee7d.mp3,8
4268,49,49,6,something light,EN_US,https://d19azau1un4t7r.cloudfront.net/content/expression-pronunciation-audio/4268/EN_US/expression/2844ac384adbdd7e8fe3f9cdfbf6d8cf72d79004d74cd73d183b914e9b51aa2b.mp3,https://d19azau1un4t7r.cloudfront.net/content/expression-pronunciation-audio/4268/EN_US/sentence/8f772b3a10ece4fb5157b5d2d705e047af0de71486c55ce5f6a22e4d09bb897d.mp3,7
4268,49,49,6,something light,EN_GB,https://d19azau1un4t7r.cloudfront.net/content/expression-pronunciation-audio/4268/EN_GB/expression/b059cc67a65ecf1b794f24945149363b054f7f93290b9ade6a47bf01323d010a.mp3,https://d19azau1un4t7r.cloudfront.net/content/expression-pronunciation-audio/4268/EN_GB/sentence/b4d68a5d61ac8076b1c94792cd3f5668b68124ffd938fe31d178dbc6e3311511.mp3,7
4268,49,49,6,something light,EN_AU,https://d19azau1un4t7r.cloudfront.net/content/expression-pronunciation-audio/4268/EN_AU/expression/323dbc2481c99f83951d6649c6e924aecf9bae8187fc9858f1da4a2774c6188c.mp3,https://d19azau1un4t7r.cloudfront.net/content/expression-pronunciation-audio/4268/EN_AU/sentence/b69b401d2632a4cd4887dc015151a6a5577a32ede92fd870668467a81ece2f5d.mp3,7
4269,49,49,7,I've never tried ~,EN_US,,https://d19azau1un4t7r.cloudfront.net/content/expression-pronunciation-audio/4269/EN_US/sentence/f4b96c93ab785b0f7e5fdf82e7a6696cce94bf7ead8b08891e6ba2d9b2dbf09f.mp3,10
4269,49,49,7,I've never tried ~,EN_GB,,https://d19azau1un4t7r.cloudfront.net/content/expression-pronunciation-audio/4269/EN_GB/sentence/2ec523e8c48c66e994b46ebe8db8f47739fb77ef385cbdb40949668ddc262d76.mp3,10
4269,49,49,7,I've never tried ~,EN_AU,,https://d19azau1un4t7r.cloudfront.net/content/expression-pronunciation-audio/4269/EN_AU/sentence/9a97de02976a034481b63a48fda911e380d134b2c14b586e55a8028e2706f05a.mp3,10
4270,49,49,8,pay all together,EN_US,https://d19azau1un4t7r.cloudfront.net/content/expression-pronunciation-audio/4270/EN_US/expression/5b590ffdec59e8e42b448512951a8e190e23f2a510dd160108540afa4e86689c.mp3,https://d19azau1un4t7r.cloudfront.net/content/expression-pronunciation-audio/4270/EN_US/sentence/8d786384231f37a3126e904f492c9d805cb67a0eb1ec235fc0dee99909504692.mp3,7
4270,49,49,8,pay all together,EN_GB,https://d19azau1un4t7r.cloudfront.net/content/expression-pronunciation-audio/4270/EN_GB/expression/9a63e74cfb4319c71356ca19096df14577fd8f8f7c6541bce6d7cb957ea481a0.mp3,https://d19azau1un4t7r.cloudfront.net/content/expression-pronunciation-audio/4270/EN_GB/sentence/ffbbaa1d4fe2647e4feee1485d23443f63d893e772faa2befda3977802efe93b.mp3,7
4270,49,49,8,pay all together,EN_AU,https://d19azau1un4t7r.cloudfront.net/content/expression-pronunciation-audio/4270/EN_AU/expression/439bbd6ef6343d55f2a2d8a269d06ef2fa51d6ec3c362275232fa05acf90f72e.mp3,https://d19azau1un4t7r.cloudfront.net/content/expression-pronunciation-audio/4270/EN_AU/sentence/f14ccd72415ba1a6f44fc7a60bdfe50fe41a201e705532269c49fdb003fd6396.mp3,7
4271,49,49,9,on tap,EN_US,https://d19azau1un4t7r.cloudfront.net/content/expression-pronunciation-audio/4271/EN_US/expression/4fd21ee404e907bb1acbf6dbb93c57a32e2b2ace20a12ac188f8ab71cd1deb6b.mp3,https://d19azau1un4t7r.cloudfront.net/content/expression-pronunciation-audio/4271/EN_US/sentence/3b280cac9721d0e32b4a6c5498fa73b4d52f976851e4c3cdef01f268fb797769.mp3,8
4271,49,49,9,on tap,EN_GB,https://d19azau1un4t7r.cloudfront.net/content/expression-pronunciation-audio/4271/EN_GB/expression/9aa3d12bc2b4202b8c568b867ef8fbdd10abdc267df091609b7ac7846db1aa9f.mp3,https://d19azau1un4t7r.cloudfront.net/content/expression-pronunciation-audio/4271/EN_GB/sentence/65b27d0ea5258bf0eceaba5770e8ae12e437411d781615ca9c656782604a10d1.mp3,8
4271,49,49,9,on tap,EN_AU,https://d19azau1un4t7r.cloudfront.net/content/expression-pronunciation-audio/4271/EN_AU/expression/da4116647da9654d95c26f312248e9b23d2ccf1725a3511a9193e4456e76ed96.mp3,https://d19azau1un4t7r.cloudfront.net/content/expression-pronunciation-audio/4271/EN_AU/sentence/8824bca3471c76ba33ea68b67fd2238557b1884e9c92a8bc6aa9c4d0baf6e1e7.mp3,8
4272,49,49,10,I'll have the ~,EN_US,,https://d19azau1un4t7r.cloudfront.net/content/expression-pronunciation-audio/4272/EN_US/sentence/287ab1afff97e67103a2d8fed13df7c3840da3af82689280ce19af56cd0f49e9.mp3,8
4272,49,49,10,I'll have the ~,EN_GB,,https://d19azau1un4t7r.cloudfront.net/content/expression-pronunciation-audio/4272/EN_GB/sentence/d92764df07e1d2a732d89ea75a383d2da0f9a4fa1227ae5ffc28bbac1ce87499.mp3,8
4272,49,49,10,I'll have the ~,EN_AU,,https://d19azau1un4t7r.cloudfront.net/content/expression-pronunciation-audio/4272/EN_AU/sentence/663f6dd84521806b39cec27f6aa387779702fbd93a313e6de1445ddd9558fe96.mp3,8
4273,49,49,11,start a tab,EN_US,https://d19azau1un4t7r.cloudfront.net/content/expression-pronunciation-audio/4273/EN_US/expression/8927a24a00edc87937c767f0cd142d338e78d7a5124ee4b7b3efc777b875ef12.mp3,https://d19azau1un4t7r.cloudfront.net/content/expression-pronunciation-audio/4273/EN_US/sentence/2ac53a92662e7778f01dd341e6ceb4675f2266c42966acb39d3f281e4d0ad946.mp3,10
4273,49,49,11,start a tab,EN_GB,https://d19azau1un4t7r.cloudfront.net/content/expression-pronunciation-audio/4273/EN_GB/expression/c50bb8906716adaedfbd1d9519492dfef42584f92c2961d1b81ab3e6cf932425.mp3,https://d19azau1un4t7r.cloudfront.net/content/expression-pronunciation-audio/4273/EN_GB/sentence/952545cc92449c877c3cdb1d22d5978cdd2d4c4846e7e06a7321e93d79c8dd9f.mp3,10
4273,49,49,11,start a tab,EN_AU,https://d19azau1un4t7r.cloudfront.net/content/expression-pronunciation-audio/4273/EN_AU/expression/246169eca557a97592b345967f544658d67489fcea14db6792bce0e769da1172.mp3,https://d19azau1un4t7r.cloudfront.net/content/expression-pronunciation-audio/4273/EN_AU/sentence/cb9c1de18e2dcf669db9cc5bedaf89f194623c51a1dd12ce02e4a69ec55b80f0.mp3,10
4274,53,53,1,"strong tea, please",EN_US,https://d19azau1un4t7r.cloudfront.net/content/expression-pronunciation-audio/4274/EN_US/expression/56c256cd85f37b59c1243a6f19f60e8edc7fd2e2886b2ed2cee528aeec81732c.mp3,https://d19azau1un4t7r.cloudfront.net/content/expression-pronunciation-audio/4274/EN_US/sentence/1fa93fb418103ca949f4f7b842abc69c5771357d38c369c3904fa36f4f33c4f6.mp3,7
4274,53,53,1,"strong tea, please",EN_GB,https://d19azau1un4t7r.cloudfront.net/content/expression-pronunciation-audio/4274/EN_GB/expression/f1a8f9f1aae6aa9ec15457b8045d3373716f7dedf334f2a5ea85f6838efa9448.mp3,https://d19azau1un4t7r.cloudfront.net/content/expression-pronunciation-audio/4274/EN_GB/sentence/c29127ec16403f828db37b2ce174707878b59679f49378b7f0ce83687d166233.mp3,7
4274,53,53,1,"strong tea, please",EN_AU,https://d19azau1un4t7r.cloudfront.net/content/expression-pronunciation-audio/4274/EN_AU/expression/a111a20a37c8e6ed2f7f9cfe89ea877b0b6cd5d02717c0184a2d0631442215b4.mp3,https://d19azau1un4t7r.cloudfront.net/content/expression-pronunciation-audio/4274/EN_AU/sentence/94af25c86273b69b4de91d75c07c148550573d181dce2354db5f6cbaf0e37d48.mp3,7
4275,53,53,2,something sweet,EN_US,https://d19azau1un4t7r.cloudfront.net/content/expression-pronunciation-audio/4275/EN_US/expression/eefa635dfda0d643011ab39ae772a32b3f2cce4b9eb27ddcc4838509e3fa7996.mp3,https://d19azau1un4t7r.cloudfront.net/content/expression-pronunciation-audio/4275/EN_US/sentence/f8a64ea6598e92ac3905fcc8d7a8ce6d666a51d442135454c5be72569c88ce2a.mp3,7
4275,53,53,2,something sweet,EN_GB,https://d19azau1un4t7r.cloudfront.net/content/expression-pronunciation-audio/4275/EN_GB/expression/ee96c6ffbf7720eb629d4ab10eba006394e0a5684252450f239278d4cfe71e16.mp3,https://d19azau1un4t7r.cloudfront.net/content/expression-pronunciation-audio/4275/EN_GB/sentence/a4e7a0235205cd012bc2c6d7cc4b8eed3c91614591b8e75be2eee2c0016c0d1c.mp3,7
4275,53,53,2,something sweet,EN_AU,https://d19azau1un4t7r.cloudfront.net/content/expression-pronunciation-audio/4275/EN_AU/expression/8b4e71bc90352d10fa8793cb62e371def819c8a2c46d057e3e1ff1714c9f6a98.mp3,https://d19azau1un4t7r.cloudfront.net/content/expression-pronunciation-audio/4275/EN_AU/sentence/05b1e1c7719c228e1ac20bc7c9dae31b98bbb386bdcda687f3e4cd23e80d2072.mp3,7
4276,53,53,3,cream first,EN_US,https://d19azau1un4t7r.cloudfront.net/content/expression-pronunciation-audio/4276/EN_US/expression/efe96fe82aa66b1f9e1dca08063b31bcc1c5b2f3d7a0cf5c0f7baa134d88bc60.mp3,https://d19azau1un4t7r.cloudfront.net/content/expression-pronunciation-audio/4276/EN_US/sentence/bc7dd87f7e03d5e8cda24d1a6008337b470dbe9d6cdfe8f148a27e4232fd7a11.mp3,7
4276,53,53,3,cream first,EN_GB,https://d19azau1un4t7r.cloudfront.net/content/expression-pronunciation-audio/4276/EN_GB/expression/8ab7eddf3e4917c2e11ff8aee200408cd3d2d69b9a5c0ddc63e7c4b7aeb147d9.mp3,https://d19azau1un4t7r.cloudfront.net/content/expression-pronunciation-audio/4276/EN_GB/sentence/1fb50f3c1785bda6eefc56daf55be5f178554ffb66f97fa6f147fe9f9a47a04d.mp3,7
4276,53,53,3,cream first,EN_AU,https://d19azau1un4t7r.cloudfront.net/content/expression-pronunciation-audio/4276/EN_AU/expression/b0da07f4ee6a22ae6c1e10ed39153502e2ea004a345c2e25a280e4e8d0cb31e2.mp3,https://d19azau1un4t7r.cloudfront.net/content/expression-pronunciation-audio/4276/EN_AU/sentence/51e47cf9de9b018bb92fa5bd21a46fe547fe6485e2b6e61b8b0582baae1fd26f.mp3,7
4277,53,53,4,one more cup,EN_US,https://d19azau1un4t7r.cloudfront.net/content/expression-pronunciation-audio/4277/EN_US/expression/72189616b9df89493b31936ac8d1e841b5021e6a82ecc49b8155cbdf67434ce1.mp3,https://d19azau1un4t7r.cloudfront.net/content/expression-pronunciation-audio/4277/EN_US/sentence/2fff089359022decf8d96d4a673b157551b6145b5cc071a55c261ce1c9685b04.mp3,7
4277,53,53,4,one more cup,EN_GB,https://d19azau1un4t7r.cloudfront.net/content/expression-pronunciation-audio/4277/EN_GB/expression/8d2ce456e99590e00056c08b07e17096e5e67f66d384bd98843f095798c27b48.mp3,https://d19azau1un4t7r.cloudfront.net/content/expression-pronunciation-audio/4277/EN_GB/sentence/296d1a6fb486fb6af9e1714a7b2176f9687b743903cee09cbebd96c6ea1f9fd2.mp3,7
4277,53,53,4,one more cup,EN_AU,https://d19azau1un4t7r.cloudfront.net/content/expression-pronunciation-audio/4277/EN_AU/expression/5988eab45931821cf7a5b56e96eb79f0b3a96175967ed9dda7e88dd3342f69d1.mp3,https://d19azau1un4t7r.cloudfront.net/content/expression-pronunciation-audio/4277/EN_AU/sentence/6e769eb4a6e0eaba59ee1b8fcb9d879529390eb5a27f5a24a9d3ba0cb4ba5a5b.mp3,7
4278,53,53,5,I prefer something ~,EN_US,,https://d19azau1un4t7r.cloudfront.net/content/expression-pronunciation-audio/4278/EN_US/sentence/841be7e84015035ca49f41c34c01409e682e4ee9c3f60e257e9d921c66ee0f8d.mp3,8
4278,53,53,5,I prefer something ~,EN_GB,,https://d19azau1un4t7r.cloudfront.net/content/expression-pronunciation-audio/4278/EN_GB/sentence/123b3e8259b1a5c88e0138406d5ac95d6706fcfe7ae1f0e92a6b4d0370bf3957.mp3,8
4278,53,53,5,I prefer something ~,EN_AU,,https://d19azau1un4t7r.cloudfront.net/content/expression-pronunciation-audio/4278/EN_AU/sentence/8bda325564bb4a068c94eacc9bc9471394af3689d854eb647a1d6dffdcb38484.mp3,8
4279,53,53,6,spread ~ on ~,EN_US,,https://d19azau1un4t7r.cloudfront.net/content/expression-pronunciation-audio/4279/EN_US/sentence/508db493194aec739aed45371c1e8b39c67db24ace84d771d73ea35651096d69.mp3,9
4279,53,53,6,spread ~ on ~,EN_GB,,https://d19azau1un4t7r.cloudfront.net/content/expression-pronunciation-audio/4279/EN_GB/sentence/b2194213d7eb0722e7fcf57775fcf13d5f00bf294e0511b636fcb67dfd48d937.mp3,9
4279,53,53,6,spread ~ on ~,EN_AU,,https://d19azau1un4t7r.cloudfront.net/content/expression-pronunciation-audio/4279/EN_AU/sentence/6b432758fe09def5d3d6cdc3dc50d3d8b938f3d1f87d4f9962801c5ee7aff885.mp3,9
4280,53,53,7,the traditional way,EN_US,https://d19azau1un4t7r.cloudfront.net/content/expression-pronunciation-audio/4280/EN_US/expression/eb46a05f7e27bd69095212856866af00f95a05768748628bc3a9ca303f5eb5d6.mp3,https://d19azau1un4t7r.cloudfront.net/content/expression-pronunciation-audio/4280/EN_US/sentence/38dd6bad3d671b51fbf7fb4b4d2b75325cf8695f1fc481d31c13a123cfee4b1f.mp3,9
4280,53,53,7,the traditional way,EN_GB,https://d19azau1un4t7r.cloudfront.net/content/expression-pronunciation-audio/4280/EN_GB/expression/494cac0a991bfb2f34ed9cbb77e5d0f5f04c42aab88f601b7504e4da09045085.mp3,https://d19azau1un4t7r.cloudfront.net/content/expression-pronunciation-audio/4280/EN_GB/sentence/c9472e88f7363a62f1b738738216dcd6c80d72caef8e30b46617ee0a8407d038.mp3,9
4280,53,53,7,the traditional way,EN_AU,https://d19azau1un4t7r.cloudfront.net/content/expression-pronunciation-audio/4280/EN_AU/expression/c70a8c571e2259508936b5973cdce6db7da16b3f4a89fa62998233b9961224fa.mp3,https://d19azau1un4t7r.cloudfront.net/content/expression-pronunciation-audio/4280/EN_AU/sentence/95087d0af2e9a98254f92f72505bc2b96295e3a43d68f1aa331fcf3253d2ae32.mp3,9
4281,53,53,8,try a different one,EN_US,https://d19azau1un4t7r.cloudfront.net/content/expression-pronunciation-audio/4281/EN_US/expression/9967ea95df7578cd2b2fade695feea0bf2e1b4389202237e26f9130d382e3a61.mp3,https://d19azau1un4t7r.cloudfront.net/content/expression-pronunciation-audio/4281/EN_US/sentence/1e2ee371ab7d7025fc84dbb0886d69919fae46c980cbc3c8f1df87b577a4a5a6.mp3,10
4281,53,53,8,try a different one,EN_GB,https://d19azau1un4t7r.cloudfront.net/content/expression-pronunciation-audio/4281/EN_GB/expression/ba5d190bdbdfbb71629770dcdc91677a69c572ad892a506faa36d2584a7e6855.mp3,https://d19azau1un4t7r.cloudfront.net/content/expression-pronunciation-audio/4281/EN_GB/sentence/62b6a1bca33eed2f63dda5f6fb2f01f87e2827db2fa32ec7c1b565fd3d7e51b8.mp3,10
4281,53,53,8,try a different one,EN_AU,https://d19azau1un4t7r.cloudfront.net/content/expression-pronunciation-audio/4281/EN_AU/expression/dda055a543eafa2b1177b8666ac71aefffef1ebd0498fbc4f610e4e244b7edc9.mp3,https://d19azau1un4t7r.cloudfront.net/content/expression-pronunciation-audio/4281/EN_AU/sentence/9058762f0f44ab8cbae91bff265e03ae7c8aa9d7b92a58e734de32211a9e4bf0.mp3,10
4282,53,53,9,go well with,EN_US,https://d19azau1un4t7r.cloudfront.net/content/expression-pronunciation-audio/4282/EN_US/expression/fb1b58ab86e4b9f896ec158fee0fb3a4ba496c640e4fa9fb92601445bb1cdfe9.mp3,https://d19azau1un4t7r.cloudfront.net/content/expression-pronunciation-audio/4282/EN_US/sentence/aba9724a86c45514fbc65a4707a91a90bd9a486aaeb1c499fd7319bb3e2e89c8.mp3,9
4282,53,53,9,go well with,EN_GB,https://d19azau1un4t7r.cloudfront.net/content/expression-pronunciation-audio/4282/EN_GB/expression/d7bc0223704d7c1669003b873bae4006ea7b722792adae15a75f432dc93b5c90.mp3,https://d19azau1un4t7r.cloudfront.net/content/expression-pronunciation-audio/4282/EN_GB/sentence/dbf0c9d4932b926ba2f80c61af25a70be0273d7b3f0a1a17b1471ccfc9b3b134.mp3,9
4282,53,53,9,go well with,EN_AU,https://d19azau1un4t7r.cloudfront.net/content/expression-pronunciation-audio/4282/EN_AU/expression/3ef943d386a2d9e77949ec24fdc7a24f98d1114b02afb13744251a22f382639b.mp3,https://d19azau1un4t7r.cloudfront.net/content/expression-pronunciation-audio/4282/EN_AU/sentence/39f5c5d408ced33397f059de20b44c99dbae7df0b75e3585c1967393d8225378.mp3,9
4283,53,53,10,get a refill,EN_US,https://d19azau1un4t7r.cloudfront.net/content/expression-pronunciation-audio/4283/EN_US/expression/eaa1a59517d8820a5ed29f7029233b17f677e9c67f412c10231312d35e845d80.mp3,https://d19azau1un4t7r.cloudfront.net/content/expression-pronunciation-audio/4283/EN_US/sentence/3d3bdaf5aa1791e56a06fd110e2fc2e8d2d16d53e640e29468d29eea8e3d25bc.mp3,11
4283,53,53,10,get a refill,EN_GB,https://d19azau1un4t7r.cloudfront.net/content/expression-pronunciation-audio/4283/EN_GB/expression/f3831a3dec4f319cf1d1fd94ded849ee8f57089e194059b9b391bd9226f9817c.mp3,https://d19azau1un4t7r.cloudfront.net/content/expression-pronunciation-audio/4283/EN_GB/sentence/3a5544ef58abd159907061992e7102c145e9976a6f9960e7d3017230eff34735.mp3,11
4283,53,53,10,get a refill,EN_AU,https://d19azau1un4t7r.cloudfront.net/content/expression-pronunciation-audio/4283/EN_AU/expression/785de84b4ec31e5db29e34fa7c0f46606c563d91dbbadf683473f0979c9ef6ac.mp3,https://d19azau1un4t7r.cloudfront.net/content/expression-pronunciation-audio/4283/EN_AU/sentence/90e8eb19323e63822362c7bd83536dc7056bf0f2295ca226971e1ff6b736eab8.mp3,11
4284,53,53,11,a pot of,EN_US,https://d19azau1un4t7r.cloudfront.net/content/expression-pronunciation-audio/4284/EN_US/expression/2662f0ef72f76d814fad00fc85a70751b462514d42ecfa4034b14e59006597fa.mp3,https://d19azau1un4t7r.cloudfront.net/content/expression-pronunciation-audio/4284/EN_US/sentence/ef10461cd2c8fd96af31b3e35b733abef1a26f79f0c35c1ab272301c50b24230.mp3,12
4284,53,53,11,a pot of,EN_GB,https://d19azau1un4t7r.cloudfront.net/content/expression-pronunciation-audio/4284/EN_GB/expression/738fb180a5acf4e807912f0dd6cc01e24ebd060c60a1a0466bdcc333a1d21db8.mp3,https://d19azau1un4t7r.cloudfront.net/content/expression-pronunciation-audio/4284/EN_GB/sentence/4bda4835beb1608fe2bd363482db1c7610320f0ce8f795d7866d4f387615077f.mp3,12
4284,53,53,11,a pot of,EN_AU,https://d19azau1un4t7r.cloudfront.net/content/expression-pronunciation-audio/4284/EN_AU/expression/2f3df4cfc8495b39afae927b85e65ad96e34d0c5882e6d730910c0349d3dac50.mp3,https://d19azau1un4t7r.cloudfront.net/content/expression-pronunciation-audio/4284/EN_AU/sentence/d86d0733b7642a0352b7e77625590c576da506a5779403f8965f9c1ea0d24312.mp3,12
4285,61,61,1,the same style,EN_US,https://d19azau1un4t7r.cloudfront.net/content/expression-pronunciation-audio/4285/EN_US/expression/d4d14a82db9cf91ee7770259bac8c5ac9646e1c152531900861a3f0674369d2e.mp3,https://d19azau1un4t7r.cloudfront.net/content/expression-pronunciation-audio/4285/EN_US/sentence/6fd9ed5920f5244884d41b5b2da339a5e8fdc28864857326f2d821317a1c4435.mp3,8
4285,61,61,1,the same style,EN_GB,https://d19azau1un4t7r.cloudfront.net/content/expression-pronunciation-audio/4285/EN_GB/expression/a8bbb2fceacb69770cdea49139997df5aea5e54c841dbb8ade2007b5bade8a5b.mp3,https://d19azau1un4t7r.cloudfront.net/content/expression-pronunciation-audio/4285/EN_GB/sentence/ad9c22f26edb9027b7e2f3eec7c4dd6c4c4e8f012343a8af7e4e8aca856c60eb.mp3,8
4285,61,61,1,the same style,EN_AU,https://d19azau1un4t7r.cloudfront.net/content/expression-pronunciation-audio/4285/EN_AU/expression/c36eadea79f7a20ff4fae9f866f6032cdc745b912f73b57f8b3304fcc64f2f9a.mp3,https://d19azau1un4t7r.cloudfront.net/content/expression-pronunciation-audio/4285/EN_AU/sentence/0fb62d3fef69cdbb7f59c7f43387dd79017a929f48457cf48987d14547bba943.mp3,8
4286,61,61,2,a little shorter,EN_US,https://d19azau1un4t7r.cloudfront.net/content/expression-pronunciation-audio/4286/EN_US/expression/a2fc976486b59817836908717ac2a43a62ecef1e0d1e3d55af1a0d0dacdba216.mp3,https://d19azau1un4t7r.cloudfront.net/content/expression-pronunciation-audio/4286/EN_US/sentence/21df58108f516293f3bbaf51ad1f679f68972059db3c0011fbe2b3b4467decf5.mp3,7
4286,61,61,2,a little shorter,EN_GB,https://d19azau1un4t7r.cloudfront.net/content/expression-pronunciation-audio/4286/EN_GB/expression/5e010bfb3365026ef38a46ad18815578ec4721398876056928c1f837abd5d6cf.mp3,https://d19azau1un4t7r.cloudfront.net/content/expression-pronunciation-audio/4286/EN_GB/sentence/40527c144e4c24f500fa83a9e09d441fbca38bf1a393262ef3bc1aa95178f496.mp3,7
4286,61,61,2,a little shorter,EN_AU,https://d19azau1un4t7r.cloudfront.net/content/expression-pronunciation-audio/4286/EN_AU/expression/d5fe75682a487dfd289e44544b4c2f70e555216245653d5d2c10d90e8d349d0e.mp3,https://d19azau1un4t7r.cloudfront.net/content/expression-pronunciation-audio/4286/EN_AU/sentence/478059ed8dd40319290e5d2f07cf1ba7bcba6004dc3b6d1cc1244e4b677bb016.mp3,7
4287,61,61,3,the front too,EN_US,https://d19azau1un4t7r.cloudfront.net/content/expression-pronunciation-audio/4287/EN_US/expression/650c6e839b506623b7696323fa5f31179e36bf959235bb9d5b12d7fc8370ea02.mp3,https://d19azau1un4t7r.cloudfront.net/content/expression-pronunciation-audio/4287/EN_US/sentence/73e77a0fbd73bfbd5cb1a0d2001939948b3b3caffbbaa3ba6dc8f39bd834e9ac.mp3,8
4287,61,61,3,the front too,EN_GB,https://d19azau1un4t7r.cloudfront.net/content/expression-pronunciation-audio/4287/EN_GB/expression/90dcea5e0b0f827d71d55fb9b251f46936748f043b2a315538618b9e0053581b.mp3,https://d19azau1un4t7r.cloudfront.net/content/expression-pronunciation-audio/4287/EN_GB/sentence/bd8cc2df15374e35db8df81864c45023872c42681f7bafce808ef74bb07fe3e1.mp3,8
4287,61,61,3,the front too,EN_AU,https://d19azau1un4t7r.cloudfront.net/content/expression-pronunciation-audio/4287/EN_AU/expression/d885d8f31dcb2ffe7747ed89edc1d848d778df2cb6957bf0fc8847f9bc3091df.mp3,https://d19azau1un4t7r.cloudfront.net/content/expression-pronunciation-audio/4287/EN_AU/sentence/e4866752736a21e1904835e5754e92776f1e3759067c2be88afc47d39ec02a2b.mp3,8
4288,61,61,4,It is perfect,EN_US,https://d19azau1un4t7r.cloudfront.net/content/expression-pronunciation-audio/4288/EN_US/expression/f5fac838e52382d0228012ab59b9b4e1eff59cbb28bad1f77c2fa2d7f3f676db.mp3,https://d19azau1un4t7r.cloudfront.net/content/expression-pronunciation-audio/4288/EN_US/sentence/4792fc79ba24737be9118aeca7b92037e7a9501844ecd0beba42f3fb1f831ca9.mp3,7
4288,61,61,4,It is perfect,EN_GB,https://d19azau1un4t7r.cloudfront.net/content/expression-pronunciation-audio/4288/EN_GB/expression/13552f3c7d5ae89c39ff64c5e570df8f8152671ed536e4d74c9a33a9054c745f.mp3,https://d19azau1un4t7r.cloudfront.net/content/expression-pronunciation-audio/4288/EN_GB/sentence/69cd2bb3f09991bf392ba17fe5f647b530290b29a34c3ea9f855c2636747e4a1.mp3,7
4288,61,61,4,It is perfect,EN_AU,https://d19azau1un4t7r.cloudfront.net/content/expression-pronunciation-audio/4288/EN_AU/expression/663988ea4509c2f0fb32e4bd77aa41e88d74a8f506116132255078b0f0bd751e.mp3,https://d19azau1un4t7r.cloudfront.net/content/expression-pronunciation-audio/4288/EN_AU/sentence/c3346963d7ee6e70d00d93acc352844566968fb759b860c9988a7ca56a9c9917.mp3,7
4289,61,61,5,something different,EN_US,https://d19azau1un4t7r.cloudfront.net/content/expression-pronunciation-audio/4289/EN_US/expression/abae54fed3df029cc241d5c6fa69ebf9ca76820613a29cc6d11aa8631eb84f55.mp3,https://d19azau1un4t7r.cloudfront.net/content/expression-pronunciation-audio/4289/EN_US/sentence/564e9717a2702e644e098dbdb25d60c1fd5a8510415d97eb964b7ca4e99c8aaf.mp3,8
4289,61,61,5,something different,EN_GB,https://d19azau1un4t7r.cloudfront.net/content/expression-pronunciation-audio/4289/EN_GB/expression/3a7129cd68c749ef5476e434ad8bd274fca062434cb10887135cde8c2a07da74.mp3,https://d19azau1un4t7r.cloudfront.net/content/expression-pronunciation-audio/4289/EN_GB/sentence/0046509af7a0ff6c4c319b9dccfa73b1a8d0255897af9a3460a7fe1d6ace31e7.mp3,8
4289,61,61,5,something different,EN_AU,https://d19azau1un4t7r.cloudfront.net/content/expression-pronunciation-audio/4289/EN_AU/expression/4f951f3a5ae7d3225f0d17cd0e8d82ef72c8de4b53b038d9ad4dc00c1a12b324.mp3,https://d19azau1un4t7r.cloudfront.net/content/expression-pronunciation-audio/4289/EN_AU/sentence/c52a7b2d6658d249c7a9f7bc4cbf3f06f0e203f6c46b4a0d1cd2d8ec2830ef78.mp3,8
4290,61,61,6,add some layers,EN_US,https://d19azau1un4t7r.cloudfront.net/content/expression-pronunciation-audio/4290/EN_US/expression/b76dc9551ebfdd2f50a42e4687d6fc5629e1dae2a184353a20fc1cd880919e00.mp3,https://d19azau1un4t7r.cloudfront.net/content/expression-pronunciation-audio/4290/EN_US/sentence/07dc2316a98fb7bb27a0100be656e6ba20ef1adb5485fb69f9f74c1aa0b96fcb.mp3,8
4290,61,61,6,add some layers,EN_GB,https://d19azau1un4t7r.cloudfront.net/content/expression-pronunciation-audio/4290/EN_GB/expression/38bf66416e3e9922e02244a9b6ec1946303d394e32f97bffdbe8322b3a172319.mp3,https://d19azau1un4t7r.cloudfront.net/content/expression-pronunciation-audio/4290/EN_GB/sentence/28a18b73f18797a62f803748e1e9488ebf676b7d794d51ac1e968445792d7a9b.mp3,8
4290,61,61,6,add some layers,EN_AU,https://d19azau1un4t7r.cloudfront.net/content/expression-pronunciation-audio/4290/EN_AU/expression/ad38e33d0e404d33dc27754112320eecf9042328e28e17e8dc75be5f110175d0.mp3,https://d19azau1un4t7r.cloudfront.net/content/expression-pronunciation-audio/4290/EN_AU/sentence/953bc176205e15df9886d75a0f2f2b2758fbc98191463607c6f57c0482a1cebd.mp3,8
4291,61,61,7,keep the length,EN_US,https://d19azau1un4t7r.cloudfront.net/content/expression-pronunciation-audio/4291/EN_US/expression/706b70f23dff9d12d7084a2f7c99010b11aec000e43b8044ec38ca2685059495.mp3,https://d19azau1un4t7r.cloudfront.net/content/expression-pronunciation-audio/4291/EN_US/sentence/7b9498875c69931319fd6ca37ee79f7ecb29f5eae6d62de6c877ed7d24750b24.mp3,11
4291,61,61,7,keep the length,EN_GB,https://d19azau1un4t7r.cloudfront.net/content/expression-pronunciation-audio/4291/EN_GB/expression/a958e8ee0e9be8810c664671383d043e2af8be30cb7d47dc6a3d6ad475062aff.mp3,https://d19azau1un4t7r.cloudfront.net/content/expression-pronunciation-audio/4291/EN_GB/sentence/2e212fa8099e1e04038d25b90e972cac5bc41ac7edb16273323d033d1d24424e.mp3,11
4291,61,61,7,keep the length,EN_AU,https://d19azau1un4t7r.cloudfront.net/content/expression-pronunciation-audio/4291/EN_AU/expression/84299439838c830f1d26968d391abd9f632478ea832198247575cd06ea20d582.mp3,https://d19azau1un4t7r.cloudfront.net/content/expression-pronunciation-audio/4291/EN_AU/sentence/7eeabd82471f3187386c56fb4ab06b968ef43b85c0e3c526ff407bb473c15e6e.mp3,11
4292,61,61,8,It's exactly what I wanted,EN_US,https://d19azau1un4t7r.cloudfront.net/content/expression-pronunciation-audio/4292/EN_US/expression/b4d50eb206782eb1971b14655385bd37b72b511bc4011c672e7afd352b54be39.mp3,https://d19azau1un4t7r.cloudfront.net/content/expression-pronunciation-audio/4292/EN_US/sentence/61043429dd870c36eefbd7121ca6e10bb608b5a452baa2966e5be07866cc6ff9.mp3,9
4292,61,61,8,It's exactly what I wanted,EN_GB,https://d19azau1un4t7r.cloudfront.net/content/expression-pronunciation-audio/4292/EN_GB/expression/90702cb209f9887eacbe5040d400c8f5ed8233efeb4d4dc26d124742d4bc1a62.mp3,https://d19azau1un4t7r.cloudfront.net/content/expression-pronunciation-audio/4292/EN_GB/sentence/d593898b422e5de2e1f97a7eed45d0570528626ace2acebad94559a05507715d.mp3,9
4292,61,61,8,It's exactly what I wanted,EN_AU,https://d19azau1un4t7r.cloudfront.net/content/expression-pronunciation-audio/4292/EN_AU/expression/9d928bcd6159dd799481e6c2161fb82081cb6418f56d0f4f4842a435628c704e.mp3,https://d19azau1un4t7r.cloudfront.net/content/expression-pronunciation-audio/4292/EN_AU/sentence/51e00dd27faefba70170a1fd1593ffa230ec7f00bb7ccdfbcef22e7b7e363d42.mp3,9
4293,61,61,9,get a trim,EN_US,https://d19azau1un4t7r.cloudfront.net/content/expression-pronunciation-audio/4293/EN_US/expression/1a886256445ba3dca9edb164fc41ef4f100286aaaced5114b2fcd74c018c76b2.mp3,https://d19azau1un4t7r.cloudfront.net/content/expression-pronunciation-audio/4293/EN_US/sentence/4ea64703713bf676e4da0f16932009353c9e205c192d86b9a1cb3378cedb1a69.mp3,9
4293,61,61,9,get a trim,EN_GB,https://d19azau1un4t7r.cloudfront.net/content/expression-pronunciation-audio/4293/EN_GB/expression/98800608e39c131764af22713b50f9b092795c0b77eebc95b35d23ddd4428b47.mp3,https://d19azau1un4t7r.cloudfront.net/content/expression-pronunciation-audio/4293/EN_GB/sentence/ad2fbc213e8cfc2eee7694a12363b09f70317aac68ff2828c2ba1d72e18adc9b.mp3,9
4293,61,61,9,get a trim,EN_AU,https://d19azau1un4t7r.cloudfront.net/content/expression-pronunciation-audio/4293/EN_AU/expression/efeb4aa083b03ac2aabc359f32435753fa2f09a7715adfa2aea9acd243e89a7f.mp3,https://d19azau1un4t7r.cloudfront.net/content/expression-pronunciation-audio/4293/EN_AU/sentence/4e0dd33ce3b886a5fa0f0afc099aa34e1937b5d393ce916d57ea90e3fdbd5b50.mp3,9
4294,61,61,10,thin out,EN_US,https://d19azau1un4t7r.cloudfront.net/content/expression-pronunciation-audio/4294/EN_US/expression/f53832397e58899ba543285d6dacb0092a31f3ee3e2521fa68fe78348128f7e1.mp3,https://d19azau1un4t7r.cloudfront.net/content/expression-pronunciation-audio/4294/EN_US/sentence/6edbed091562525c729fdf795d49f04ac7799305de6a9a6ee3e12ef264807b51.mp3,9
4294,61,61,10,thin out,EN_GB,https://d19azau1un4t7r.cloudfront.net/content/expression-pronunciation-audio/4294/EN_GB/expression/eb162139153a5b34460e029955a1500979a77ee9d2342426d958e3059ef06872.mp3,https://d19azau1un4t7r.cloudfront.net/content/expression-pronunciation-audio/4294/EN_GB/sentence/72d517b99236561bd6bd563e02467ce232091df52f02e5833bd78d0cc56ee55c.mp3,9
4294,61,61,10,thin out,EN_AU,https://d19azau1un4t7r.cloudfront.net/content/expression-pronunciation-audio/4294/EN_AU/expression/8b4739dc296304c1d0a775fc121b884e60d51284fd2f8dfa77b7c93d70f4a0e8.mp3,https://d19azau1un4t7r.cloudfront.net/content/expression-pronunciation-audio/4294/EN_AU/sentence/14071226a8257d9cc25a26d599fed9d7d18d39db4fa73df6e4b2983d7f5735c8.mp3,9
4295,61,61,11,grow ~ out,EN_US,,https://d19azau1un4t7r.cloudfront.net/content/expression-pronunciation-audio/4295/EN_US/sentence/f15e79a5751c410a6e2e88f3d015b79d269fac27fae91e824a1491e9bcd537b8.mp3,6
4295,61,61,11,grow ~ out,EN_GB,,https://d19azau1un4t7r.cloudfront.net/content/expression-pronunciation-audio/4295/EN_GB/sentence/4a0e6c5eb11082223912c5cca595861108f11faef86907e86bfdce3fc3d4b141.mp3,6
4295,61,61,11,grow ~ out,EN_AU,,https://d19azau1un4t7r.cloudfront.net/content/expression-pronunciation-audio/4295/EN_AU/sentence/509865aa850e042ba56e0204ec44240ed6b51a13f7b71aa27f6e4ce376e6b46e.mp3,6
4296,63,63,1,I'd like that,EN_US,https://d19azau1un4t7r.cloudfront.net/content/expression-pronunciation-audio/4296/EN_US/expression/698a4640af57279a72a3ebd4295d741158ccafa177e66ee093ac96ffd85b4225.mp3,https://d19azau1un4t7r.cloudfront.net/content/expression-pronunciation-audio/4296/EN_US/sentence/a48370e93665f5f1ab33f9a198676aa1c592f24551c9063760e570ed66f483b5.mp3,4
4296,63,63,1,I'd like that,EN_GB,https://d19azau1un4t7r.cloudfront.net/content/expression-pronunciation-audio/4296/EN_GB/expression/3a1bbde92c6547167b46dd325d4ebe2562fdfbf28a9a52689e61bdd6c641fdd2.mp3,https://d19azau1un4t7r.cloudfront.net/content/expression-pronunciation-audio/4296/EN_GB/sentence/e126d7697f7813084c4e53f7779683da7ec84dbf75265564cb80fb461ef5560d.mp3,4
4296,63,63,1,I'd like that,EN_AU,https://d19azau1un4t7r.cloudfront.net/content/expression-pronunciation-audio/4296/EN_AU/expression/8d1769118952b5015bb915a5c0c5909026a233e4a17a3b94ae1da7ee0742e669.mp3,https://d19azau1un4t7r.cloudfront.net/content/expression-pronunciation-audio/4296/EN_AU/sentence/c874413be3e1aef81570cdea33edaefce83e17473a776c385d02ff4df11ae6cf.mp3,4
4297,63,63,2,I can play,EN_US,https://d19azau1un4t7r.cloudfront.net/content/expression-pronunciation-audio/4297/EN_US/expression/b060e1eb65a0c8db8623b90158ea965037113b5a98921f56da2acca7cce2149c.mp3,https://d19azau1un4t7r.cloudfront.net/content/expression-pronunciation-audio/4297/EN_US/sentence/470dc863658f01d5a8a7ee790957d1f150b7c85929cfded0268236cdf5804cad.mp3,6
4297,63,63,2,I can play,EN_GB,https://d19azau1un4t7r.cloudfront.net/content/expression-pronunciation-audio/4297/EN_GB/expression/5e6bcbd9d62f6a349563ca5ade8c32846aae1d0427b77b0147c74e0bf450b7f4.mp3,https://d19azau1un4t7r.cloudfront.net/content/expression-pronunciation-audio/4297/EN_GB/sentence/b0ffd0eed961c1e4920e94bedb14ebee08d0c34dc6f27556189956d640df595a.mp3,6
4297,63,63,2,I can play,EN_AU,https://d19azau1un4t7r.cloudfront.net/content/expression-pronunciation-audio/4297/EN_AU/expression/7d28b3e77ede45326fb1b0e80795961154aac851c519ddc49799e794b88e4a50.mp3,https://d19azau1un4t7r.cloudfront.net/content/expression-pronunciation-audio/4297/EN_AU/sentence/0d532883de03d7aa8408e0687125ebdd1884b5323c1387cc9684a14e84079ff3.mp3,6
4298,63,63,3,know a lot about,EN_US,https://d19azau1un4t7r.cloudfront.net/content/expression-pronunciation-audio/4298/EN_US/expression/16babf5ab330cb88151f0910366febd726104ce0bee8d35488c3bed18bd1ee68.mp3,https://d19azau1un4t7r.cloudfront.net/content/expression-pronunciation-audio/4298/EN_US/sentence/220633776f2726f1f75fc585242e7b05f1430f22dc7f629bafb1861bb9397461.mp3,6
4298,63,63,3,know a lot about,EN_GB,https://d19azau1un4t7r.cloudfront.net/content/expression-pronunciation-audio/4298/EN_GB/expression/790890b61ec73ca66692e6972b9b65784cb2268c01ee1e35996db934ec10d159.mp3,https://d19azau1un4t7r.cloudfront.net/content/expression-pronunciation-audio/4298/EN_GB/sentence/6184134b943ceb19be63191ae54967d7ecb5930cfd7e254baa300481f4cb2178.mp3,6
4298,63,63,3,know a lot about,EN_AU,https://d19azau1un4t7r.cloudfront.net/content/expression-pronunciation-audio/4298/EN_AU/expression/e097b8c5bf41d1996bcd64d8eb4db36644ea773144d56bf919a163b525c57d13.mp3,https://d19azau1un4t7r.cloudfront.net/content/expression-pronunciation-audio/4298/EN_AU/sentence/51931a5dc308505e722e6e9a12306a8facdc2ac016b0202eaaad968ea6c5cedb.mp3,6
4299,63,63,4,Let's call it ~,EN_US,,https://d19azau1un4t7r.cloudfront.net/content/expression-pronunciation-audio/4299/EN_US/sentence/6e6940878a43f7ca2d47764301496329aef25d7cef88fe71420f61e7014ffa34.mp3,6
4299,63,63,4,Let's call it ~,EN_GB,,https://d19azau1un4t7r.cloudfront.net/content/expression-pronunciation-audio/4299/EN_GB/sentence/07c1e7816be213b028d91bcfab7585d0e9a65e32460144867fbe08e070bd6c3b.mp3,6
4299,63,63,4,Let's call it ~,EN_AU,,https://d19azau1un4t7r.cloudfront.net/content/expression-pronunciation-audio/4299/EN_AU/sentence/dedcd4ac1a72ece0b2f4094e89f43e2a5d0fffbea0a31039b756b39fd20230c1.mp3,6
4300,63,63,5,join a team,EN_US,https://d19azau1un4t7r.cloudfront.net/content/expression-pronunciation-audio/4300/EN_US/expression/3ddd6e04aa6f0debb3342d91334fe9f57ae4d32ca945fe9d62e909d4a12b819e.mp3,https://d19azau1un4t7r.cloudfront.net/content/expression-pronunciation-audio/4300/EN_US/sentence/9fc87e63a29da311537fae5a93ef1d706274093a3a8072be89f237d7efed8aac.mp3,8
4300,63,63,5,join a team,EN_GB,https://d19azau1un4t7r.cloudfront.net/content/expression-pronunciation-audio/4300/EN_GB/expression/9f15ac510e3edd73db91be054e20489a505ba83cc0b8f0184f91914fa098ed4d.mp3,https://d19azau1un4t7r.cloudfront.net/content/expression-pronunciation-audio/4300/EN_GB/sentence/526e1c56ca08584a7f20a52c66f06e9902398385d50c86edb9e92bd176e7ce46.mp3,8
4300,63,63,5,join a team,EN_AU,https://d19azau1un4t7r.cloudfront.net/content/expression-pronunciation-audio/4300/EN_AU/expression/9e483e5e26d89a476962f4fee8f88ea8f2c6e22cf1b15b752e8bd4356627ab12.mp3,https://d19azau1un4t7r.cloudfront.net/content/expression-pronunciation-audio/4300/EN_AU/sentence/4f2cd9dd0761a1d24869fc9a2c72f6897ef9860d58e29f46bfc9a7e1822281ee.mp3,8
4301,63,63,6,My strong point is ~,EN_US,,https://d19azau1un4t7r.cloudfront.net/content/expression-pronunciation-audio/4301/EN_US/sentence/5f817c540f6acdcdf54417e41aa0f88599fc03b3782b4a921455d3a6a78402c7.mp3,10
4301,63,63,6,My strong point is ~,EN_GB,,https://d19azau1un4t7r.cloudfront.net/content/expression-pronunciation-audio/4301/EN_GB/sentence/4965a70438b860fffaaa40dcda337de72952a05081d1a293c610c03a84a94130.mp3,10
4301,63,63,6,My strong point is ~,EN_AU,,https://d19azau1un4t7r.cloudfront.net/content/expression-pronunciation-audio/4301/EN_AU/sentence/1603593012a42e6df952d1f8ac27c3fa9b3dc3df181c3d5e9b6a4fc8c7cc24ea.mp3,10
4302,63,63,7,think of a name,EN_US,https://d19azau1un4t7r.cloudfront.net/content/expression-pronunciation-audio/4302/EN_US/expression/287094e6399f4ece0e4641406ea1d6cf2cc7c429d4ddbc7b5ee181be676ca603.mp3,https://d19azau1un4t7r.cloudfront.net/content/expression-pronunciation-audio/4302/EN_US/sentence/2a0cbfeb615ea2fdc27bc9136d16162793250164eed606a1aabedc68a6154a9b.mp3,9
4302,63,63,7,think of a name,EN_GB,https://d19azau1un4t7r.cloudfront.net/content/expression-pronunciation-audio/4302/EN_GB/expression/884bbd8213527464abe544e722beadb21fb783c9768f98ac0c12c6bc41598a14.mp3,https://d19azau1un4t7r.cloudfront.net/content/expression-pronunciation-audio/4302/EN_GB/sentence/c6c5fbdc07425c2734641a375678aa0f3cb4c6782398c348b0fb29df38e724f1.mp3,9
4302,63,63,7,think of a name,EN_AU,https://d19azau1un4t7r.cloudfront.net/content/expression-pronunciation-audio/4302/EN_AU/expression/b9e571c14b63c701a60f05f4d51eb32092f7f7137628f37b9e3ec86c355c89c8.mp3,https://d19azau1un4t7r.cloudfront.net/content/expression-pronunciation-audio/4302/EN_AU/sentence/8f3ce88851b15e9240d6150e40634c4be0fe17e23007b20c54ccf4549671bdaf.mp3,9
4303,63,63,8,Let's go with ~,EN_US,,https://d19azau1un4t7r.cloudfront.net/content/expression-pronunciation-audio/4303/EN_US/sentence/c19023f07abbf1dea71b185be2c03f5525b3094a6f81c53093d506ef60962d3f.mp3,7
4303,63,63,8,Let's go with ~,EN_GB,,https://d19azau1un4t7r.cloudfront.net/content/expression-pronunciation-audio/4303/EN_GB/sentence/b09a1a826101cb1ae078b117dc636b4060306f8118d1f3a1275e308d917464c2.mp3,7
4303,63,63,8,Let's go with ~,EN_AU,,https://d19azau1un4t7r.cloudfront.net/content/expression-pronunciation-audio/4303/EN_AU/sentence/8bebd405dd629a4d9466a4d8e79ee099505cdaad1eedcdcb283cc7b93a6a8641.mp3,7
4304,63,63,9,join in,EN_US,https://d19azau1un4t7r.cloudfront.net/content/expression-pronunciation-audio/4304/EN_US/expression/2099a774f96d0f4c2e559ab49eff1e4335d5658f114a04c23cee4c27b431c251.mp3,https://d19azau1un4t7r.cloudfront.net/content/expression-pronunciation-audio/4304/EN_US/sentence/e0a1c5bc8398abda561fc4ad8daca105c0715c2785ad31d3a917843fc2a628cc.mp3,8
4304,63,63,9,join in,EN_GB,https://d19azau1un4t7r.cloudfront.net/content/expression-pronunciation-audio/4304/EN_GB/expression/ef0a190738ee674f01439e36da052af515068f397e42d8aac5ded31ab1b84b08.mp3,https://d19azau1un4t7r.cloudfront.net/content/expression-pronunciation-audio/4304/EN_GB/sentence/7d081660b57f9ecb7a6cea983298cebf4b34f85e85dac05ae51a043027b3e823.mp3,8
4304,63,63,9,join in,EN_AU,https://d19azau1un4t7r.cloudfront.net/content/expression-pronunciation-audio/4304/EN_AU/expression/c2c11139573d917a5cfbc95b0ae9ee108818f32a71412367be882b34a1c5fed2.mp3,https://d19azau1un4t7r.cloudfront.net/content/expression-pronunciation-audio/4304/EN_AU/sentence/19cdb43275a569a2373ced9ebe0838bcc40415a031aeaae988a18555af8784bb.mp3,8
4305,63,63,10,give it a go,EN_US,https://d19azau1un4t7r.cloudfront.net/content/expression-pronunciation-audio/4305/EN_US/expression/c5866e349ca7043c77e0192cb3c09ad892d47ad7aaa038877a5912d651364057.mp3,https://d19azau1un4t7r.cloudfront.net/content/expression-pronunciation-audio/4305/EN_US/sentence/bf54d737d8dbaf6c36b386e390708733ff972cf1782ccc939ee955a4e8082c97.mp3,7
4305,63,63,10,give it a go,EN_GB,https://d19azau1un4t7r.cloudfront.net/content/expression-pronunciation-audio/4305/EN_GB/expression/d12e95fa29a5eb2a0dab03de20bab2124211e0cbf8065aa554b53051948c5ab9.mp3,https://d19azau1un4t7r.cloudfront.net/content/expression-pronunciation-audio/4305/EN_GB/sentence/53e10f514ebafbd52704e295ff29435e956cf65f3de11d178a88aced9793a621.mp3,7
4305,63,63,10,give it a go,EN_AU,https://d19azau1un4t7r.cloudfront.net/content/expression-pronunciation-audio/4305/EN_AU/expression/dd7855ac5da76cf0e18f55f98e3815d8c2ddd1a91b4bb5f3932a288bf443685e.mp3,https://d19azau1un4t7r.cloudfront.net/content/expression-pronunciation-audio/4305/EN_AU/sentence/2b84ac6bac0277a846aa3a01a28b8d0d474027868af7cc2d3344ece179e0cd69.mp3,7
4306,63,63,11,know a thing or two about,EN_US,https://d19azau1un4t7r.cloudfront.net/content/expression-pronunciation-audio/4306/EN_US/expression/7de391320bed26a146897526bd13641427678e1fa730c6a59309edbd5ac55c0a.mp3,https://d19azau1un4t7r.cloudfront.net/content/expression-pronunciation-audio/4306/EN_US/sentence/c7ae62415d10cfe4eceab68c6e9564b484f19e0efe1fb2aa5e52c9d7bdf95600.mp3,13
4306,63,63,11,know a thing or two about,EN_GB,https://d19azau1un4t7r.cloudfront.net/content/expression-pronunciation-audio/4306/EN_GB/expression/e59ab94797878a3e5dd15be02e889015d074981893c3595ee45bd1a9d32f005d.mp3,https://d19azau1un4t7r.cloudfront.net/content/expression-pronunciation-audio/4306/EN_GB/sentence/942f07a5b6a3356c6ceb8caa4b83dd5e78818d3bfe8969e6e1d3254fc9ad1678.mp3,13
4306,63,63,11,know a thing or two about,EN_AU,https://d19azau1un4t7r.cloudfront.net/content/expression-pronunciation-audio/4306/EN_AU/expression/40ff30b413a75afbe740dc36120e5fd2fc48369269d431a3f719bbf167412100.mp3,https://d19azau1un4t7r.cloudfront.net/content/expression-pronunciation-audio/4306/EN_AU/sentence/f35bf892f32f3c7d8a0df64bcbaa26d1df470b754ac3af6130703118bae7ebc6.mp3,13
4307,69,69,1,I took the bus,EN_US,https://d19azau1un4t7r.cloudfront.net/content/expression-pronunciation-audio/4307/EN_US/expression/ed389c936f008457a501b021d561a03388401d7529d72fd87ff093bfe0c711ca.mp3,https://d19azau1un4t7r.cloudfront.net/content/expression-pronunciation-audio/4307/EN_US/sentence/9c30c47c4d531c431a270cd114347216d1be78e40d9c2bcd368cd981ec2e5f9e.mp3,8
4307,69,69,1,I took the bus,EN_GB,https://d19azau1un4t7r.cloudfront.net/content/expression-pronunciation-audio/4307/EN_GB/expression/84e1c960cf41f6266a673b77cb2901049e0bd6c791ece7ee75dfb5603fa08ecd.mp3,https://d19azau1un4t7r.cloudfront.net/content/expression-pronunciation-audio/4307/EN_GB/sentence/303e8bff92790ffbe3db9bb049e5c7d54a24e28d7c634f32b2c6ec1893d84757.mp3,8
4307,69,69,1,I took the bus,EN_AU,https://d19azau1un4t7r.cloudfront.net/content/expression-pronunciation-audio/4307/EN_AU/expression/75c033ff55e0b4f162d44c12ec956f945245c5c0b54fe6d818bd61300a260107.mp3,https://d19azau1un4t7r.cloudfront.net/content/expression-pronunciation-audio/4307/EN_AU/sentence/eb24ec9985804cc7d7944935d3c13c6636e533690792c22db082cda6699d9b26.mp3,8
4308,69,69,2,get my money back,EN_US,https://d19azau1un4t7r.cloudfront.net/content/expression-pronunciation-audio/4308/EN_US/expression/dcd7a0f15bb2e3f184b57bdb7597c17c45cc24b6ee6f29214c78eecc168d1a28.mp3,https://d19azau1un4t7r.cloudfront.net/content/expression-pronunciation-audio/4308/EN_US/sentence/0ce026efcf459f1f5edab6d406006e648f18f4b7c8c1216064c2ed663108cf82.mp3,7
4308,69,69,2,get my money back,EN_GB,https://d19azau1un4t7r.cloudfront.net/content/expression-pronunciation-audio/4308/EN_GB/expression/43de3055efbad1022a12cc65f7847db673af386d04e6432f2a7a29ac5756c10c.mp3,https://d19azau1un4t7r.cloudfront.net/content/expression-pronunciation-audio/4308/EN_GB/sentence/3e9c30024bb64cbce694d6208acfee40a8480a71d3c02de35bc7e23bcf219d51.mp3,7
4308,69,69,2,get my money back,EN_AU,https://d19azau1un4t7r.cloudfront.net/content/expression-pronunciation-audio/4308/EN_AU/expression/52018049c3b49fb89c2390fc8ae315787158a82d997976f02be18c4f4a8e7b86.mp3,https://d19azau1un4t7r.cloudfront.net/content/expression-pronunciation-audio/4308/EN_AU/sentence/7efb3d90fc0a608a259c183a258170884cae72f48cd43a5bd8d227df6eaf6802.mp3,7
4309,69,69,3,three more days,EN_US,https://d19azau1un4t7r.cloudfront.net/content/expression-pronunciation-audio/4309/EN_US/expression/d78d37453f60677dce340d94bc9dbabb053d56c43ad161b91481b613a2119efa.mp3,https://d19azau1un4t7r.cloudfront.net/content/expression-pronunciation-audio/4309/EN_US/sentence/a4467693655bfec07b0dacf37ca237912cd45ddd81753825501081e1de6380e0.mp3,7
4309,69,69,3,three more days,EN_GB,https://d19azau1un4t7r.cloudfront.net/content/expression-pronunciation-audio/4309/EN_GB/expression/2f2cc9827202a9afc1e2478b761a577bb758fcfe0a39be88bab2f9ebc0383103.mp3,https://d19azau1un4t7r.cloudfront.net/content/expression-pronunciation-audio/4309/EN_GB/sentence/fb8ca68ca1a2d0f7e94ce0e38d74224f69b163f18ee0053961202ee36dcd8181.mp3,7
4309,69,69,3,three more days,EN_AU,https://d19azau1un4t7r.cloudfront.net/content/expression-pronunciation-audio/4309/EN_AU/expression/da0c47cdc798ca25ff8630ed08d90101253942fab4c4d0256263393626d72ce7.mp3,https://d19azau1un4t7r.cloudfront.net/content/expression-pronunciation-audio/4309/EN_AU/sentence/f0cccbb62b4a9ad5441238cedb3b5f946fb335030ac6331d3a80e3decf2fda9e.mp3,7
4310,69,69,4,I ride every day,EN_US,https://d19azau1un4t7r.cloudfront.net/content/expression-pronunciation-audio/4310/EN_US/expression/0dd83dd712ed3b7e1a4fa3b8837cdd3c9c226db350c60624f9d4766624ca628d.mp3,https://d19azau1un4t7r.cloudfront.net/content/expression-pronunciation-audio/4310/EN_US/sentence/d932be863fcea732f9c6cf7bdcc480bb82cb29d314e85481d66ddd9646cb416a.mp3,7
4310,69,69,4,I ride every day,EN_GB,https://d19azau1un4t7r.cloudfront.net/content/expression-pronunciation-audio/4310/EN_GB/expression/c854afb83f79ebc33b9eeb7076f058a186c867bf28d4dbcc7e1b1da53213834e.mp3,https://d19azau1un4t7r.cloudfront.net/content/expression-pronunciation-audio/4310/EN_GB/sentence/7844b709655a845099b2c832e51358d8602747df5ee9e5d56c096d106dbd1350.mp3,7
4310,69,69,4,I ride every day,EN_AU,https://d19azau1un4t7r.cloudfront.net/content/expression-pronunciation-audio/4310/EN_AU/expression/18c74b46c1759e88fde2003cbad047c19b35a17708d0cc613439117414205c76.mp3,https://d19azau1un4t7r.cloudfront.net/content/expression-pronunciation-audio/4310/EN_AU/sentence/dcc324b1f16284da07c6b10fd35153abc2a0ba4226d4ba56e66af3584aad99ef.mp3,7
4311,69,69,5,transfer to ~,EN_US,,https://d19azau1un4t7r.cloudfront.net/content/expression-pronunciation-audio/4311/EN_US/sentence/829d0eed9b5273d3121384929e2eee749b9cf6f31350ab4932818cc8a83f2b11.mp3,12
4311,69,69,5,transfer to ~,EN_GB,,https://d19azau1un4t7r.cloudfront.net/content/expression-pronunciation-audio/4311/EN_GB/sentence/82a117c7637efbd3c909a7311d8a17e24252d92add88037fb8a9367a31a560b9.mp3,12
4311,69,69,5,transfer to ~,EN_AU,,https://d19azau1un4t7r.cloudfront.net/content/expression-pronunciation-audio/4311/EN_AU/sentence/760ce93b1fcddb5e20e49d4f2302cca20c9387e94b8eae33909d81e94105c2c7.mp3,12
4312,69,69,6,I need to get to ~,EN_US,,https://d19azau1un4t7r.cloudfront.net/content/expression-pronunciation-audio/4312/EN_US/sentence/025ef4ab918ef12ed74d3e0edf33cc407308dbdbd1d3fffd7986cbe12c40abc0.mp3,10
4312,69,69,6,I need to get to ~,EN_GB,,https://d19azau1un4t7r.cloudfront.net/content/expression-pronunciation-audio/4312/EN_GB/sentence/8bb68807287b24de7e65a49e8711def5001a117fff52cf1e05795bb59c2baf1c.mp3,10
4312,69,69,6,I need to get to ~,EN_AU,,https://d19azau1un4t7r.cloudfront.net/content/expression-pronunciation-audio/4312/EN_AU/sentence/8bb2bae1c491b6102feac48851d805eaaec085e132a90aaa887c72049331cc9d.mp3,10
4313,69,69,7,until Friday,EN_US,https://d19azau1un4t7r.cloudfront.net/content/expression-pronunciation-audio/4313/EN_US/expression/12634cf08449678313404dccaebd99403c85be2b85b784b7c4f7e750c1c45114.mp3,https://d19azau1un4t7r.cloudfront.net/content/expression-pronunciation-audio/4313/EN_US/sentence/29f05842df4160e1e0809f9d334ca6efa17fd2235935513b6709ebd55dcdd282.mp3,11
4313,69,69,7,until Friday,EN_GB,https://d19azau1un4t7r.cloudfront.net/content/expression-pronunciation-audio/4313/EN_GB/expression/e9eeb66326c7824aeecd116b8ad6e03b4721f442d5688f24971de15d9e8975b3.mp3,https://d19azau1un4t7r.cloudfront.net/content/expression-pronunciation-audio/4313/EN_GB/sentence/a3481eda4c786029ad1a9e3d104afd2c0aa2cab067da8dd344a5a5f270b0d60d.mp3,11
4313,69,69,7,until Friday,EN_AU,https://d19azau1un4t7r.cloudfront.net/content/expression-pronunciation-audio/4313/EN_AU/expression/ef793bc154bb6add73214590977f1f7678577921caa9eaaac87d1c8870441b0f.mp3,https://d19azau1un4t7r.cloudfront.net/content/expression-pronunciation-audio/4313/EN_AU/sentence/f29f777e9396109e0da3d0986a91c5be9ac4448939adab1683d1206fb050337b.mp3,11
4314,69,69,8,It's worth it,EN_US,https://d19azau1un4t7r.cloudfront.net/content/expression-pronunciation-audio/4314/EN_US/expression/4dabd4272a64251dc14f591ebcd6c459da9d02ba5b891bf815cce8019e5c39d1.mp3,https://d19azau1un4t7r.cloudfront.net/content/expression-pronunciation-audio/4314/EN_US/sentence/18dcf543e1d86a2262ed62d9a2d80b1721f63480bc688ad0fdb31e0eef961cae.mp3,10
4314,69,69,8,It's worth it,EN_GB,https://d19azau1un4t7r.cloudfront.net/content/expression-pronunciation-audio/4314/EN_GB/expression/34436e0129a87f08952555acbc3639c0559e5f5d1a1b2840956ee6e354ce6940.mp3,https://d19azau1un4t7r.cloudfront.net/content/expression-pronunciation-audio/4314/EN_GB/sentence/1dde947157bb93712c0c5ac8fc5869f1469658f4538316926fb06a42276d7921.mp3,10
4314,69,69,8,It's worth it,EN_AU,https://d19azau1un4t7r.cloudfront.net/content/expression-pronunciation-audio/4314/EN_AU/expression/454fc6a484c99c6c8601732c28e05622448ef888c3aa909665b8fd2494630fb4.mp3,https://d19azau1un4t7r.cloudfront.net/content/expression-pronunciation-audio/4314/EN_AU/sentence/efcbb7f528e93101bdc91ce58966cb0daa8dbd376f639ac4e66af320b8346641.mp3,10
4315,69,69,9,tap,EN_US,https://d19azau1un4t7r.cloudfront.net/content/expression-pronunciation-audio/4315/EN_US/expression/eca0d782708dbe2a3e7e341746d363b0201acc1eb88e3b1257379be57fa294b3.mp3,https://d19azau1un4t7r.cloudfront.net/content/expression-pronunciation-audio/4315/EN_US/sentence/ebc04e1868abb4e39cefff10f1539cdd528abd3fab73e9d546c88638dc54cc78.mp3,14
4315,69,69,9,tap,EN_GB,https://d19azau1un4t7r.cloudfront.net/content/expression-pronunciation-audio/4315/EN_GB/expression/7c4c507f9837486b7a9c556d055acfc40113e1015d56ee74022987684f629f77.mp3,https://d19azau1un4t7r.cloudfront.net/content/expression-pronunciation-audio/4315/EN_GB/sentence/4269851f8a33b8616335977d29c333373d203313756c042690804f5a1cdea542.mp3,14
4315,69,69,9,tap,EN_AU,https://d19azau1un4t7r.cloudfront.net/content/expression-pronunciation-audio/4315/EN_AU/expression/315472dc5a9392e8eda4fbce2e189e6c4ea24abb5deee17c842c7816707dfb64.mp3,https://d19azau1un4t7r.cloudfront.net/content/expression-pronunciation-audio/4315/EN_AU/sentence/1396e46944c5dc2de79ab0f682c431651295939624c15f9b7a43e3139eed3ee2.mp3,14
4316,69,69,10,be overcharged,EN_US,https://d19azau1un4t7r.cloudfront.net/content/expression-pronunciation-audio/4316/EN_US/expression/303436b911255003749c0d0d3f2bc345fc9e2fa8fa4351f9991948c2fad0784a.mp3,https://d19azau1un4t7r.cloudfront.net/content/expression-pronunciation-audio/4316/EN_US/sentence/ef8013244d314fbcfefd5ca74614d53f478929793b43eb8a1fea7c6b7fcfeab0.mp3,11
4316,69,69,10,be overcharged,EN_GB,https://d19azau1un4t7r.cloudfront.net/content/expression-pronunciation-audio/4316/EN_GB/expression/1749bc540ae4a52d88c2cc16be79aaa46678a649bcf21111d18b722b2088d920.mp3,https://d19azau1un4t7r.cloudfront.net/content/expression-pronunciation-audio/4316/EN_GB/sentence/d71adf670989c0891b361fac0bbe34b1dce61452939be93834141dfb13c9b129.mp3,11
4316,69,69,10,be overcharged,EN_AU,https://d19azau1un4t7r.cloudfront.net/content/expression-pronunciation-audio/4316/EN_AU/expression/1ca45bd0e862a1fb097dd6dae324f2f319e5c5809ef9c9094eff7349206129e9.mp3,https://d19azau1un4t7r.cloudfront.net/content/expression-pronunciation-audio/4316/EN_AU/sentence/2393d9f3a0cd6de0bc384e264f5f480ed3d34c32636fd3936c1261c574770b55.mp3,11
4317,69,69,11,off-peak,EN_US,https://d19azau1un4t7r.cloudfront.net/content/expression-pronunciation-audio/4317/EN_US/expression/6f0ee6531f6b8370ba886530b4d26341863a2b384213b48dc37bb6a0058b0498.mp3,https://d19azau1un4t7r.cloudfront.net/content/expression-pronunciation-audio/4317/EN_US/sentence/e9a1de2dbb81ad82e7e230d261fd68b9fb372cf626668ea9768133aa923a2918.mp3,13
4317,69,69,11,off-peak,EN_GB,https://d19azau1un4t7r.cloudfront.net/content/expression-pronunciation-audio/4317/EN_GB/expression/1c72bed1c1a8030e5d652a181e1dfd6d12d07006d676e0c8d464c19fafab41f8.mp3,https://d19azau1un4t7r.cloudfront.net/content/expression-pronunciation-audio/4317/EN_GB/sentence/cd8c4e81e22a3f2f5df0c7d4575b7a257e2694af962b89e78c55ab6f6bf46890.mp3,13
4317,69,69,11,off-peak,EN_AU,https://d19azau1un4t7r.cloudfront.net/content/expression-pronunciation-audio/4317/EN_AU/expression/390c445f2dae7217c0a9385f0ad67c205e3cadffb21fd7493a42abbb9e274327.mp3,https://d19azau1un4t7r.cloudfront.net/content/expression-pronunciation-audio/4317/EN_AU/sentence/80ecd8b37857d034f2c2af2bcc78fa71d99d1de79ab21ca3a692b44d8210cc3f.mp3,13
4318,66,66,1,I have two hours,EN_US,https://d19azau1un4t7r.cloudfront.net/content/expression-pronunciation-audio/4318/EN_US/expression/9c104294ba2931679b8f55b344bb3983f3e9f3479bd2b46c53a001054e90dfc5.mp3,https://d19azau1un4t7r.cloudfront.net/content/expression-pronunciation-audio/4318/EN_US/sentence/53f202c284121d7de8debb795235bfede2e03347abb8c5d89425fabb8667cd36.mp3,6
4318,66,66,1,I have two hours,EN_GB,https://d19azau1un4t7r.cloudfront.net/content/expression-pronunciation-audio/4318/EN_GB/expression/75e66093d6cd8e29df05d1b9922c992c0e7811675f3cd3a088b0a2122a6541bb.mp3,https://d19azau1un4t7r.cloudfront.net/content/expression-pronunciation-audio/4318/EN_GB/sentence/011647d8f9842d02b24fbda78f761c3549a947aa46723d78c3676eb497b95c9e.mp3,6
4318,66,66,1,I have two hours,EN_AU,https://d19azau1un4t7r.cloudfront.net/content/expression-pronunciation-audio/4318/EN_AU/expression/bc0fa1a95fc2789c3a813ef449fb9567a3dcc496917e2a36b332ca20a2c5f01a.mp3,https://d19azau1un4t7r.cloudfront.net/content/expression-pronunciation-audio/4318/EN_AU/sentence/f7cb34f67f8c3132ce90816bf9225f0ed13b711e69e259dbb1317d353a88634a.mp3,6
4319,66,66,2,an easy walk,EN_US,https://d19azau1un4t7r.cloudfront.net/content/expression-pronunciation-audio/4319/EN_US/expression/fd47fff2bd6e296e56dc77224f45bc33dd4bb4fa4f58bdcbcba3b074beb18816.mp3,https://d19azau1un4t7r.cloudfront.net/content/expression-pronunciation-audio/4319/EN_US/sentence/4a3b6ed97b42f98752fbfc8c88642fc54a3e526ad9f45ccec7f6da8a1fcc2de1.mp3,7
4319,66,66,2,an easy walk,EN_GB,https://d19azau1un4t7r.cloudfront.net/content/expression-pronunciation-audio/4319/EN_GB/expression/a0e18809424417023d733cd7c70fff652997426210e510c8c643d7eaa8eef493.mp3,https://d19azau1un4t7r.cloudfront.net/content/expression-pronunciation-audio/4319/EN_GB/sentence/cd7f3cfecd756c20764f4da576ceeceab757b76fd8565914b99ae48d870dfdc6.mp3,7
4319,66,66,2,an easy walk,EN_AU,https://d19azau1un4t7r.cloudfront.net/content/expression-pronunciation-audio/4319/EN_AU/expression/33a60c0c111a57f3d31feb0a4507b3249e7e567257cdf21836f66cbaab1b1a2c.mp3,https://d19azau1un4t7r.cloudfront.net/content/expression-pronunciation-audio/4319/EN_AU/sentence/ca0025723662ca368792e17015544eb8ef2f12639dde27e2e61da0c910941895.mp3,7
4320,66,66,3,I have ~ with me,EN_US,,https://d19azau1un4t7r.cloudfront.net/content/expression-pronunciation-audio/4320/EN_US/sentence/89552f824ce96f30d9c0dc1455bdc31afb5968f84777dd5453129743cf3d70fa.mp3,7
4320,66,66,3,I have ~ with me,EN_GB,,https://d19azau1un4t7r.cloudfront.net/content/expression-pronunciation-audio/4320/EN_GB/sentence/3c45103198e571d40e1791ed7ea19aaffa7fa080efddc7438d9ca7c93f7f0b90.mp3,7
4320,66,66,3,I have ~ with me,EN_AU,,https://d19azau1un4t7r.cloudfront.net/content/expression-pronunciation-audio/4320/EN_AU/sentence/bd6b44eb9f7412fc1788c01c30a3103a9b67d9f36cf6f3a66f32d921ef392d00.mp3,7
4321,66,66,4,a raincoat,EN_US,https://d19azau1un4t7r.cloudfront.net/content/expression-pronunciation-audio/4321/EN_US/expression/25eb49b9da2bf9f7c11b350cb70541f73870688f61dbcf3cac826a423f204489.mp3,https://d19azau1un4t7r.cloudfront.net/content/expression-pronunciation-audio/4321/EN_US/sentence/0246e4a30307aa8e005f24a3fd439fc7961e204b1b9cd037e144ea36b88c5d7c.mp3,7
4321,66,66,4,a raincoat,EN_GB,https://d19azau1un4t7r.cloudfront.net/content/expression-pronunciation-audio/4321/EN_GB/expression/36c83ec46eb5eb7ff20f2476be11df9ee864c54b045cbac55f8fad6a2c522105.mp3,https://d19azau1un4t7r.cloudfront.net/content/expression-pronunciation-audio/4321/EN_GB/sentence/d8f6512cf9f000420799416a3c865cf6a7a484fc888f5a330bd7cbb588615201.mp3,7
4321,66,66,4,a raincoat,EN_AU,https://d19azau1un4t7r.cloudfront.net/content/expression-pronunciation-audio/4321/EN_AU/expression/c6beaf577c5f181b590a3122f4cc4e7e8b26b825e78c97012bf596838447d96c.mp3,https://d19azau1un4t7r.cloudfront.net/content/expression-pronunciation-audio/4321/EN_AU/sentence/e2d750ce0e2a2c4727e8ae9b47b196d9f2fa0004a0e58676f11e497042a0452b.mp3,7
4322,66,66,5,go hiking,EN_US,https://d19azau1un4t7r.cloudfront.net/content/expression-pronunciation-audio/4322/EN_US/expression/d174f7d5b81e78ec0d9c5b5958faa31601c8f7f66a70e091c48fcaa1b0a24cac.mp3,https://d19azau1un4t7r.cloudfront.net/content/expression-pronunciation-audio/4322/EN_US/sentence/5dd2581afaa1a2b5d819fd4f083b1a9d5f0c9be3574d8a77eab32dc0c7efa307.mp3,10
4322,66,66,5,go hiking,EN_GB,https://d19azau1un4t7r.cloudfront.net/content/expression-pronunciation-audio/4322/EN_GB/expression/73e4f4571b52449d1508789b56d44d78addf9158ac706e419d83d759b1a332bd.mp3,https://d19azau1un4t7r.cloudfront.net/content/expression-pronunciation-audio/4322/EN_GB/sentence/21e02aba2ae74d05e9dcdbf63313cc56f49abb2187aa9805c73cfa7b2c12f470.mp3,10
4322,66,66,5,go hiking,EN_AU,https://d19azau1un4t7r.cloudfront.net/content/expression-pronunciation-audio/4322/EN_AU/expression/23f9bf8fbabf010eb034540f53c3e20ac3ddb885e6631fa7f5daccfd6482c5c3.mp3,https://d19azau1un4t7r.cloudfront.net/content/expression-pronunciation-audio/4322/EN_AU/sentence/effd2b10164d8ad2939a357fe6213cadece23604a0421e9c4bbad19e701d4509.mp3,10
4323,66,66,6,the easy one,EN_US,https://d19azau1un4t7r.cloudfront.net/content/expression-pronunciation-audio/4323/EN_US/expression/bdff3e5e8015443fd246643ad1bdaea04defb15b26da8818a25a4173e040fb5c.mp3,https://d19azau1un4t7r.cloudfront.net/content/expression-pronunciation-audio/4323/EN_US/sentence/93be711d0bace01427d9223189733f5360bdf7ee853424d29b92880d3ed0962d.mp3,8
4323,66,66,6,the easy one,EN_GB,https://d19azau1un4t7r.cloudfront.net/content/expression-pronunciation-audio/4323/EN_GB/expression/3be3b72c0590fa2817c09517967f24ae10cf1271cac1b7d6d0da3d36c9749b36.mp3,https://d19azau1un4t7r.cloudfront.net/content/expression-pronunciation-audio/4323/EN_GB/sentence/8b230473f66a1454f31f91109b283195cae486b4f106bcc8777279b15fa00a8e.mp3,8
4323,66,66,6,the easy one,EN_AU,https://d19azau1un4t7r.cloudfront.net/content/expression-pronunciation-audio/4323/EN_AU/expression/b357e46878de3466a49657cf6a6c22fc5a4b90ea34ebb3d6045b9d935e45aa89.mp3,https://d19azau1un4t7r.cloudfront.net/content/expression-pronunciation-audio/4323/EN_AU/sentence/b02e80d0ce6ea007608fd1b00104df8dd5ab727418e68db9c25e8f3dbf118d60.mp3,8
4324,66,66,7,in my backpack,EN_US,https://d19azau1un4t7r.cloudfront.net/content/expression-pronunciation-audio/4324/EN_US/expression/7aa4946786fd1ec28d7c4d730b834e8674fd5787f7f6b2647bb39de0ca4971dd.mp3,https://d19azau1un4t7r.cloudfront.net/content/expression-pronunciation-audio/4324/EN_US/sentence/d6a6ab6c31cc1811eb92c35d0bff11a3d598d97a582cd461bec13137c1c69044.mp3,12
4324,66,66,7,in my backpack,EN_GB,https://d19azau1un4t7r.cloudfront.net/content/expression-pronunciation-audio/4324/EN_GB/expression/c351d846b2c71b7d75b48a6ba10c8cfbc4399fe23b54fb8a828e3f723cdbca12.mp3,https://d19azau1un4t7r.cloudfront.net/content/expression-pronunciation-audio/4324/EN_GB/sentence/ca6dba624be2a4e9eccf554979b8521ec09f8d77fc1ff8e239ce948060368aef.mp3,12
4324,66,66,7,in my backpack,EN_AU,https://d19azau1un4t7r.cloudfront.net/content/expression-pronunciation-audio/4324/EN_AU/expression/9b27c42c01fdb1d1cc6b86f27fa6939cf37bae799a0354479d9eecb6ec31bae8.mp3,https://d19azau1un4t7r.cloudfront.net/content/expression-pronunciation-audio/4324/EN_AU/sentence/8f8b57cf622acb46b810fe273599c5e15d0ef8f1f5568ce264f25a16876d4d6c.mp3,12
4325,66,66,8,enough water,EN_US,https://d19azau1un4t7r.cloudfront.net/content/expression-pronunciation-audio/4325/EN_US/expression/bb120df6aa19720d8ca791b4976566ea5986b531a3e09f4f2fd8b20a2ab8ea1d.mp3,https://d19azau1un4t7r.cloudfront.net/content/expression-pronunciation-audio/4325/EN_US/sentence/2c0698d957aab9cc880f7008f15e0da74a59d813e23f998f8469a51b73325a6c.mp3,11
4325,66,66,8,enough water,EN_GB,https://d19azau1un4t7r.cloudfront.net/content/expression-pronunciation-audio/4325/EN_GB/expression/9bf7a6ef50485d382738582bac4fcbd7d5c0e9960044882c564d3e8e229b5c89.mp3,https://d19azau1un4t7r.cloudfront.net/content/expression-pronunciation-audio/4325/EN_GB/sentence/b023cf826480156cabeea1ff67c419a4b502c3bb465dc3b27b51ac52ac6cedcc.mp3,11
4325,66,66,8,enough water,EN_AU,https://d19azau1un4t7r.cloudfront.net/content/expression-pronunciation-audio/4325/EN_AU/expression/4a349e8acf10756b4840d9547d149cbd20532119bfe24e262b4395bb74a38470.mp3,https://d19azau1un4t7r.cloudfront.net/content/expression-pronunciation-audio/4325/EN_AU/sentence/dcfe1aca33fab8eed57f0dd3ecc3bdb77b81abf230e968b270a860fa41a85302.mp3,11
4326,66,66,9,steep,EN_US,https://d19azau1un4t7r.cloudfront.net/content/expression-pronunciation-audio/4326/EN_US/expression/d1c9e146bcbf43e423f65e1afd96201bbbee8e62ae1f82a36bc0fd0af1c70bff.mp3,https://d19azau1un4t7r.cloudfront.net/content/expression-pronunciation-audio/4326/EN_US/sentence/77bbbbb1f36e51bef56af31cf1c55da905e6dfeb3d51b89ea940f8bc520bf7d2.mp3,11
4326,66,66,9,steep,EN_GB,https://d19azau1un4t7r.cloudfront.net/content/expression-pronunciation-audio/4326/EN_GB/expression/abad494d38fb4ffb504d04df660f363331d44e3d5f74dfa9fcf4a3f51e5c03d6.mp3,https://d19azau1un4t7r.cloudfront.net/content/expression-pronunciation-audio/4326/EN_GB/sentence/8991d73f01bd0f76830e2ad736c71046eb9ccdb1d2e72dbec9a0465f5b0663ba.mp3,11
4326,66,66,9,steep,EN_AU,https://d19azau1un4t7r.cloudfront.net/content/expression-pronunciation-audio/4326/EN_AU/expression/70b5dce8ee912538fca043bca2bf809e3a71fd5431d5925426b954b0647ed593.mp3,https://d19azau1un4t7r.cloudfront.net/content/expression-pronunciation-audio/4326/EN_AU/sentence/dc09644d005854e294948641205cf17c622daf268727ec60ab52a8ce55071671.mp3,11
4327,66,66,10,rain gear,EN_US,https://d19azau1un4t7r.cloudfront.net/content/expression-pronunciation-audio/4327/EN_US/expression/0b9b06a3639fed79bd9f958ac4b7a75af2d52cb6130a3b4fff987e6cbd90bdd1.mp3,https://d19azau1un4t7r.cloudfront.net/content/expression-pronunciation-audio/4327/EN_US/sentence/0024a33e4c0322248229ad1eb2e9bac4b67be695ba5b72ab6f28de9d943d4720.mp3,9
4327,66,66,10,rain gear,EN_GB,https://d19azau1un4t7r.cloudfront.net/content/expression-pronunciation-audio/4327/EN_GB/expression/930db015526ca14e41539c7d547e7763ea7565b649d6469e7bf52018f719541c.mp3,https://d19azau1un4t7r.cloudfront.net/content/expression-pronunciation-audio/4327/EN_GB/sentence/5c73f69f49a6e1c3770ca5ca4113aca693c56b166006a5c2b186f6dad35e2e5f.mp3,9
4327,66,66,10,rain gear,EN_AU,https://d19azau1un4t7r.cloudfront.net/content/expression-pronunciation-audio/4327/EN_AU/expression/2dfd24eff7ff118d5996b9b205403597e6bddcb8786417b0a1a201887512a6b2.mp3,https://d19azau1un4t7r.cloudfront.net/content/expression-pronunciation-audio/4327/EN_AU/sentence/614ac2d0338f9f360fe213fc8b3ac0c3889c41fe39afaf24cb188ff7ab381295.mp3,9
4328,66,66,11,make it to the top,EN_US,https://d19azau1un4t7r.cloudfront.net/content/expression-pronunciation-audio/4328/EN_US/expression/50e5ed42da97a5991796bbda2562081da9ac041b310e55b37eeed9d6ebf91a6a.mp3,https://d19azau1un4t7r.cloudfront.net/content/expression-pronunciation-audio/4328/EN_US/sentence/2b87dc0804d74250b95462f46571b91919103f2ae25bdcf23524bf49503d732f.mp3,12
4328,66,66,11,make it to the top,EN_GB,https://d19azau1un4t7r.cloudfront.net/content/expression-pronunciation-audio/4328/EN_GB/expression/fba0a212df77059296e9824c714f6c8d15f34bb87fd4736efbfaf3802e4cc971.mp3,https://d19azau1un4t7r.cloudfront.net/content/expression-pronunciation-audio/4328/EN_GB/sentence/239ddca4390a1f017b113058a6866c48d80653c6ef96c562bbdc197223c91f09.mp3,12
4328,66,66,11,make it to the top,EN_AU,https://d19azau1un4t7r.cloudfront.net/content/expression-pronunciation-audio/4328/EN_AU/expression/fed92f37f980670532f9f9d6cce2cc88deabde2083ea2a35c69ea70adf5c4bb5.mp3,https://d19azau1un4t7r.cloudfront.net/content/expression-pronunciation-audio/4328/EN_AU/sentence/63a7a868258e71b9c7abcc9c449c3afecf415797dbf67c3c230809e9f48ec274.mp3,12
